latitude,longitude,datetime,temp,feelslikemax,feelslikemin,dew,humidity,precip,precipprob,precipcover,windspeed,windspeedmean,winddir,sealevelpressure,cloudcover,visibility,solarradiation,solarenergy,uvindex
13.082,80.275,2010-01-01,25.1,32.1,22.1,21.9,83.3,0.0,0,0.0,18.4,7.8,42.7,1012.7,30.8,4.7,,,
13.082,80.275,2010-01-02,25.1,31.4,21.1,22.0,83.5,0.2,100,8.33,16.6,8.0,33.3,1013.8,50.0,3.9,,,
13.082,80.275,2010-01-03,25.1,29.7,22.1,20.3,75.3,0.0,0,0.0,18.4,10.0,40.8,1014.1,49.6,4.0,,,
13.082,80.275,2010-01-04,23.6,29.7,21.1,19.7,79.9,0.0,0,0.0,14.8,5.3,23.3,1012.8,50.2,3.8,,,
13.082,80.275,2010-01-05,23.8,30.4,20.1,20.0,81.2,0.0,0,0.0,13.0,5.5,52.7,1011.1,26.2,4.4,,,
13.082,80.275,2010-01-06,24.4,30.4,21.1,20.3,79.3,0.0,0,0.0,22.3,8.0,32.2,1011.1,33.1,4.3,,,
13.082,80.275,2010-01-07,25.8,30.2,23.1,20.7,74.3,0.1,100,4.17,20.5,12.2,35.5,1011.9,47.5,4.7,,,
13.082,80.275,2010-01-08,23.9,25.3,23.1,22.2,90.7,3.0,100,8.33,16.9,10.4,356.6,1012.3,89.6,2.4,,,
13.082,80.275,2010-01-09,24.6,32.1,23.1,22.8,90.0,0.2,100,8.33,18.4,9.5,352.8,1011.9,86.8,3.4,,,
13.082,80.275,2010-01-10,25.4,33.7,23.1,23.0,87.1,0.1,100,4.17,14.8,6.7,15.7,1012.8,54.3,4.0,,,
13.082,80.275,2010-01-11,26.7,36.7,24.1,24.1,86.6,0.2,100,4.17,18.4,7.7,61.1,1014.0,48.6,5.3,,,
13.082,80.275,2010-01-12,26.9,35.6,24.1,23.6,82.8,0.0,0,0.0,18.4,8.0,73.9,1014.2,40.2,5.9,,,
13.082,80.275,2010-01-13,27.2,36.7,24.1,24.1,83.8,0.6,100,8.33,14.8,8.5,94.6,1014.7,45.2,5.5,,,
13.082,80.275,2010-01-14,27.0,34.3,24.1,23.5,81.7,0.0,0,0.0,16.6,9.7,66.9,1015.8,47.9,6.5,,,
13.082,80.275,2010-01-15,26.4,30.9,23.1,21.5,75.3,0.0,0,0.0,24.1,12.8,49.5,1017.1,42.5,6.1,,,
13.082,80.275,2010-01-16,25.6,31.4,22.1,20.7,76.0,0.0,0,0.0,24.1,9.0,36.4,1018.0,39.7,5.2,,,
13.082,80.275,2010-01-17,25.7,32.1,22.1,21.8,80.2,0.0,0,0.0,22.3,7.9,67.4,1017.9,41.9,5.9,,,
13.082,80.275,2010-01-18,25.8,32.6,23.1,22.3,81.8,0.5,100,12.5,16.6,7.7,63.6,1016.9,43.1,5.3,,,
13.082,80.275,2010-01-19,25.6,31.4,23.1,21.9,81.4,0.1,100,4.17,22.3,7.5,48.8,1014.8,40.0,4.2,,,
13.082,80.275,2010-01-20,25.1,30.4,22.1,19.9,75.2,0.0,0,0.0,24.1,9.1,60.7,1015.6,26.7,4.7,,,
13.082,80.275,2010-01-21,24.3,28.9,20.1,17.2,67.4,0.0,0,0.0,29.5,9.4,35.0,1015.1,20.4,5.9,,,
13.082,80.275,2010-01-22,23.7,29.9,19.1,17.7,70.7,0.0,0,0.0,18.4,9.5,11.9,1014.6,35.8,4.9,,,
13.082,80.275,2010-01-23,23.7,28.9,19.1,18.2,72.2,0.0,0,0.0,20.5,7.7,13.5,1014.7,38.7,4.8,,,
13.082,80.275,2010-01-24,24.4,28.9,20.1,20.1,77.7,0.3,100,8.33,18.4,7.3,33.7,1013.6,43.4,4.3,,,
13.082,80.275,2010-01-25,25.0,31.4,21.1,20.3,76.5,0.0,0,0.0,18.4,8.4,43.8,1013.9,37.9,5.4,,,
13.082,80.275,2010-01-26,25.7,31.9,22.1,20.9,76.5,0.0,0,0.0,20.5,10.0,35.4,1014.3,43.4,6.0,,,
13.082,80.275,2010-01-27,25.3,31.4,22.1,22.4,84.5,2.0,100,4.17,22.3,9.6,40.9,1014.5,46.7,5.2,,,
13.082,80.275,2010-01-28,25.3,32.1,21.1,21.5,80.7,0.0,0,0.0,22.3,10.9,56.6,1015.1,42.4,5.7,,,
13.082,80.275,2010-01-29,25.1,30.9,22.1,20.5,76.7,0.0,0,0.0,22.3,9.1,58.9,1015.2,46.1,5.6,,,
13.082,80.275,2010-01-30,24.8,30.9,20.1,19.8,76.1,0.0,0,0.0,24.1,10.3,46.5,1015.2,32.2,4.9,,,
13.082,80.275,2010-01-31,24.8,30.4,21.1,19.6,74.4,0.0,0,0.0,22.3,8.2,61.0,1015.2,28.3,5.5,,,
13.082,80.275,2010-02-01,24.3,29.9,20.1,19.5,76.2,0.0,0,0.0,18.4,7.9,59.8,1015.1,44.6,4.5,,,
13.082,80.275,2010-02-02,24.4,29.9,19.1,19.0,73.1,0.0,0,0.0,22.3,10.8,59.9,1014.6,41.1,5.9,,,
13.082,80.275,2010-02-03,24.4,29.5,20.1,18.4,71.4,0.0,0,0.0,18.4,9.0,53.3,1014.3,30.7,5.3,,,
13.082,80.275,2010-02-04,24.2,29.5,20.1,18.6,73.2,0.0,0,0.0,20.5,9.1,63.3,1014.5,40.6,5.5,,,
13.082,80.275,2010-02-05,24.7,30.4,20.1,19.3,73.9,0.0,0,0.0,20.5,8.9,71.3,1015.2,39.3,5.0,,,
13.082,80.275,2010-02-06,24.8,30.9,21.1,20.4,77.8,0.0,0,0.0,18.4,8.3,45.8,1015.6,33.0,5.5,,,
13.082,80.275,2010-02-07,25.2,30.4,21.1,19.9,74.7,0.0,0,0.0,18.4,7.0,46.8,1015.5,35.9,5.2,,,
13.082,80.275,2010-02-08,24.2,29.2,20.1,18.5,73.5,0.0,0,0.0,20.5,7.5,56.3,1013.4,23.0,5.3,,,
13.082,80.275,2010-02-09,24.2,30.9,20.1,19.5,76.6,0.0,0,0.0,16.6,7.0,76.8,1012.3,33.7,4.5,,,
13.082,80.275,2010-02-10,25.1,31.4,22.1,20.4,76.3,0.0,0,0.0,16.6,7.2,84.0,1012.0,30.9,6.1,,,
13.082,80.275,2010-02-11,25.9,31.4,23.1,21.7,78.3,0.0,0,0.0,18.4,9.5,65.1,1013.5,76.4,5.1,,,
13.082,80.275,2010-02-12,26.1,34.3,23.1,22.8,82.7,0.0,0,0.0,22.3,9.4,70.9,1014.0,53.8,5.2,,,
13.082,80.275,2010-02-13,26.2,33.4,24.1,22.3,80.3,0.0,0,0.0,18.4,10.0,67.0,1012.7,48.3,5.5,,,
13.082,80.275,2010-02-14,25.8,32.6,22.1,21.9,79.8,0.0,0,0.0,16.6,7.1,97.5,1011.8,47.3,5.2,,,
13.082,80.275,2010-02-15,26.6,34.3,23.1,22.6,79.8,0.0,0,0.0,18.4,8.7,112.6,1011.7,52.3,4.5,,,
13.082,80.275,2010-02-16,26.6,32.6,23.1,21.8,75.8,0.0,0,0.0,14.8,8.3,96.3,1012.9,44.8,6.2,,,
13.082,80.275,2010-02-17,26.8,35.6,23.1,22.8,79.7,0.0,0,0.0,18.4,9.5,101.6,1013.0,36.1,6.1,,,
13.082,80.275,2010-02-18,27.4,35.6,24.0,22.9,78.0,0.0,0,0.0,18.4,8.0,116.3,1012.9,51.0,6.0,,,
13.082,80.275,2010-02-19,26.6,34.3,23.1,22.6,79.3,0.0,0,0.0,16.6,9.4,139.5,1013.7,60.9,6.5,,,
13.082,80.275,2010-02-20,26.5,34.7,23.1,22.4,79.3,0.0,0,0.0,20.5,8.9,124.6,1013.7,23.4,6.0,,,
13.082,80.275,2010-02-21,27.0,35.6,23.1,23.1,80.4,0.0,0,0.0,18.4,9.0,138.9,1013.9,37.1,5.3,,,
13.082,80.275,2010-02-22,27.5,35.6,24.1,22.9,77.3,0.0,0,0.0,22.3,11.2,120.2,1012.9,29.7,6.7,,,
13.082,80.275,2010-02-23,27.7,37.1,24.1,23.1,77.6,0.0,0,0.0,16.9,10.6,178.1,1011.4,18.2,6.3,,,
13.082,80.275,2010-02-24,28.1,36.9,25.3,23.6,77.4,0.0,0,0.0,24.1,14.7,170.7,1010.3,25.1,5.7,,,
13.082,80.275,2010-02-25,28.4,38.2,25.6,24.2,78.8,0.0,0,0.0,22.3,11.0,151.3,1010.5,48.7,5.7,,,
13.082,80.275,2010-02-26,28.0,35.9,25.1,23.3,76.7,0.0,0,0.0,18.4,11.4,145.9,1011.7,39.3,6.2,,,
13.082,80.275,2010-02-27,27.4,35.9,23.1,22.9,78.2,0.0,0,0.0,18.4,9.0,110.0,1011.8,31.3,5.9,,,
13.082,80.275,2010-02-28,27.9,39.6,23.1,23.1,77.6,0.0,0,0.0,14.8,9.4,165.5,1012.1,28.5,5.5,,,
13.082,80.275,2010-03-01,28.1,35.4,24.0,21.7,71.7,0.0,0,0.0,18.4,8.1,137.5,1012.9,31.4,6.8,,,
13.082,80.275,2010-03-02,27.5,34.7,23.9,20.2,68.7,0.0,0,0.0,18.4,8.3,155.8,1012.3,26.1,7.0,,,
13.082,80.275,2010-03-03,26.1,35.0,21.1,20.6,73.3,0.0,0,0.0,22.3,10.2,165.1,1010.9,9.0,6.1,,,
13.082,80.275,2010-03-04,26.6,35.0,22.1,21.2,74.0,0.0,0,0.0,22.3,9.6,173.0,1010.4,7.6,6.0,,,
13.082,80.275,2010-03-05,27.8,37.1,23.1,22.3,74.0,0.0,0,0.0,22.3,10.5,177.4,1010.4,9.3,6.0,,,
13.082,80.275,2010-03-06,28.6,43.7,25.1,24.9,81.3,0.0,0,0.0,25.9,14.5,175.5,1010.7,0.4,5.7,,,
13.082,80.275,2010-03-07,29.3,43.7,26.1,25.3,80.6,0.0,0,0.0,22.3,11.9,149.0,1010.9,20.4,5.9,,,
13.082,80.275,2010-03-08,28.6,39.4,26.1,24.2,78.5,0.0,0,0.0,18.4,9.9,141.9,1011.5,27.6,6.3,,,
13.082,80.275,2010-03-09,28.1,37.1,24.1,23.0,75.4,0.0,0,0.0,18.4,11.2,156.9,1012.9,20.5,6.2,,,
13.082,80.275,2010-03-10,28.0,38.0,24.1,23.8,79.1,0.0,0,0.0,18.4,9.0,117.4,1014.0,33.9,6.4,,,
13.082,80.275,2010-03-11,27.9,36.9,24.1,23.6,78.4,0.0,0,0.0,16.6,8.1,85.6,1014.9,36.4,6.4,,,
13.082,80.275,2010-03-12,28.2,35.9,24.1,23.2,76.0,0.0,0,0.0,18.4,8.4,92.9,1015.6,36.6,6.1,,,
13.082,80.275,2010-03-13,27.8,36.9,24.1,23.6,78.7,0.0,0,0.0,18.4,7.6,116.1,1014.0,56.7,4.6,,,
13.082,80.275,2010-03-14,28.4,38.0,24.1,23.9,78.3,0.0,0,0.0,22.3,9.6,182.8,1011.7,54.1,5.5,,,
13.082,80.275,2010-03-15,29.1,38.7,24.1,22.9,73.1,0.0,0,0.0,18.4,10.1,172.2,1010.5,8.7,6.0,,,
13.082,80.275,2010-03-16,29.1,40.7,25.1,24.7,78.7,0.0,0,0.0,20.5,9.7,178.0,1011.5,35.4,6.3,,,
13.082,80.275,2010-03-17,28.7,37.1,25.1,24.0,77.3,0.0,0,0.0,22.3,9.8,119.0,1013.2,43.8,6.7,,,
13.082,80.275,2010-03-18,28.1,36.9,24.1,23.8,78.8,0.0,0,0.0,20.5,8.5,77.1,1014.7,38.5,6.5,,,
13.082,80.275,2010-03-19,28.2,37.1,24.1,23.1,77.2,0.0,0,0.0,18.4,7.5,74.4,1012.8,45.8,5.3,,,
13.082,80.275,2010-03-20,29.0,37.5,24.1,22.8,73.8,0.0,0,0.0,14.8,8.2,136.6,1011.1,30.9,5.9,,,
13.082,80.275,2010-03-21,28.9,40.8,24.1,22.8,74.4,0.0,0,0.0,14.8,7.6,145.2,1009.6,29.5,4.7,,,
13.082,80.275,2010-03-22,28.7,38.7,24.1,22.8,73.9,0.0,0,0.0,22.3,10.7,178.7,1007.8,9.2,5.8,,,
13.082,80.275,2010-03-23,28.7,39.5,24.1,23.9,77.4,0.0,0,0.0,24.1,12.3,169.8,1006.2,16.6,5.3,,,
13.082,80.275,2010-03-24,28.7,38.2,25.1,23.8,76.6,0.0,0,0.0,24.1,12.4,166.4,1007.5,17.3,5.6,,,
13.082,80.275,2010-03-25,28.9,39.4,25.1,23.8,75.2,0.0,0,0.0,22.3,11.1,157.6,1008.2,12.9,5.9,,,
13.082,80.275,2010-03-26,29.1,38.7,24.1,23.7,74.6,0.0,0,0.0,25.9,12.9,163.5,1008.6,20.8,5.9,,,
13.082,80.275,2010-03-27,30.4,42.1,26.1,25.6,77.0,0.2,100,8.33,24.1,13.3,151.5,1009.1,26.3,6.7,,,
13.082,80.275,2010-03-28,30.6,42.0,33.5,25.2,74.6,0.2,100,8.33,20.5,13.3,159.8,1009.7,44.9,5.8,,,
13.082,80.275,2010-03-29,30.4,42.1,31.4,25.3,76.1,0.3,100,12.5,25.9,14.5,169.8,1010.0,31.0,6.2,,,
13.082,80.275,2010-03-30,31.1,43.3,33.7,25.2,73.1,0.0,0,0.0,25.9,18.5,169.6,1009.5,20.0,6.0,,,
13.082,80.275,2010-03-31,31.4,45.5,34.3,25.8,73.7,0.0,0,0.0,24.1,17.7,186.7,1009.0,22.8,6.1,,,
13.082,80.275,2010-04-01,31.3,45.1,33.7,26.2,76.1,0.0,0,0.0,22.3,14.3,180.0,1007.6,1.4,5.8,,,
13.082,80.275,2010-04-02,31.7,44.7,35.8,25.6,72.0,0.0,0,0.0,24.1,16.7,175.4,1008.1,28.6,5.4,,,
13.082,80.275,2010-04-03,30.8,43.5,33.7,26.0,76.9,0.0,0,0.0,25.9,15.4,168.6,1009.2,26.3,5.7,,,
13.082,80.275,2010-04-04,30.2,40.7,31.8,25.0,74.6,0.0,0,0.0,20.5,13.3,165.5,1010.4,22.0,7.0,,,
13.082,80.275,2010-04-05,29.9,43.5,25.1,25.2,77.2,0.0,0,0.0,20.5,10.6,156.7,1009.5,33.5,6.0,,,
13.082,80.275,2010-04-06,30.0,39.9,32.6,25.5,77.4,0.0,0,0.0,20.2,14.2,172.9,1008.8,87.4,,,,
13.082,80.275,2010-04-07,30.0,39.4,32.6,25.3,76.8,0.0,0,0.0,16.9,12.6,156.7,1010.0,84.2,,,,
13.082,80.275,2010-04-08,30.0,38.8,32.5,25.7,77.8,0.0,0,0.0,15.8,10.8,139.1,1011.6,95.7,,,,
13.082,80.275,2010-04-09,30.7,45.1,34.7,26.0,76.8,0.0,0,0.0,24.1,13.6,167.1,1010.2,72.0,7.6,,,
13.082,80.275,2010-04-10,30.2,40.7,31.4,25.0,75.4,0.0,0,0.0,22.3,17.0,183.5,1007.2,49.9,5.0,,,
13.082,80.275,2010-04-11,30.1,40.7,32.3,25.4,76.9,0.0,0,0.0,22.0,19.4,179.7,1006.5,50.5,6.0,,,
13.082,80.275,2010-04-12,30.7,40.9,34.9,25.8,76.6,0.0,0,0.0,22.7,19.6,176.8,1006.7,38.6,6.0,,,
13.082,80.275,2010-04-13,30.7,44.0,35.9,26.5,79.0,0.0,0,0.0,25.9,20.3,172.3,1007.2,53.8,6.5,,,
13.082,80.275,2010-04-14,31.6,46.4,37.0,26.3,75.6,0.0,0,0.0,25.9,16.7,162.9,1007.5,35.7,6.3,,,
13.082,80.275,2010-04-15,30.8,45.5,37.0,26.9,80.2,0.0,0,0.0,22.3,12.4,152.1,1009.0,56.2,5.9,,,
13.082,80.275,2010-04-16,31.1,42.0,35.6,25.4,73.7,0.0,0,0.0,24.1,16.3,149.1,1009.4,45.8,6.5,,,
13.082,80.275,2010-04-17,31.2,45.1,32.0,26.1,75.8,0.0,0,0.0,27.7,15.0,156.4,1009.9,38.4,6.3,,,
13.082,80.275,2010-04-18,31.2,44.8,34.6,26.1,75.4,0.0,0,0.0,25.9,17.8,164.7,1009.3,41.8,6.7,,,
13.082,80.275,2010-04-19,31.9,44.8,33.7,25.6,71.5,0.0,0,0.0,25.9,17.2,176.3,1008.1,48.3,6.5,,,
13.082,80.275,2010-04-20,32.3,49.6,37.0,26.7,73.7,0.0,0,0.0,25.9,18.0,178.1,1006.1,38.9,6.3,,,
13.082,80.275,2010-04-21,32.0,48.3,34.3,26.0,71.6,0.0,0,0.0,25.9,17.2,175.0,1006.6,45.7,6.0,,,
13.082,80.275,2010-04-22,31.6,45.1,33.7,25.3,70.2,0.0,0,0.0,25.9,16.4,159.2,1007.8,48.0,7.0,,,
13.082,80.275,2010-04-23,31.0,45.1,34.7,26.2,76.6,0.0,0,0.0,25.9,17.2,155.5,1008.5,40.7,7.4,,,
13.082,80.275,2010-04-24,31.3,45.1,30.8,25.9,73.9,0.0,0,0.0,25.9,13.9,146.1,1008.5,39.5,6.3,,,
13.082,80.275,2010-04-25,31.3,43.5,33.7,25.7,73.5,0.0,0,0.0,27.7,16.2,155.0,1007.9,48.2,6.2,,,
13.082,80.275,2010-04-26,31.3,43.5,34.7,26.1,75.0,0.1,100,4.17,25.9,13.6,143.0,1010.2,45.9,6.3,,,
13.082,80.275,2010-04-27,31.4,45.1,34.7,26.4,75.8,0.0,0,0.0,25.9,15.0,157.3,1011.1,52.9,6.5,,,
13.082,80.275,2010-04-28,31.4,43.5,34.7,25.9,74.1,0.0,0,0.0,24.1,14.1,162.4,1010.1,52.5,7.0,,,
13.082,80.275,2010-04-29,31.4,42.1,37.0,25.9,73.7,0.0,0,0.0,24.1,14.4,147.2,1009.2,42.5,7.0,,,
13.082,80.275,2010-04-30,30.7,42.1,25.1,25.6,75.6,0.6,100,4.17,27.7,13.4,137.3,1009.6,53.4,6.7,,,
13.082,80.275,2010-05-01,28.5,38.2,25.1,24.1,78.8,12.4,100,8.33,16.6,8.8,188.0,1010.2,80.4,5.8,,,
13.082,80.275,2010-05-02,30.0,42.1,26.1,25.3,77.2,0.0,0,0.0,20.5,9.3,113.0,1008.5,44.3,6.6,,,
13.082,80.275,2010-05-03,30.8,45.1,31.4,25.9,76.3,0.0,0,0.0,22.3,11.9,160.6,1006.6,64.0,7.0,,,
13.082,80.275,2010-05-04,31.6,46.9,34.7,26.4,75.3,0.0,0,0.0,24.1,12.9,134.0,1005.2,55.8,7.0,,,
13.082,80.275,2010-05-05,30.4,40.9,26.1,24.1,70.8,0.1,100,4.17,24.1,13.1,178.3,1004.5,44.4,6.7,,,
13.082,80.275,2010-05-06,31.7,49.6,32.0,27.0,77.8,0.0,0,0.0,27.7,12.5,129.5,1004.4,35.6,5.4,,,
13.082,80.275,2010-05-07,32.0,46.9,37.0,26.9,76.1,0.0,0,0.0,22.3,13.3,156.7,1004.9,37.5,5.8,,,
13.082,80.275,2010-05-08,31.7,46.9,34.7,26.7,75.9,0.0,0,0.0,22.3,13.0,157.5,1005.8,23.2,6.7,,,
13.082,80.275,2010-05-09,31.7,46.4,34.7,26.0,73.4,0.0,0,0.0,24.1,14.1,181.0,1005.2,45.8,6.3,,,
13.082,80.275,2010-05-10,32.5,49.1,37.0,26.0,70.2,0.0,0,0.0,22.3,15.3,170.4,1004.4,57.1,6.5,,,
13.082,80.275,2010-05-11,32.5,47.5,37.0,26.8,73.5,0.0,0,0.0,24.1,17.5,177.5,1004.7,44.0,6.5,,,
13.082,80.275,2010-05-12,32.4,47.8,39.0,26.7,73.3,0.0,0,0.0,25.9,17.6,169.1,1005.3,44.3,6.6,,,
13.082,80.275,2010-05-13,32.5,47.5,37.0,26.6,73.1,0.0,0,0.0,25.9,15.9,172.6,1005.2,37.5,6.3,,,
13.082,80.275,2010-05-14,32.2,47.8,38.4,26.9,75.2,0.0,0,0.0,27.7,16.7,168.3,1005.2,43.8,6.7,,,
13.082,80.275,2010-05-15,32.0,48.3,37.0,27.1,76.8,0.0,0,0.0,22.3,13.6,149.9,1004.8,42.5,6.3,,,
13.082,80.275,2010-05-16,32.3,46.4,37.0,26.1,72.0,0.0,0,0.0,24.1,14.2,170.0,1004.2,47.4,6.5,,,
13.082,80.275,2010-05-17,32.2,47.8,38.6,27.3,76.0,0.0,0,0.0,24.1,14.1,140.1,1004.0,67.2,5.5,,,
13.082,80.275,2010-05-18,30.7,43.5,32.8,26.3,78.1,0.1,100,4.17,20.5,10.9,1.0,1002.8,80.4,5.0,,,
13.082,80.275,2010-05-19,25.8,33.7,24.1,23.9,89.8,144.9,100,12.5,33.5,24.6,261.4,1000.1,98.3,2.8,,,
13.082,80.275,2010-05-20,27.6,36.7,25.1,23.2,77.0,0.2,100,4.17,31.3,19.1,218.5,1000.7,90.4,5.1,,,
13.082,80.275,2010-05-21,30.7,43.7,25.1,24.6,71.6,0.0,0,0.0,25.9,17.6,225.6,1003.1,68.8,5.9,,,
13.082,80.275,2010-05-22,31.4,43.7,32.9,25.8,73.6,0.0,0,0.0,24.1,15.6,188.5,1004.2,41.7,6.4,,,
13.082,80.275,2010-05-23,32.1,48.3,34.7,26.4,74.1,0.0,0,0.0,24.1,17.1,203.3,1003.6,48.3,5.9,,,
13.082,80.275,2010-05-24,32.6,47.5,35.8,26.2,70.5,0.0,0,0.0,25.9,16.9,203.3,1003.0,49.2,6.6,,,
13.082,80.275,2010-05-25,32.9,48.8,37.0,26.6,71.4,0.0,0,0.0,22.3,17.2,212.9,1002.9,21.0,7.3,,,
13.082,80.275,2010-05-26,33.7,45.1,34.7,24.6,62.1,0.0,0,0.0,25.9,17.2,235.3,1003.0,50.0,7.3,,,
13.082,80.275,2010-05-27,33.6,46.1,35.2,24.2,61.5,0.0,0,0.0,27.7,18.7,233.1,1003.2,24.2,6.6,,,
13.082,80.275,2010-05-28,33.0,48.3,35.8,26.0,68.9,0.0,0,0.0,22.3,17.1,205.3,1004.4,39.4,7.2,,,
13.082,80.275,2010-05-29,33.5,49.1,32.9,25.5,64.8,0.0,0,0.0,22.3,14.8,210.1,1004.8,32.1,7.2,,,
13.082,80.275,2010-05-30,32.7,44.8,32.1,24.1,61.7,0.0,0,0.0,24.1,14.9,209.8,1005.1,28.8,6.7,,,
13.082,80.275,2010-05-31,32.1,46.0,30.8,23.4,62.0,0.0,0,0.0,22.3,16.0,211.9,1005.4,48.2,6.2,,,
13.082,80.275,2010-06-01,32.2,46.4,30.9,23.6,61.4,0.0,0,0.0,24.1,13.1,196.4,1005.9,30.1,6.5,,,
13.082,80.275,2010-06-02,32.3,46.4,33.7,25.1,66.7,0.0,0,0.0,18.4,12.8,185.9,1007.0,29.7,6.2,,,
13.082,80.275,2010-06-03,33.5,47.8,37.6,25.7,65.5,0.0,0,0.0,20.5,13.4,200.5,1007.5,32.5,7.0,,,
13.082,80.275,2010-06-04,33.5,50.5,37.6,26.3,67.6,0.0,0,0.0,22.3,15.4,200.7,1007.2,30.6,7.1,,,
13.082,80.275,2010-06-05,31.5,42.6,30.2,23.8,64.9,1.0,100,4.17,25.9,15.0,245.4,1007.1,72.0,6.8,,,
13.082,80.275,2010-06-06,29.5,40.2,30.8,24.4,74.8,27.0,100,12.5,24.1,16.3,226.1,1004.8,87.7,5.0,,,
13.082,80.275,2010-06-07,30.2,40.7,31.4,24.0,70.1,0.1,100,4.17,27.7,20.6,243.0,1004.3,91.7,5.9,,,
13.082,80.275,2010-06-08,31.9,43.5,30.8,24.0,64.2,0.1,100,4.17,22.3,13.1,251.9,1003.6,75.5,6.1,,,
13.082,80.275,2010-06-09,28.3,36.3,26.1,25.5,85.3,2.5,100,8.33,18.4,9.2,235.5,1003.4,91.6,4.7,,,
13.082,80.275,2010-06-10,28.9,40.8,30.2,25.7,82.8,0.9,100,4.17,20.5,7.1,258.1,1002.9,87.9,3.7,,,
13.082,80.275,2010-06-11,26.6,32.8,25.1,25.2,92.3,2.0,100,4.17,22.3,8.6,252.1,1002.8,97.5,4.0,,,
13.082,80.275,2010-06-12,28.4,36.7,26.1,25.2,83.2,3.0,100,4.17,20.5,9.6,253.8,1001.9,84.6,5.4,,,
13.082,80.275,2010-06-13,29.9,40.7,26.1,24.8,75.7,0.0,0,0.0,27.7,15.6,215.3,1003.4,64.5,7.3,,,
13.082,80.275,2010-06-14,30.6,40.8,32.1,24.9,73.0,0.0,0,0.0,27.7,14.9,203.6,1006.0,77.9,6.0,,,
13.082,80.275,2010-06-15,31.4,42.1,31.4,24.4,68.2,0.1,100,4.17,27.7,15.4,208.9,1006.3,62.1,6.3,,,
13.082,80.275,2010-06-16,29.5,40.8,30.8,25.3,78.6,0.0,0,0.0,22.3,13.4,192.2,1007.1,78.3,5.6,,,
13.082,80.275,2010-06-17,30.1,39.3,32.8,25.6,77.7,0.0,0,0.0,18.4,14.7,204.8,1006.7,83.3,6.2,,,
13.082,80.275,2010-06-18,29.6,40.8,29.3,24.5,74.4,0.2,100,4.17,27.7,14.0,184.4,1006.5,77.9,6.5,,,
13.082,80.275,2010-06-19,30.3,44.0,29.7,24.9,73.9,0.0,0,0.0,24.1,17.0,190.4,1006.1,66.7,7.1,,,
13.082,80.275,2010-06-20,30.6,43.7,29.7,25.2,74.5,0.0,0,0.0,22.3,14.2,185.4,1006.9,58.3,6.5,,,
13.082,80.275,2010-06-21,30.1,43.7,32.8,25.7,78.1,0.0,0,0.0,20.5,11.1,164.3,1007.1,55.8,6.3,,,
13.082,80.275,2010-06-22,30.8,43.4,26.1,24.8,72.5,1.0,100,4.17,24.1,15.5,218.2,1005.0,63.3,6.3,,,
13.082,80.275,2010-06-23,30.2,43.4,29.7,24.0,71.1,11.0,100,4.17,22.3,15.4,231.7,1004.0,69.6,6.8,,,
13.082,80.275,2010-06-24,30.3,39.6,29.7,22.8,65.5,0.0,0,0.0,27.7,17.9,242.1,1003.1,79.6,6.3,,,
13.082,80.275,2010-06-25,30.2,40.9,29.3,23.6,69.5,2.0,100,4.17,29.5,13.4,249.1,1002.0,63.8,6.3,,,
13.082,80.275,2010-06-26,30.4,43.3,26.1,24.1,71.3,39.0,100,8.33,25.9,14.3,236.9,1002.3,75.3,6.8,,,
13.082,80.275,2010-06-27,30.7,43.7,31.4,25.2,74.3,0.5,100,4.17,22.3,13.6,198.9,1003.7,66.1,7.1,,,
13.082,80.275,2010-06-28,29.1,40.8,23.1,25.6,82.3,10.0,100,4.17,22.3,13.0,183.3,1004.3,66.0,5.8,,,
13.082,80.275,2010-06-29,30.7,44.8,26.1,25.2,73.8,0.0,0,0.0,22.3,14.4,220.6,1003.7,46.7,6.8,,,
13.082,80.275,2010-06-30,30.9,42.1,32.8,25.4,73.7,0.0,0,0.0,22.3,13.5,222.5,1003.0,70.3,6.1,,,
13.082,80.275,2010-07-01,30.1,38.2,31.4,23.9,69.9,0.9,100,8.33,22.3,13.3,233.9,1002.6,88.8,6.2,,,
13.082,80.275,2010-07-02,30.5,38.4,30.2,22.3,62.5,0.3,100,4.17,24.1,14.9,232.4,1003.0,70.4,6.6,,,
13.082,80.275,2010-07-03,31.0,39.6,30.2,22.4,61.5,0.0,0,0.0,27.7,16.1,218.7,1003.3,61.7,6.8,,,
13.082,80.275,2010-07-04,30.3,38.4,30.8,23.4,67.6,1.0,100,4.17,22.3,12.7,204.3,1004.4,84.1,6.1,,,
13.082,80.275,2010-07-05,29.5,42.1,26.1,25.3,80.7,14.0,100,4.17,18.4,10.2,226.0,1005.0,65.5,5.7,,,
13.082,80.275,2010-07-06,28.7,37.6,26.1,24.7,80.0,0.6,100,4.17,18.4,7.3,191.6,1006.6,80.0,5.8,,,
13.082,80.275,2010-07-07,28.4,39.4,26.1,24.7,81.2,0.3,100,4.17,18.4,8.5,189.6,1007.5,92.9,5.1,,,
13.082,80.275,2010-07-08,27.1,34.2,25.1,25.4,90.8,2.0,100,4.17,14.8,9.4,179.9,1009.2,87.4,4.7,,,
13.082,80.275,2010-07-09,28.4,39.3,26.1,25.0,82.8,0.5,100,4.17,18.4,8.0,205.7,1008.5,49.3,6.0,,,
13.082,80.275,2010-07-10,29.1,40.8,25.1,25.2,80.2,0.0,0,0.0,24.1,12.8,191.4,1008.2,45.0,6.0,,,
13.082,80.275,2010-07-11,29.7,39.6,25.1,24.3,74.5,0.0,0,0.0,22.3,14.7,203.8,1008.1,51.7,6.8,,,
13.082,80.275,2010-07-12,29.8,43.5,26.1,25.0,76.3,0.1,100,4.17,20.5,10.8,209.8,1007.3,74.2,5.8,,,
13.082,80.275,2010-07-13,28.4,40.7,23.1,24.7,82.0,31.9,100,8.33,18.4,13.0,235.3,1007.3,78.1,5.8,,,
13.082,80.275,2010-07-14,30.8,40.8,26.1,24.1,69.7,0.0,0,0.0,18.4,13.4,250.4,1005.7,60.8,6.4,,,
13.082,80.275,2010-07-15,30.7,42.0,30.2,24.2,69.5,0.0,0,0.0,24.1,13.5,235.1,1003.7,60.4,6.9,,,
13.082,80.275,2010-07-16,30.3,40.7,30.8,24.9,73.8,0.0,0,0.0,20.5,15.1,222.4,1002.4,70.7,6.4,,,
13.082,80.275,2010-07-17,28.4,39.4,25.1,24.4,80.2,11.0,100,12.5,20.5,12.4,248.3,1003.6,65.0,6.5,,,
13.082,80.275,2010-07-18,28.0,38.0,25.1,24.6,82.9,7.0,100,12.5,18.4,11.2,237.7,1004.8,91.7,5.5,,,
13.082,80.275,2010-07-19,28.2,39.4,25.1,24.6,82.4,3.1,100,8.33,18.4,10.8,232.3,1003.7,92.5,5.7,,,
13.082,80.275,2010-07-20,26.4,32.8,25.1,24.5,89.2,10.9,100,12.5,16.6,11.9,227.9,1004.1,98.3,4.3,,,
13.082,80.275,2010-07-21,27.1,35.2,25.1,25.1,89.4,0.2,100,4.17,15.1,6.1,241.4,1005.0,97.5,4.7,,,
13.082,80.275,2010-07-22,29.1,38.0,26.1,25.0,80.0,0.0,0,0.0,20.5,10.5,239.4,1005.4,89.1,5.6,,,
13.082,80.275,2010-07-23,30.2,40.7,30.1,23.5,68.5,0.0,0,0.0,20.5,14.1,239.4,1005.0,76.7,7.2,,,
13.082,80.275,2010-07-24,29.1,34.7,28.9,22.4,67.9,0.0,0,0.0,24.1,15.2,249.5,1004.3,80.8,6.6,,,
13.082,80.275,2010-07-25,30.0,37.1,29.3,22.2,63.7,0.0,0,0.0,27.7,16.0,236.7,1003.0,83.8,6.3,,,
13.082,80.275,2010-07-26,30.0,36.9,29.3,22.1,63.3,0.0,0,0.0,25.9,13.1,234.4,1004.3,93.8,5.5,,,
13.082,80.275,2010-07-27,30.1,40.8,24.1,23.1,67.9,9.0,100,4.17,27.7,14.4,246.4,1005.1,72.1,6.4,,,
13.082,80.275,2010-07-28,28.2,39.3,26.1,24.3,80.0,4.0,100,8.33,18.4,10.8,258.5,1004.3,88.7,6.2,,,
13.082,80.275,2010-07-29,28.5,38.2,25.1,23.6,76.3,36.0,100,8.33,22.3,11.4,235.3,1003.7,88.8,6.1,,,
13.082,80.275,2010-07-30,28.7,39.5,25.1,23.7,76.1,0.1,100,4.17,22.3,13.1,238.8,1004.2,74.3,7.3,,,
13.082,80.275,2010-07-31,30.1,38.4,26.1,23.1,68.2,3.0,100,4.17,24.1,13.5,239.1,1006.2,80.0,6.8,,,
13.082,80.275,2010-08-01,30.3,42.1,29.7,24.2,70.9,0.0,0,0.0,25.9,12.0,247.5,1006.8,67.4,6.6,,,
13.082,80.275,2010-08-02,30.7,40.8,29.7,24.1,69.0,0.4,100,4.17,24.1,12.7,243.0,1005.8,57.5,6.5,,,
13.082,80.275,2010-08-03,29.9,37.0,31.4,23.7,70.3,0.0,0,0.0,16.6,11.6,233.8,1004.6,84.2,5.8,,,
13.082,80.275,2010-08-04,29.9,36.9,29.7,22.7,66.2,0.0,0,0.0,22.3,15.0,235.5,1003.8,96.3,6.5,,,
13.082,80.275,2010-08-05,30.2,38.2,29.3,23.1,66.4,0.0,0,0.0,24.1,14.4,233.6,1004.6,90.0,6.6,,,
13.082,80.275,2010-08-06,29.8,38.2,29.7,23.7,70.5,0.0,0,0.0,20.5,13.3,216.7,1005.6,83.8,6.4,,,
13.082,80.275,2010-08-07,29.8,39.5,26.1,24.7,75.3,2.0,100,4.17,18.4,13.3,205.8,1005.7,64.7,6.3,,,
13.082,80.275,2010-08-08,29.5,43.7,25.1,24.7,76.8,15.0,100,8.33,22.3,11.7,184.0,1005.8,68.3,5.8,,,
13.082,80.275,2010-08-09,30.1,40.8,25.1,24.6,74.5,0.0,0,0.0,18.4,10.1,250.8,1005.2,66.2,6.5,,,
13.082,80.275,2010-08-10,30.6,39.5,30.8,24.1,69.9,0.0,0,0.0,18.4,11.1,256.7,1004.8,57.5,6.7,,,
13.082,80.275,2010-08-11,31.0,40.8,32.1,24.2,68.5,0.0,0,0.0,22.3,12.8,247.1,1004.3,61.1,6.3,,,
13.082,80.275,2010-08-12,30.4,40.7,32.1,25.0,73.4,0.0,0,0.0,18.4,11.0,189.9,1003.7,63.5,6.2,,,
13.082,80.275,2010-08-13,29.1,42.1,26.1,25.3,80.9,10.0,100,4.17,20.5,9.1,194.1,1004.3,59.0,5.8,,,
13.082,80.275,2010-08-14,28.9,42.1,26.1,25.4,81.9,0.0,0,0.0,16.6,9.9,190.6,1005.0,60.0,6.8,,,
13.082,80.275,2010-08-15,29.4,40.8,30.8,26.0,82.6,0.9,100,4.17,16.6,9.9,191.4,1005.4,81.1,5.5,,,
13.082,80.275,2010-08-16,29.6,40.8,26.1,25.4,79.3,0.0,0,0.0,18.4,8.5,212.1,1005.8,80.5,6.2,,,
13.082,80.275,2010-08-17,28.5,42.1,25.1,25.1,82.8,0.9,100,4.17,20.5,11.3,240.2,1004.7,72.6,5.7,,,
13.082,80.275,2010-08-18,26.7,34.7,24.1,24.8,89.8,51.1,100,12.5,20.5,9.1,255.5,1005.4,92.9,4.9,,,
13.082,80.275,2010-08-19,29.9,40.8,30.2,24.7,75.2,0.0,0,0.0,18.4,9.4,217.8,1005.7,71.7,7.4,,,
13.082,80.275,2010-08-20,28.9,39.3,30.8,25.8,84.0,4.0,100,4.17,22.3,7.4,229.9,1006.9,52.4,6.0,,,
13.082,80.275,2010-08-21,26.4,39.3,24.1,25.2,93.3,13.0,100,12.5,24.1,7.3,259.3,1006.1,80.8,4.6,,,
13.082,80.275,2010-08-22,26.2,35.5,24.1,24.8,92.7,35.0,100,12.5,14.8,9.0,268.7,1004.9,89.9,3.8,,,
13.082,80.275,2010-08-23,26.9,39.3,25.1,25.3,91.5,13.0,100,8.33,18.4,7.7,290.9,1003.5,95.4,5.3,,,
13.082,80.275,2010-08-24,26.8,35.8,25.1,25.4,92.6,8.0,100,12.5,19.1,6.4,273.0,1002.2,90.4,4.1,,,
13.082,80.275,2010-08-25,26.6,35.8,25.1,25.7,94.6,5.8,100,8.33,15.8,8.4,257.6,1002.5,93.3,5.0,,,
13.082,80.275,2010-08-26,28.8,37.9,25.1,24.7,79.3,0.0,0,0.0,20.5,11.1,237.6,1003.6,76.7,6.7,,,
13.082,80.275,2010-08-27,29.8,40.7,26.1,24.9,76.5,0.0,0,0.0,22.3,13.0,212.2,1004.4,61.7,7.8,,,
13.082,80.275,2010-08-28,30.1,42.3,30.2,25.4,76.9,0.0,0,0.0,20.5,13.5,195.6,1004.9,47.5,7.7,,,
13.082,80.275,2010-08-29,29.2,39.0,30.2,25.3,80.2,0.0,0,0.0,20.5,11.8,206.8,1005.2,80.8,6.2,,,
13.082,80.275,2010-08-30,28.0,38.0,25.1,24.7,83.1,2.6,100,8.33,27.7,13.2,224.1,1005.3,98.3,5.5,,,
13.082,80.275,2010-08-31,28.8,40.7,26.0,23.8,75.3,0.6,100,4.17,18.4,12.9,234.6,1006.0,77.9,7.5,,,
13.082,80.275,2010-09-01,30.0,40.8,26.1,23.9,71.3,0.0,0,0.0,22.3,10.6,251.8,1007.0,44.3,7.7,,,
13.082,80.275,2010-09-02,29.7,39.4,30.8,24.2,72.9,0.0,0,0.0,20.5,11.0,266.0,1006.9,83.2,6.9,,,
13.082,80.275,2010-09-03,27.4,34.7,25.1,24.4,84.2,4.2,100,12.5,18.4,9.7,253.7,1005.8,94.6,5.2,,,
13.082,80.275,2010-09-04,28.8,38.0,26.1,24.8,79.2,18.0,100,4.17,20.5,12.2,221.2,1005.1,83.8,6.0,,,
13.082,80.275,2010-09-05,29.2,39.4,26.1,25.3,81.0,3.0,100,8.33,18.4,11.6,218.4,1006.9,92.8,5.9,,,
13.082,80.275,2010-09-06,28.7,36.7,26.1,24.7,79.9,0.0,0,0.0,15.1,11.0,220.7,1006.5,82.1,6.1,,,
13.082,80.275,2010-09-07,29.5,38.2,29.7,24.0,72.8,0.0,0,0.0,20.5,12.7,225.6,1004.8,86.7,6.6,,,
13.082,80.275,2010-09-08,30.1,39.4,29.7,23.8,69.7,0.0,0,0.0,22.3,14.5,225.3,1005.1,73.8,6.7,,,
13.082,80.275,2010-09-09,30.0,42.1,31.4,24.9,75.5,0.0,0,0.0,22.3,14.7,198.9,1006.3,85.1,7.2,,,
13.082,80.275,2010-09-10,27.7,39.0,24.1,25.1,87.0,52.0,100,12.5,22.3,9.2,208.7,1006.8,93.5,5.3,,,
13.082,80.275,2010-09-11,27.9,39.3,24.1,24.4,82.4,0.0,0,0.0,25.9,11.5,250.8,1006.9,83.8,6.3,,,
13.082,80.275,2010-09-12,27.8,38.0,25.1,24.5,83.3,23.0,100,4.17,20.5,10.1,250.6,1006.8,77.2,6.8,,,
13.082,80.275,2010-09-13,27.8,40.8,24.1,25.0,85.8,13.0,100,4.17,16.6,11.6,238.5,1005.7,81.1,6.2,,,
13.082,80.275,2010-09-14,26.9,33.7,23.1,24.4,86.9,11.0,100,4.17,18.4,9.8,263.9,1005.2,90.4,5.6,,,
13.082,80.275,2010-09-15,28.5,36.7,26.1,24.9,81.9,0.7,100,8.33,18.4,10.5,231.3,1005.1,85.8,6.2,,,
13.082,80.275,2010-09-16,28.6,37.9,26.1,24.8,81.0,0.1,100,4.17,18.4,10.3,239.6,1005.0,80.4,6.3,,,
13.082,80.275,2010-09-17,29.1,37.0,30.8,25.0,78.9,0.0,0,0.0,18.4,11.9,227.2,1004.2,88.3,6.5,,,
13.082,80.275,2010-09-18,28.9,36.7,30.2,24.4,77.3,0.0,0,0.0,18.4,11.1,244.0,1003.7,87.5,6.4,,,
13.082,80.275,2010-09-19,29.4,40.7,26.1,24.6,76.6,0.0,0,0.0,18.4,11.4,198.0,1004.6,78.3,6.8,,,
13.082,80.275,2010-09-20,29.3,39.3,31.4,25.8,82.0,0.0,0,0.0,18.4,9.3,146.9,1006.3,63.6,5.7,,,
13.082,80.275,2010-09-21,29.2,39.4,26.1,25.3,80.5,0.1,100,4.17,20.5,8.1,108.7,1008.1,48.9,6.7,,,
13.082,80.275,2010-09-22,29.1,39.3,26.1,25.4,81.6,0.1,100,4.17,18.4,7.2,83.7,1008.4,43.1,6.3,,,
13.082,80.275,2010-09-23,29.6,42.3,26.1,25.8,80.8,1.5,100,8.33,18.4,8.9,151.4,1007.9,49.1,6.6,,,
13.082,80.275,2010-09-24,29.9,42.3,26.4,25.6,78.7,3.5,100,4.17,18.4,10.3,175.8,1006.9,57.0,6.1,,,
13.082,80.275,2010-09-25,28.4,40.7,25.1,24.7,81.7,3.0,100,4.17,14.8,7.3,97.8,1007.8,63.9,5.6,,,
13.082,80.275,2010-09-26,28.9,40.7,26.1,25.6,83.2,2.4,100,8.33,18.4,7.4,87.9,1008.6,73.9,6.1,,,
13.082,80.275,2010-09-27,28.2,37.9,25.1,25.1,84.4,15.0,100,8.33,20.5,10.1,112.7,1009.2,55.2,6.9,,,
13.082,80.275,2010-09-28,29.0,38.0,26.1,24.9,79.4,0.0,0,0.0,18.4,8.3,100.1,1009.4,46.0,6.4,,,
13.082,80.275,2010-09-29,28.6,40.7,26.1,25.3,83.0,0.0,0,0.0,18.4,6.3,139.1,1009.4,46.2,5.8,,,
13.082,80.275,2010-09-30,28.7,39.4,25.1,24.7,80.1,0.6,100,8.33,14.8,5.2,116.5,1008.0,40.8,6.1,,,
13.082,80.275,2010-10-01,28.1,37.6,26.1,25.3,85.2,0.1,100,4.17,16.6,7.4,31.3,1006.9,56.7,5.6,,,
13.082,80.275,2010-10-02,27.5,37.6,25.1,25.3,88.2,7.0,100,4.17,13.0,5.5,1.0,1006.8,64.2,5.5,,,
13.082,80.275,2010-10-03,28.1,37.9,26.1,25.6,87.2,3.1,100,8.33,16.6,7.6,89.8,1007.3,59.1,5.9,,,
13.082,80.275,2010-10-04,28.6,39.3,25.1,25.6,85.0,0.0,0,0.0,18.4,5.3,1.9,1006.4,63.3,6.0,,,
13.082,80.275,2010-10-05,28.0,37.9,26.1,25.6,87.5,2.0,100,4.17,14.8,4.6,290.4,1004.3,69.2,5.0,,,
13.082,80.275,2010-10-06,27.3,37.6,24.1,25.6,90.6,7.0,100,8.33,14.8,6.5,273.5,1003.1,81.7,5.0,,,
13.082,80.275,2010-10-07,28.8,40.8,25.1,25.0,80.3,0.0,0,0.0,22.3,12.4,238.9,1002.6,82.1,6.2,,,
13.082,80.275,2010-10-08,29.5,42.3,25.1,25.6,80.7,0.0,0,0.0,14.8,8.9,199.7,1004.1,50.4,5.8,,,
13.082,80.275,2010-10-09,29.7,42.6,25.1,25.7,79.9,0.3,100,4.17,22.3,10.2,234.5,1004.6,55.4,5.1,,,
13.082,80.275,2010-10-10,30.6,43.3,31.4,25.4,75.0,0.0,0,0.0,18.4,10.9,241.5,1004.8,66.3,5.1,,,
13.082,80.275,2010-10-11,29.2,39.4,26.1,24.3,75.3,1.0,100,4.17,20.5,11.1,250.6,1006.9,80.3,4.5,,,
13.082,80.275,2010-10-12,29.2,39.4,25.1,24.1,76.1,0.0,0,0.0,14.8,9.2,260.7,1008.7,71.7,5.0,,,
13.082,80.275,2010-10-13,29.7,39.5,30.2,24.2,73.4,0.0,0,0.0,14.8,7.7,286.5,1008.2,49.5,4.6,,,
13.082,80.275,2010-10-14,29.6,38.7,25.1,23.2,71.0,0.0,0,0.0,20.5,10.4,250.6,1006.6,57.3,4.7,,,
13.082,80.275,2010-10-15,29.7,38.4,26.1,22.7,67.0,0.0,0,0.0,20.5,14.3,253.5,1005.6,70.8,6.0,,,
13.082,80.275,2010-10-16,29.9,39.6,29.3,23.3,69.4,3.0,100,4.17,24.1,14.4,254.0,1003.7,52.4,6.1,,,
13.082,80.275,2010-10-17,29.9,38.7,26.1,23.1,68.7,0.0,0,0.0,20.5,13.3,205.3,1004.8,53.3,6.3,,,
13.082,80.275,2010-10-18,30.0,38.4,30.2,24.4,73.4,0.0,0,0.0,20.5,14.3,173.9,1006.8,48.0,6.1,,,
13.082,80.275,2010-10-19,29.9,40.7,31.3,25.4,77.7,0.1,100,4.17,20.5,10.9,162.3,1007.8,55.7,6.2,,,
13.082,80.275,2010-10-20,29.0,40.8,24.1,25.8,83.5,26.0,100,8.33,14.8,7.7,153.7,1008.3,55.0,5.5,,,
13.082,80.275,2010-10-21,28.9,42.5,30.8,26.2,86.3,0.0,0,0.0,14.8,6.7,195.3,1006.3,56.2,4.0,,,
13.082,80.275,2010-10-22,29.4,40.8,26.1,25.2,79.5,0.0,0,0.0,20.5,11.9,214.3,1004.9,48.9,6.0,,,
13.082,80.275,2010-10-23,29.1,38.4,26.1,24.3,76.8,0.0,0,0.0,16.6,10.4,227.3,1006.1,66.0,5.7,,,
13.082,80.275,2010-10-24,28.6,36.7,26.1,24.9,81.2,0.0,0,0.0,18.4,10.4,221.0,1006.7,63.3,6.4,,,
13.082,80.275,2010-10-25,29.0,40.7,26.1,25.4,82.2,0.6,100,8.33,22.3,9.9,278.7,1007.7,66.4,5.7,,,
13.082,80.275,2010-10-26,27.4,37.9,25.1,25.3,88.8,0.6,100,4.17,14.8,7.1,233.7,1009.3,76.4,4.6,,,
13.082,80.275,2010-10-27,27.9,39.3,25.8,25.7,88.2,11.0,100,4.17,22.3,8.0,5.9,1010.0,51.9,5.5,,,
13.082,80.275,2010-10-28,26.7,37.6,25.1,25.2,91.7,2.0,100,4.17,22.3,8.2,357.2,1009.9,76.2,4.9,,,
13.082,80.275,2010-10-29,25.4,31.4,24.1,24.8,96.6,21.0,100,12.5,14.8,8.3,357.5,1009.6,88.3,3.9,,,
13.082,80.275,2010-10-30,24.5,25.4,24.1,24.3,98.8,63.0,100,16.67,16.6,8.5,328.8,1009.2,91.7,3.5,,,
13.082,80.275,2010-10-31,26.2,36.3,24.1,24.4,90.2,0.4,100,4.17,11.2,3.0,344.4,1008.5,80.7,5.9,,,
13.082,80.275,2010-11-01,26.5,36.3,25.1,25.1,92.5,2.8,100,4.17,20.5,5.9,64.0,1006.7,78.6,3.8,,,
13.082,80.275,2010-11-02,26.9,37.6,24.1,24.9,89.0,5.0,100,4.17,18.4,9.0,147.9,1007.6,64.8,5.6,,,
13.082,80.275,2010-11-03,26.9,37.9,24.1,24.7,88.5,0.5,100,4.17,16.6,4.8,71.8,1010.4,65.8,6.3,,,
13.082,80.275,2010-11-04,27.1,37.9,24.1,25.1,89.1,6.0,100,8.33,20.5,8.7,24.0,1010.8,68.8,4.7,,,
13.082,80.275,2010-11-05,26.8,36.3,24.1,24.5,88.3,4.0,100,4.17,18.4,9.7,5.6,1009.8,72.4,4.8,,,
13.082,80.275,2010-11-06,26.8,34.7,25.1,24.4,87.4,0.0,0,0.0,20.5,11.1,335.9,1007.7,88.3,3.7,,,
13.082,80.275,2010-11-07,23.8,26.1,22.1,22.9,94.7,62.0,100,25.0,41.0,21.1,303.7,1001.1,99.6,2.7,,,
13.082,80.275,2010-11-08,27.0,36.3,23.1,24.1,85.1,4.0,100,4.17,26.3,15.1,168.4,1006.7,63.7,5.4,,,
13.082,80.275,2010-11-09,27.5,37.9,25.1,25.4,89.1,3.0,100,4.17,18.4,9.0,107.1,1011.7,57.6,5.2,,,
13.082,80.275,2010-11-10,26.4,35.8,24.7,25.1,92.7,3.0,100,4.17,13.0,4.2,45.0,1013.0,73.2,4.3,,,
13.082,80.275,2010-11-11,26.5,35.8,25.0,24.7,90.1,6.0,100,8.33,11.2,4.8,201.3,1011.6,65.4,5.7,,,
13.082,80.275,2010-11-12,27.4,36.7,24.1,24.6,85.4,0.0,0,0.0,18.4,8.0,97.1,1009.0,47.1,5.8,,,
13.082,80.275,2010-11-13,28.0,37.9,25.1,24.9,83.7,0.1,100,4.17,18.4,7.4,133.5,1008.6,41.2,5.6,,,
13.082,80.275,2010-11-14,27.7,36.7,25.1,24.6,84.5,0.1,100,4.17,16.6,5.6,96.5,1011.2,46.5,5.9,,,
13.082,80.275,2010-11-15,26.4,36.3,25.1,25.0,92.4,7.0,100,4.17,18.4,6.3,353.0,1011.8,64.3,4.3,,,
13.082,80.275,2010-11-16,25.5,31.4,24.1,24.7,95.7,40.0,100,8.33,24.8,11.9,23.8,1008.6,93.3,3.4,,,
13.082,80.275,2010-11-17,27.3,37.6,26.1,25.2,88.6,16.0,100,12.5,22.3,14.8,105.6,1009.6,71.9,5.4,,,
13.082,80.275,2010-11-18,26.9,36.3,24.1,24.9,89.3,12.0,100,12.5,22.3,8.0,67.5,1011.4,54.6,5.3,,,
13.082,80.275,2010-11-19,27.1,36.3,25.1,24.8,88.2,0.1,100,4.17,16.6,5.8,48.3,1010.9,64.1,5.8,,,
13.082,80.275,2010-11-20,25.7,32.3,24.1,24.6,93.5,39.0,100,16.67,16.6,7.6,27.0,1009.2,82.0,3.2,,,
13.082,80.275,2010-11-21,26.2,34.7,24.1,24.6,91.3,0.3,100,8.33,18.4,7.0,69.2,1008.7,80.1,4.4,,,
13.082,80.275,2010-11-22,27.0,36.3,25.1,24.9,89.2,17.2,100,12.5,22.3,7.8,58.6,1008.4,73.0,5.2,,,
13.082,80.275,2010-11-23,26.6,34.7,24.1,25.0,91.0,2.0,100,4.17,11.2,4.9,32.0,1008.9,73.2,4.5,,,
13.082,80.275,2010-11-24,26.9,34.3,25.1,24.4,87.1,4.0,100,4.17,18.4,6.4,54.6,1010.1,82.5,4.8,,,
13.082,80.275,2010-11-25,26.6,32.9,24.1,23.3,83.4,3.0,100,8.33,24.1,8.9,36.2,1010.7,82.9,4.7,,,
13.082,80.275,2010-11-26,26.4,34.7,24.1,24.9,91.8,0.5,100,4.17,22.3,9.3,27.3,1009.3,91.7,3.6,,,
13.082,80.275,2010-11-27,25.6,30.7,24.1,23.9,90.9,0.2,100,4.17,18.4,7.3,20.2,1009.4,96.2,4.2,,,
13.082,80.275,2010-11-28,26.6,34.3,23.1,23.2,82.5,0.0,0,0.0,22.3,11.7,50.8,1010.4,57.8,5.9,,,
13.082,80.275,2010-11-29,26.9,35.2,23.1,23.4,82.3,0.0,0,0.0,22.3,8.6,58.7,1010.7,45.0,7.1,,,
13.082,80.275,2010-11-30,26.5,36.7,24.1,23.8,85.8,0.8,100,4.17,27.7,11.3,35.8,1009.3,65.8,4.7,,,
13.082,80.275,2010-12-01,25.4,33.7,23.1,24.5,94.9,44.2,100,16.67,16.6,8.0,49.0,1009.3,95.8,3.0,,,
13.082,80.275,2010-12-02,25.9,34.7,23.1,23.9,89.2,13.0,100,4.17,24.1,11.2,44.6,1009.5,74.5,4.0,,,
13.082,80.275,2010-12-03,26.9,32.9,25.1,23.8,83.6,0.1,100,4.17,24.1,13.2,31.1,1009.6,77.1,4.5,,,
13.082,80.275,2010-12-04,24.8,26.5,24.1,23.9,94.6,7.0,100,8.33,24.8,11.8,1.9,1007.6,96.3,3.2,,,
13.082,80.275,2010-12-05,23.4,25.1,21.1,22.7,96.0,38.0,100,12.5,31.7,17.1,340.9,1005.1,100.0,2.4,,,
13.082,80.275,2010-12-06,21.2,23.2,20.1,20.4,95.2,101.0,100,25.0,31.3,19.2,319.2,1004.9,100.0,2.5,,,
13.082,80.275,2010-12-07,24.7,32.9,21.1,22.2,86.6,9.0,100,8.33,24.1,14.3,254.3,1003.9,91.3,5.2,,,
13.082,80.275,2010-12-08,26.4,34.7,23.1,24.3,89.1,9.0,100,4.17,13.0,6.9,213.8,1005.7,84.3,4.7,,,
13.082,80.275,2010-12-09,27.5,39.3,25.1,25.4,89.0,0.0,0,0.0,18.4,8.2,126.4,1006.8,62.3,4.3,,,
13.082,80.275,2010-12-10,26.2,31.4,25.1,24.9,92.4,0.0,0,0.0,13.0,6.1,257.5,1007.8,89.6,4.2,,,
13.082,80.275,2010-12-11,27.4,35.6,25.1,24.6,85.8,0.0,0,0.0,13.0,7.1,238.1,1007.5,72.0,4.3,,,
13.082,80.275,2010-12-12,26.4,32.3,25.1,24.9,91.7,0.0,0,0.0,11.2,4.0,248.5,1007.1,65.5,3.3,,,
13.082,80.275,2010-12-13,26.6,36.3,24.1,24.8,90.4,0.0,0,0.0,14.8,5.5,113.5,1008.5,65.8,3.1,,,
13.082,80.275,2010-12-14,24.7,29.5,23.1,24.1,96.9,6.0,100,4.17,12.2,5.2,13.1,1009.9,89.3,3.2,,,
13.082,80.275,2010-12-15,25.0,32.8,23.1,23.8,93.7,0.2,100,4.17,11.9,5.6,34.6,1010.4,86.9,4.0,,,
13.082,80.275,2010-12-16,24.1,26.1,23.1,23.1,94.1,0.2,100,4.17,15.1,8.2,353.7,1010.9,91.2,3.3,,,
13.082,80.275,2010-12-17,23.9,30.2,22.1,23.0,94.7,17.3,100,16.67,11.5,5.8,325.1,1011.5,94.8,2.2,,,
13.082,80.275,2010-12-18,24.4,29.3,22.1,21.4,84.5,0.0,0,0.0,18.4,8.8,9.6,1011.4,57.9,3.7,,,
13.082,80.275,2010-12-19,23.1,25.3,21.1,20.8,87.2,0.2,100,4.17,21.6,11.0,355.8,1011.8,77.1,3.4,,,
13.082,80.275,2010-12-20,25.4,30.8,23.1,23.4,88.9,0.2,100,4.17,20.9,9.1,28.9,1012.7,87.0,2.9,,,
13.082,80.275,2010-12-21,24.2,30.2,21.1,21.3,84.5,0.0,0,0.0,19.4,9.8,14.5,1012.3,57.1,4.2,,,
13.082,80.275,2010-12-22,22.9,28.3,19.1,18.9,79.2,0.0,0,0.0,14.8,5.5,353.1,1010.4,47.5,5.1,,,
13.082,80.275,2010-12-23,23.8,28.9,20.1,19.4,78.0,0.0,0,0.0,14.8,5.4,33.6,1010.6,61.6,6.1,,,
13.082,80.275,2010-12-24,24.1,29.3,21.1,20.0,79.3,0.0,0,0.0,18.4,7.3,7.7,1011.1,55.4,5.6,,,
13.082,80.275,2010-12-25,24.0,31.4,21.1,20.5,82.0,0.0,0,0.0,22.3,8.4,25.4,1010.9,61.3,5.5,,,
13.082,80.275,2010-12-26,24.1,29.7,21.1,20.2,80.2,0.0,0,0.0,20.5,7.4,22.8,1011.3,46.9,5.3,,,
13.082,80.275,2010-12-27,24.1,29.3,21.1,19.7,78.1,0.0,0,0.0,18.4,7.7,34.1,1011.4,46.1,5.5,,,
13.082,80.275,2010-12-28,24.2,28.9,21.1,21.3,85.0,0.4,100,4.17,19.8,7.8,28.2,1011.4,83.2,3.8,,,
13.082,80.275,2010-12-29,24.7,30.2,22.1,21.8,85.1,0.1,100,4.17,24.1,8.2,36.5,1011.5,67.8,4.5,,,
13.082,80.275,2010-12-30,24.7,32.9,21.1,22.1,86.0,0.1,100,4.17,18.4,9.2,41.6,1011.2,61.5,4.7,,,
13.082,80.275,2010-12-31,25.2,32.1,23.1,22.3,84.7,0.0,0,0.0,18.4,7.4,29.8,1010.1,62.7,4.3,,,
13.082,80.275,2011-01-01,25.1,32.9,21.1,22.4,86.0,0.0,0,0.0,16.6,6.0,35.5,1008.9,41.6,4.4,,,
13.082,80.275,2011-01-02,25.3,32.9,22.1,23.1,88.7,0.3,100,8.33,18.4,7.7,40.0,1009.0,66.9,4.2,,,
13.082,80.275,2011-01-03,25.9,33.7,23.1,23.1,85.6,19.0,100,8.33,24.1,10.8,39.7,1010.3,58.1,5.0,,,
13.082,80.275,2011-01-04,26.0,32.1,24.1,23.0,84.0,0.5,100,16.67,25.9,14.1,43.6,1010.3,79.7,4.3,,,
13.082,80.275,2011-01-05,25.0,29.7,23.1,22.0,85.0,0.0,0,0.0,25.9,11.4,31.2,1010.0,84.2,4.1,,,
13.082,80.275,2011-01-06,25.0,29.7,23.1,20.7,78.4,0.0,0,0.0,26.3,10.5,6.5,1010.2,59.1,5.5,,,
13.082,80.275,2011-01-07,24.2,30.8,22.1,20.9,81.9,1.0,100,12.5,24.8,14.5,4.2,1009.7,54.4,5.3,,,
13.082,80.275,2011-01-08,25.0,31.4,23.1,21.9,83.1,0.6,100,16.67,28.4,15.9,357.6,1008.5,66.8,4.4,,,
13.082,80.275,2011-01-09,25.3,32.9,22.1,22.4,84.3,0.0,0,0.0,19.8,11.1,3.1,1008.4,63.0,4.4,,,
13.082,80.275,2011-01-10,25.3,30.9,23.1,21.1,79.7,0.3,100,12.5,25.6,12.7,1.2,1009.1,55.6,5.0,,,
13.082,80.275,2011-01-11,24.6,29.9,20.1,18.5,71.4,0.0,0,0.0,22.3,9.3,12.0,1010.0,41.6,5.4,,,
13.082,80.275,2011-01-12,24.5,30.4,21.1,19.6,75.6,0.0,0,0.0,20.5,9.9,12.2,1010.2,47.2,5.1,,,
13.082,80.275,2011-01-13,23.7,29.5,19.1,19.2,77.8,0.0,0,0.0,20.5,8.7,13.8,1010.8,55.0,5.5,,,
13.082,80.275,2011-01-14,24.1,29.9,20.1,19.8,78.8,0.0,0,0.0,25.9,9.6,28.2,1011.4,48.2,5.1,,,
13.082,80.275,2011-01-15,24.3,30.9,20.1,20.9,82.9,0.0,0,0.0,24.1,8.8,38.3,1012.5,44.4,5.5,,,
13.082,80.275,2011-01-16,24.5,30.9,21.1,20.9,82.0,0.0,0,0.0,18.4,6.9,58.9,1011.9,29.6,5.3,,,
13.082,80.275,2011-01-17,24.7,32.0,20.1,20.4,79.5,0.0,0,0.0,16.6,7.1,114.1,1011.0,30.6,5.4,,,
13.082,80.275,2011-01-18,24.0,30.9,20.1,20.0,80.8,0.0,0,0.0,14.8,5.3,89.0,1011.4,22.5,5.7,,,
13.082,80.275,2011-01-19,23.9,30.9,19.1,20.3,82.0,0.0,0,0.0,16.6,5.6,114.2,1010.7,32.1,5.4,,,
13.082,80.275,2011-01-20,23.6,30.9,19.1,20.4,84.1,0.0,0,0.0,14.8,5.1,103.2,1011.5,25.0,5.4,,,
13.082,80.275,2011-01-21,24.5,30.9,20.1,20.7,81.1,0.0,0,0.0,20.5,7.7,42.2,1011.9,33.3,5.7,,,
13.082,80.275,2011-01-22,24.8,30.4,21.1,20.4,79.2,0.0,0,0.0,20.5,8.2,35.7,1013.0,31.3,6.2,,,
13.082,80.275,2011-01-23,25.1,30.4,21.1,20.1,75.9,0.0,0,0.0,20.5,9.6,42.3,1014.1,34.2,5.0,,,
13.082,80.275,2011-01-24,25.0,30.4,21.1,20.5,77.4,0.0,0,0.0,24.1,10.6,33.9,1013.9,46.0,5.3,,,
13.082,80.275,2011-01-25,24.9,30.4,21.1,20.0,76.0,0.0,0,0.0,22.3,10.0,41.3,1013.5,47.1,5.6,,,
13.082,80.275,2011-01-26,24.9,30.9,21.1,20.9,80.1,0.0,0,0.0,27.7,9.9,36.4,1013.9,41.7,5.7,,,
13.082,80.275,2011-01-27,25.4,32.0,21.1,21.4,80.2,0.0,0,0.0,22.3,9.7,20.7,1014.2,40.0,5.4,,,
13.082,80.275,2011-01-28,25.0,31.4,21.1,21.7,83.3,0.0,0,0.0,18.4,8.6,26.6,1013.3,42.1,5.0,,,
13.082,80.275,2011-01-29,25.4,31.4,21.1,21.5,81.3,0.0,0,0.0,22.3,10.0,45.0,1012.5,39.7,5.0,,,
13.082,80.275,2011-01-30,25.6,32.0,21.1,21.8,81.2,0.0,0,0.0,22.3,10.3,31.9,1012.4,43.3,5.2,,,
13.082,80.275,2011-01-31,25.4,31.4,22.1,21.8,81.8,0.0,0,0.0,25.9,11.0,30.7,1012.6,44.3,5.1,,,
13.082,80.275,2011-02-01,25.3,32.1,22.1,22.2,84.1,0.0,0,0.0,21.6,11.4,14.5,1012.9,43.9,4.8,,,
13.082,80.275,2011-02-02,25.6,30.9,21.1,21.1,78.9,0.0,0,0.0,29.5,11.5,30.8,1012.7,49.2,4.8,,,
13.082,80.275,2011-02-03,25.5,30.4,21.1,19.5,70.9,0.0,0,0.0,29.5,13.3,36.2,1012.5,41.3,5.8,,,
13.082,80.275,2011-02-04,24.9,29.3,22.1,19.7,74.0,0.0,0,0.0,24.1,10.5,18.9,1012.5,50.0,4.8,,,
13.082,80.275,2011-02-05,25.1,31.4,21.1,20.2,76.5,0.0,0,0.0,25.9,11.3,35.4,1011.3,31.5,5.5,,,
13.082,80.275,2011-02-06,25.0,31.4,20.1,20.4,77.9,0.0,0,0.0,24.1,10.0,45.1,1011.3,37.7,5.0,,,
13.082,80.275,2011-02-07,24.7,30.5,21.1,19.7,76.4,0.0,0,0.0,18.4,8.1,23.6,1010.8,36.1,4.3,,,
13.082,80.275,2011-02-08,24.3,30.9,20.1,19.4,76.7,0.0,0,0.0,22.3,9.4,34.5,1008.8,31.0,4.9,,,
13.082,80.275,2011-02-09,24.2,30.1,19.1,18.7,75.0,0.0,0,0.0,18.4,8.0,57.4,1008.4,30.9,5.5,,,
13.082,80.275,2011-02-10,24.0,30.9,19.1,19.6,78.8,0.0,0,0.0,22.3,8.3,51.2,1010.0,25.7,5.2,,,
13.082,80.275,2011-02-11,24.3,30.9,20.1,20.3,80.9,0.0,0,0.0,18.4,7.2,59.4,1011.6,26.7,6.2,,,
13.082,80.275,2011-02-12,24.9,29.9,20.1,18.1,72.5,0.0,0,0.0,18.4,6.5,72.4,1011.3,30.9,5.4,,,
13.082,80.275,2011-02-13,24.3,29.8,17.1,17.6,70.9,0.0,0,0.0,16.6,6.4,75.7,1010.3,31.9,5.4,,,
13.082,80.275,2011-02-14,24.5,30.4,19.1,19.7,76.5,0.0,0,0.0,18.4,7.9,99.5,1009.5,29.3,4.5,,,
13.082,80.275,2011-02-15,25.1,31.4,20.1,20.7,77.8,0.0,0,0.0,20.5,9.4,106.7,1009.9,31.5,5.5,,,
13.082,80.275,2011-02-16,26.0,34.3,21.1,22.5,82.1,0.0,0,0.0,18.4,8.6,135.6,1010.4,32.5,5.0,,,
13.082,80.275,2011-02-17,26.9,36.7,23.1,23.7,83.3,0.0,0,0.0,16.6,6.9,114.9,1010.1,45.1,6.2,,,
13.082,80.275,2011-02-18,27.0,35.6,24.1,24.1,85.8,0.0,0,0.0,22.3,9.2,150.0,1009.5,42.8,6.3,,,
13.082,80.275,2011-02-19,27.4,36.7,24.1,23.9,82.3,0.0,0,0.0,22.3,12.0,142.0,1010.7,47.9,6.3,,,
13.082,80.275,2011-02-20,27.4,36.7,24.1,24.5,84.7,0.1,100,4.17,22.3,12.1,124.9,1011.2,39.3,6.3,,,
13.082,80.275,2011-02-21,27.8,38.0,24.1,24.8,84.5,0.0,0,0.0,24.1,13.1,126.9,1010.9,46.2,6.6,,,
13.082,80.275,2011-02-22,26.1,35.2,22.1,23.9,88.3,22.0,100,4.17,22.3,9.3,66.2,1011.6,80.8,5.2,,,
13.082,80.275,2011-02-23,26.0,34.3,22.1,23.4,86.0,11.0,100,12.5,24.1,10.6,66.4,1012.6,84.5,5.1,,,
13.082,80.275,2011-02-24,26.7,33.7,24.1,23.2,82.2,0.0,0,0.0,20.5,11.2,74.6,1011.6,66.0,5.8,,,
13.082,80.275,2011-02-25,26.1,34.3,23.1,22.2,80.5,0.0,0,0.0,18.4,8.2,79.6,1009.7,52.8,5.1,,,
13.082,80.275,2011-02-26,25.9,32.6,22.1,21.8,79.2,0.0,0,0.0,20.5,8.8,65.6,1009.8,49.0,5.5,,,
13.082,80.275,2011-02-27,25.8,31.4,22.1,21.2,76.7,0.0,0,0.0,18.4,9.2,48.4,1011.4,43.2,6.0,,,
13.082,80.275,2011-02-28,26.1,33.1,22.1,22.0,79.2,0.0,0,0.0,25.9,10.1,40.4,1012.2,51.4,6.0,,,
13.082,80.275,2011-03-01,26.5,33.1,23.1,21.8,77.4,0.0,0,0.0,24.1,10.4,65.7,1011.7,39.4,5.7,,,
13.082,80.275,2011-03-02,25.6,32.0,22.1,19.8,73.2,0.0,0,0.0,22.3,8.1,58.4,1011.1,29.4,6.6,,,
13.082,80.275,2011-03-03,25.5,31.9,21.1,20.1,74.7,0.0,0,0.0,16.6,8.2,73.1,1011.0,16.1,6.4,,,
13.082,80.275,2011-03-04,25.2,32.0,21.1,20.5,78.1,0.0,0,0.0,16.6,7.5,65.5,1010.4,19.4,5.8,,,
13.082,80.275,2011-03-05,25.0,32.0,20.1,20.6,79.1,0.0,0,0.0,14.8,6.6,70.0,1010.4,10.4,6.4,,,
13.082,80.275,2011-03-06,25.7,33.6,21.1,20.8,77.4,0.0,0,0.0,16.6,8.1,59.8,1011.8,15.6,6.1,,,
13.082,80.275,2011-03-07,26.9,34.6,21.1,19.7,71.3,0.0,0,0.0,18.4,6.1,74.3,1012.2,3.5,5.7,,,
13.082,80.275,2011-03-08,28.5,37.5,22.1,19.1,63.2,0.0,0,0.0,18.4,9.0,195.9,1010.2,14.8,5.7,,,
13.082,80.275,2011-03-09,28.9,36.6,22.1,19.5,62.4,0.0,0,0.0,22.3,10.0,166.6,1009.6,8.8,5.8,,,
13.082,80.275,2011-03-10,28.3,34.3,23.1,20.8,70.4,0.0,0,0.0,18.4,9.9,145.7,1010.2,10.5,5.5,,,
13.082,80.275,2011-03-11,26.6,34.3,22.1,22.3,79.3,0.0,0,0.0,22.3,9.8,96.2,1009.4,11.1,6.7,,,
13.082,80.275,2011-03-12,27.5,38.0,23.1,24.1,83.0,0.0,0,0.0,22.3,10.7,70.1,1009.1,37.1,5.5,,,
13.082,80.275,2011-03-13,28.0,36.9,25.1,24.3,81.7,0.0,0,0.0,24.1,11.0,46.1,1009.8,38.0,6.7,,,
13.082,80.275,2011-03-14,27.6,35.9,23.1,23.6,81.4,0.0,0,0.0,22.3,10.4,57.9,1009.2,44.8,6.1,,,
13.082,80.275,2011-03-15,27.5,35.6,24.1,24.2,83.5,0.0,0,0.0,22.3,7.6,75.1,1008.5,39.2,6.0,,,
13.082,80.275,2011-03-16,27.2,34.7,23.1,23.5,81.8,0.0,0,0.0,18.4,9.7,68.1,1007.7,38.4,6.5,,,
13.082,80.275,2011-03-17,27.2,33.8,24.1,21.8,74.6,0.0,0,0.0,22.3,9.6,58.2,1009.2,38.9,7.0,,,
13.082,80.275,2011-03-18,26.8,33.1,22.1,21.3,73.5,0.0,0,0.0,18.4,9.4,78.2,1009.1,15.0,5.6,,,
13.082,80.275,2011-03-19,27.2,33.8,22.1,21.7,74.0,0.0,0,0.0,18.4,10.3,132.8,1007.8,33.9,5.3,,,
13.082,80.275,2011-03-20,27.4,35.6,23.1,23.2,79.4,0.0,0,0.0,22.3,11.2,126.8,1007.7,28.3,6.4,,,
13.082,80.275,2011-03-21,28.4,42.3,24.1,25.0,83.4,0.0,0,0.0,22.3,11.1,173.6,1008.3,34.4,5.7,,,
13.082,80.275,2011-03-22,28.7,42.3,25.1,25.5,84.5,0.0,0,0.0,22.3,11.8,162.5,1008.7,26.7,5.5,,,
13.082,80.275,2011-03-23,28.1,39.3,25.1,24.3,81.0,0.0,0,0.0,20.5,11.3,160.1,1008.7,38.0,5.9,,,
13.082,80.275,2011-03-24,27.9,35.4,23.1,22.6,75.3,0.0,0,0.0,29.5,13.0,141.9,1008.9,25.3,7.0,,,
13.082,80.275,2011-03-25,27.8,35.6,23.1,23.8,80.5,0.0,0,0.0,20.5,10.0,101.7,1009.3,38.4,6.2,,,
13.082,80.275,2011-03-26,28.1,38.0,24.1,24.6,82.2,0.0,0,0.0,16.6,10.2,96.4,1009.8,41.1,5.7,,,
13.082,80.275,2011-03-27,28.9,40.8,25.1,25.4,82.6,0.0,0,0.0,18.4,8.7,119.6,1009.3,31.7,6.6,,,
13.082,80.275,2011-03-28,29.1,40.7,26.1,25.4,81.5,0.0,0,0.0,24.1,10.3,148.5,1008.8,27.8,6.9,,,
13.082,80.275,2011-03-29,28.9,39.5,25.1,24.5,79.5,0.0,0,0.0,18.4,9.7,170.1,1009.4,30.1,6.7,,,
13.082,80.275,2011-03-30,28.7,42.1,25.1,25.1,82.5,0.0,0,0.0,20.5,10.2,169.7,1009.6,17.9,6.5,,,
13.082,80.275,2011-03-31,29.2,42.1,25.1,24.8,80.3,0.0,0,0.0,22.3,13.7,197.2,1008.9,16.1,6.7,,,
13.082,80.275,2011-04-01,29.8,44.8,25.1,24.9,79.2,0.0,0,0.0,22.3,13.1,180.2,1008.2,22.9,6.4,,,
13.082,80.275,2011-04-02,30.4,40.9,32.0,25.3,78.0,0.0,0,0.0,22.3,15.2,175.3,1008.1,29.6,6.0,,,
13.082,80.275,2011-04-03,30.4,43.7,31.4,25.7,77.7,0.0,0,0.0,22.3,16.3,175.9,1008.2,18.8,6.2,,,
13.082,80.275,2011-04-04,30.4,43.7,31.4,25.6,77.3,0.0,0,0.0,27.7,16.3,167.6,1007.8,30.8,6.1,,,
13.082,80.275,2011-04-05,30.3,43.7,30.8,25.4,76.5,0.0,0,0.0,27.7,17.0,157.7,1008.5,33.1,6.5,,,
13.082,80.275,2011-04-06,29.2,36.9,30.7,24.2,75.6,0.0,0,0.0,22.3,13.6,137.1,1010.1,18.4,6.1,,,
13.082,80.275,2011-04-07,28.6,36.2,24.1,22.9,73.4,0.0,0,0.0,22.3,11.5,119.7,1010.5,15.0,6.2,,,
13.082,80.275,2011-04-08,28.8,44.0,24.1,24.1,77.2,0.0,0,0.0,24.1,11.4,113.2,1010.8,27.4,7.3,,,
13.082,80.275,2011-04-09,29.5,42.1,25.1,25.0,78.0,0.0,0,0.0,24.1,11.5,134.3,1010.8,36.7,6.8,,,
13.082,80.275,2011-04-10,29.3,39.3,26.1,25.0,78.3,0.0,0,0.0,20.5,12.5,108.7,1011.6,36.8,6.7,,,
13.082,80.275,2011-04-11,28.9,39.4,25.1,24.8,80.1,0.0,0,0.0,18.4,9.2,95.1,1010.3,29.4,6.1,,,
13.082,80.275,2011-04-12,29.1,40.7,25.1,25.4,81.7,0.0,0,0.0,22.3,10.7,124.7,1009.5,32.9,6.8,,,
13.082,80.275,2011-04-13,29.7,40.7,26.1,25.4,79.4,0.2,100,8.33,25.9,11.4,131.3,1009.3,32.3,6.8,,,
13.082,80.275,2011-04-14,29.9,42.1,26.1,25.4,78.9,0.0,0,0.0,24.1,13.3,154.8,1008.4,42.5,6.5,,,
13.082,80.275,2011-04-15,29.9,40.7,31.4,25.2,77.3,0.0,0,0.0,27.7,13.8,139.0,1007.4,32.1,6.4,,,
13.082,80.275,2011-04-16,29.8,40.7,26.1,24.6,75.6,0.0,0,0.0,22.3,11.8,126.9,1008.6,35.2,7.1,,,
13.082,80.275,2011-04-17,29.8,40.7,26.1,25.8,80.2,0.1,100,4.17,22.3,11.1,125.5,1009.3,44.4,7.0,,,
13.082,80.275,2011-04-18,30.3,42.1,31.4,25.7,78.2,0.0,0,0.0,24.1,11.8,140.3,1007.6,36.7,6.7,,,
13.082,80.275,2011-04-19,30.5,43.5,31.4,25.6,76.4,0.0,0,0.0,24.1,15.0,160.1,1006.4,30.8,6.7,,,
13.082,80.275,2011-04-20,30.4,43.7,33.1,26.1,78.5,0.0,0,0.0,25.9,13.4,160.1,1007.0,47.7,6.6,,,
13.082,80.275,2011-04-21,29.3,40.7,26.1,26.0,82.9,0.1,100,4.17,22.3,12.2,163.0,1007.5,49.4,5.7,,,
13.082,80.275,2011-04-22,28.3,42.3,25.1,25.6,86.5,19.0,100,12.5,22.3,9.4,105.2,1007.8,74.2,5.5,,,
13.082,80.275,2011-04-23,27.1,34.7,25.1,24.7,87.4,10.0,100,8.33,16.6,7.1,118.4,1007.5,72.9,5.5,,,
13.082,80.275,2011-04-24,28.4,38.0,24.1,24.2,79.5,1.0,100,4.17,18.4,9.9,190.1,1006.9,75.0,6.4,,,
13.082,80.275,2011-04-25,28.4,37.6,26.1,25.7,85.6,0.0,0,0.0,18.4,7.1,110.2,1006.6,75.9,5.5,,,
13.082,80.275,2011-04-26,28.9,39.3,25.1,25.6,83.7,0.0,0,0.0,22.3,10.9,76.1,1006.6,44.2,5.7,,,
13.082,80.275,2011-04-27,29.5,39.4,26.1,25.3,79.7,0.2,100,4.17,20.5,10.0,100.7,1005.7,40.7,6.9,,,
13.082,80.275,2011-04-28,29.8,44.0,26.1,26.5,83.6,0.0,0,0.0,24.1,10.6,145.2,1003.8,41.7,6.3,,,
13.082,80.275,2011-04-29,31.0,45.5,34.7,26.6,79.3,0.0,0,0.0,22.3,11.7,138.5,1003.6,42.7,5.8,,,
13.082,80.275,2011-04-30,30.8,42.1,30.2,26.0,76.5,0.0,0,0.0,22.3,8.4,125.8,1005.2,36.8,5.4,,,
13.082,80.275,2011-05-01,30.9,45.5,32.9,27.0,80.7,0.1,100,4.17,22.3,9.9,87.5,1006.3,45.0,5.3,,,
13.082,80.275,2011-05-02,31.4,46.9,32.0,26.9,79.6,0.0,0,0.0,20.5,11.2,168.1,1005.7,46.7,6.0,,,
13.082,80.275,2011-05-03,32.3,50.3,34.7,27.4,77.6,0.0,0,0.0,18.4,11.8,169.3,1004.0,47.6,5.7,,,
13.082,80.275,2011-05-04,32.7,46.4,31.4,24.7,64.7,0.0,0,0.0,22.3,13.7,217.8,1004.3,41.7,6.5,,,
13.082,80.275,2011-05-05,33.1,47.3,31.4,23.3,57.9,0.0,0,0.0,18.4,10.5,203.5,1004.2,36.7,6.1,,,
13.082,80.275,2011-05-06,33.1,47.5,30.8,24.3,63.2,0.0,0,0.0,18.4,12.2,188.2,1003.9,32.2,6.0,,,
13.082,80.275,2011-05-07,33.8,42.4,36.2,23.4,61.2,0.0,0,0.0,22.3,14.4,217.2,1003.2,25.8,6.9,,,
13.082,80.275,2011-05-08,33.0,50.1,30.9,23.1,58.2,0.0,0,0.0,24.1,15.6,199.1,1002.8,13.8,6.9,,,
13.082,80.275,2011-05-09,32.8,43.3,32.1,23.2,61.5,0.0,0,0.0,22.3,17.7,199.6,1003.9,14.2,6.7,,,
13.082,80.275,2011-05-10,32.3,43.5,30.8,24.0,65.6,0.0,0,0.0,24.1,17.5,194.5,1004.8,20.0,6.8,,,
13.082,80.275,2011-05-11,32.0,44.7,32.8,24.5,68.0,0.0,0,0.0,22.3,17.1,186.0,1005.1,20.5,6.1,,,
13.082,80.275,2011-05-12,31.6,46.4,29.7,24.4,67.5,0.0,0,0.0,24.1,17.2,187.1,1005.2,22.6,6.6,,,
13.082,80.275,2011-05-13,31.1,47.8,30.2,25.3,72.9,0.0,0,0.0,22.3,15.9,176.8,1005.3,8.8,6.4,,,
13.082,80.275,2011-05-14,31.2,48.3,30.8,25.4,73.1,0.0,0,0.0,22.3,16.7,181.1,1005.4,10.4,6.7,,,
13.082,80.275,2011-05-15,30.7,46.9,31.4,26.3,78.7,0.0,0,0.0,25.9,17.1,173.2,1006.6,8.3,6.5,,,
13.082,80.275,2011-05-16,30.6,46.4,32.0,26.1,79.0,0.0,0,0.0,25.9,17.2,164.9,1008.0,26.7,6.6,,,
13.082,80.275,2011-05-17,31.0,42.3,34.7,25.6,75.1,0.0,0,0.0,25.9,17.5,172.0,1008.4,34.2,6.8,,,
13.082,80.275,2011-05-18,31.1,43.5,33.7,25.1,72.5,0.0,0,0.0,27.7,18.7,186.5,1007.7,28.3,7.4,,,
13.082,80.275,2011-05-19,31.2,46.9,32.8,25.7,74.0,0.0,0,0.0,29.5,19.3,175.6,1006.4,28.3,7.2,,,
13.082,80.275,2011-05-20,31.2,45.1,32.8,25.9,74.4,0.0,0,0.0,24.1,17.8,185.0,1005.1,44.0,7.2,,,
13.082,80.275,2011-05-21,29.8,45.5,23.1,25.3,78.6,25.0,100,4.17,23.0,15.4,204.6,1004.5,50.8,6.3,,,
13.082,80.275,2011-05-22,31.6,44.7,31.4,24.8,69.8,0.0,0,0.0,22.3,15.3,196.5,1005.0,28.3,6.7,,,
13.082,80.275,2011-05-23,31.9,44.8,32.8,25.5,70.9,0.0,0,0.0,20.5,14.6,182.6,1005.4,21.3,6.5,,,
13.082,80.275,2011-05-24,32.4,49.6,32.8,26.0,70.7,0.0,0,0.0,25.9,15.9,186.9,1005.0,29.2,6.5,,,
13.082,80.275,2011-05-25,31.8,49.6,35.8,26.6,74.9,0.0,0,0.0,20.5,14.0,178.3,1004.2,31.7,6.4,,,
13.082,80.275,2011-05-26,30.7,42.0,37.0,26.2,77.6,0.0,0,0.0,18.4,12.0,162.2,1005.1,54.2,6.1,,,
13.082,80.275,2011-05-27,32.5,46.0,35.8,25.7,70.1,0.0,0,0.0,22.3,13.4,204.2,1004.4,26.9,6.8,,,
13.082,80.275,2011-05-28,32.9,43.4,35.8,24.4,63.4,0.0,0,0.0,20.5,14.1,246.0,1003.8,30.8,7.8,,,
13.082,80.275,2011-05-29,33.3,48.8,32.1,24.6,62.2,0.0,0,0.0,22.3,15.7,202.6,1003.5,39.1,6.5,,,
13.082,80.275,2011-05-30,32.9,47.5,32.9,24.5,63.0,0.0,0,0.0,24.1,14.8,211.2,1003.6,35.0,6.8,,,
13.082,80.275,2011-05-31,32.0,47.3,29.7,23.5,63.1,1.4,100,4.17,25.9,16.3,211.2,1002.8,32.4,7.4,,,
13.082,80.275,2011-06-01,30.6,47.5,29.7,24.8,72.5,2.0,100,4.17,25.9,14.8,227.5,1003.1,61.6,6.7,,,
13.082,80.275,2011-06-02,31.2,40.9,30.8,23.1,63.4,0.0,0,0.0,33.5,20.1,229.4,1004.1,85.0,6.6,,,
13.082,80.275,2011-06-03,32.3,42.1,32.1,23.3,60.2,0.0,0,0.0,24.1,15.1,229.3,1004.9,60.0,6.9,,,
13.082,80.275,2011-06-04,32.5,43.5,33.7,24.1,62.7,0.1,100,4.17,22.3,14.9,231.3,1004.2,72.8,7.3,,,
13.082,80.275,2011-06-05,33.4,43.5,35.2,23.8,59.6,0.0,0,0.0,27.7,14.9,241.8,1003.4,48.3,8.2,,,
13.082,80.275,2011-06-06,32.1,43.5,25.1,23.5,62.1,46.0,100,4.17,25.9,16.0,231.1,1003.9,54.2,7.0,,,
13.082,80.275,2011-06-07,30.5,40.9,26.1,24.3,71.7,7.0,100,4.17,22.3,13.7,213.3,1004.3,79.2,7.1,,,
13.082,80.275,2011-06-08,31.8,43.5,32.1,24.1,65.8,0.0,0,0.0,22.3,14.2,201.6,1004.0,63.3,7.5,,,
13.082,80.275,2011-06-09,31.8,41.2,30.8,23.5,63.5,0.0,0,0.0,27.7,15.2,199.6,1003.4,45.0,7.4,,,
13.082,80.275,2011-06-10,32.2,42.1,32.8,23.9,63.8,0.0,0,0.0,24.1,17.4,216.5,1003.1,53.3,7.2,,,
13.082,80.275,2011-06-11,31.6,39.9,32.1,23.6,63.9,0.0,0,0.0,20.5,12.2,206.0,1003.5,70.0,6.5,,,
13.082,80.275,2011-06-12,32.6,41.2,33.4,23.1,59.2,0.0,0,0.0,24.1,16.2,225.2,1003.7,73.3,7.7,,,
13.082,80.275,2011-06-13,32.6,41.2,32.6,22.6,56.6,0.0,0,0.0,29.5,16.8,240.3,1004.3,73.8,7.6,,,
13.082,80.275,2011-06-14,30.8,41.2,25.1,22.2,63.1,20.0,100,8.33,29.5,18.4,243.7,1004.4,78.8,6.7,,,
13.082,80.275,2011-06-15,30.6,38.7,25.1,21.5,60.0,0.0,0,0.0,27.7,17.5,240.7,1005.3,77.5,7.0,,,
13.082,80.275,2011-06-16,31.6,40.2,29.3,21.6,56.9,0.2,100,4.17,25.9,14.6,258.5,1004.8,61.7,7.5,,,
13.082,80.275,2011-06-17,32.2,39.9,31.4,21.2,53.1,0.0,0,0.0,27.7,20.1,225.9,1003.4,71.7,6.7,,,
13.082,80.275,2011-06-18,32.8,41.5,29.7,20.4,49.5,0.4,100,4.17,27.7,16.5,261.8,1002.5,43.3,7.5,,,
13.082,80.275,2011-06-19,33.4,40.7,30.4,19.1,43.8,0.0,0,0.0,25.9,17.9,263.6,1001.7,38.3,7.5,,,
13.082,80.275,2011-06-20,33.0,40.7,30.9,20.2,48.6,0.0,0,0.0,27.7,16.8,253.3,1002.4,31.1,7.3,,,
13.082,80.275,2011-06-21,32.3,40.9,29.3,20.7,52.8,0.6,100,4.17,25.9,16.5,256.1,1003.5,48.3,7.5,,,
13.082,80.275,2011-06-22,32.5,41.5,30.4,20.9,51.8,0.0,0,0.0,25.9,17.4,234.3,1002.3,31.7,7.0,,,
13.082,80.275,2011-06-23,31.4,41.2,30.8,22.0,59.3,1.4,100,8.33,22.3,15.0,252.6,1002.5,56.7,6.7,,,
13.082,80.275,2011-06-24,31.6,42.2,32.1,23.7,64.9,0.0,0,0.0,27.7,15.2,218.7,1001.8,52.1,6.7,,,
13.082,80.275,2011-06-25,31.8,42.4,30.8,22.9,61.7,5.0,100,4.17,27.7,15.2,232.3,1001.4,77.0,6.5,,,
13.082,80.275,2011-06-26,31.1,40.2,30.2,22.3,60.9,2.0,100,4.17,22.3,15.3,238.6,1002.0,67.0,6.7,,,
13.082,80.275,2011-06-27,32.7,41.2,30.8,20.8,51.2,0.0,0,0.0,27.7,16.8,251.9,1002.4,50.0,6.8,,,
13.082,80.275,2011-06-28,33.2,40.7,31.4,20.0,46.6,0.0,0,0.0,27.7,15.3,257.1,1002.5,66.7,7.3,,,
13.082,80.275,2011-06-29,33.0,39.9,31.4,20.5,49.2,0.0,0,0.0,25.9,17.4,242.0,1003.6,44.2,7.5,,,
13.082,80.275,2011-06-30,32.4,40.7,34.7,22.8,59.1,0.0,0,0.0,24.1,14.2,188.7,1004.3,28.3,6.9,,,
13.082,80.275,2011-07-01,31.3,42.2,26.1,23.9,66.3,11.0,100,4.17,25.9,15.1,212.5,1004.4,59.4,7.2,,,
13.082,80.275,2011-07-02,29.4,38.4,25.1,23.1,70.9,0.0,0,0.0,25.9,15.9,265.0,1004.8,67.1,7.5,,,
13.082,80.275,2011-07-03,28.7,39.5,25.1,23.7,76.1,38.2,100,12.5,20.5,14.1,232.7,1005.1,80.4,5.6,,,
13.082,80.275,2011-07-04,29.9,38.2,26.1,22.9,67.1,0.0,0,0.0,18.4,13.1,245.6,1004.7,63.3,6.2,,,
13.082,80.275,2011-07-05,29.2,38.2,26.1,24.0,75.0,19.0,100,4.17,22.7,11.3,231.4,1003.8,90.0,5.8,,,
13.082,80.275,2011-07-06,29.3,39.3,26.1,23.9,74.2,8.0,100,4.17,21.2,13.3,219.4,1002.7,84.2,6.0,,,
13.082,80.275,2011-07-07,28.8,37.1,24.1,23.7,75.6,25.0,100,8.33,18.4,11.3,211.9,1004.0,73.8,5.8,,,
13.082,80.275,2011-07-08,30.9,38.4,30.2,23.6,66.7,0.0,0,0.0,18.4,10.9,209.2,1006.8,27.1,7.2,,,
13.082,80.275,2011-07-09,31.0,40.9,30.8,23.7,66.7,0.0,0,0.0,18.4,11.2,222.7,1007.0,46.1,6.8,,,
13.082,80.275,2011-07-10,31.7,40.2,29.7,22.8,61.6,0.0,0,0.0,20.5,13.7,237.8,1005.4,43.8,7.4,,,
13.082,80.275,2011-07-11,30.9,42.2,30.2,23.4,65.7,0.0,0,0.0,20.5,14.0,237.5,1003.5,49.2,7.0,,,
13.082,80.275,2011-07-12,31.0,39.5,30.8,22.7,62.8,0.0,0,0.0,20.5,14.4,240.7,1000.9,55.4,6.5,,,
13.082,80.275,2011-07-13,30.9,36.2,30.9,21.3,57.3,0.0,0,0.0,24.1,16.0,241.9,1000.5,62.1,6.5,,,
13.082,80.275,2011-07-14,31.5,37.8,29.7,20.6,53.3,0.0,0,0.0,29.5,18.0,243.4,1001.5,61.7,6.6,,,
13.082,80.275,2011-07-15,32.0,39.0,29.7,21.0,53.1,0.0,0,0.0,25.9,17.6,231.0,1001.7,67.1,6.5,,,
13.082,80.275,2011-07-16,31.7,38.7,29.7,21.3,55.4,0.0,0,0.0,27.7,20.5,234.1,1001.6,63.9,6.3,,,
13.082,80.275,2011-07-17,31.1,40.9,29.7,22.9,63.6,3.0,100,4.17,27.7,19.3,227.5,1001.4,74.2,7.5,,,
13.082,80.275,2011-07-18,32.0,41.2,31.4,22.0,56.8,1.0,100,4.17,24.1,14.4,237.8,1002.6,60.4,6.9,,,
13.082,80.275,2011-07-19,31.7,40.9,26.1,22.6,60.1,0.5,100,4.17,29.5,17.6,238.7,1003.2,67.0,7.3,,,
13.082,80.275,2011-07-20,31.5,39.6,30.2,22.9,62.0,13.0,100,4.17,24.1,17.0,234.9,1003.1,64.4,6.6,,,
13.082,80.275,2011-07-21,31.2,38.4,30.8,22.4,60.7,0.0,0,0.0,22.3,17.1,233.6,1003.6,51.7,6.7,,,
13.082,80.275,2011-07-22,30.9,39.6,30.8,23.0,64.1,0.2,100,4.17,24.1,14.2,229.5,1003.4,67.0,7.0,,,
13.082,80.275,2011-07-23,30.6,38.4,30.8,23.3,66.5,4.0,100,4.17,22.3,10.4,227.8,1002.8,80.8,6.8,,,
13.082,80.275,2011-07-24,29.9,39.5,25.1,22.9,67.5,0.0,0,0.0,22.3,10.9,237.2,1002.6,49.6,6.6,,,
13.082,80.275,2011-07-25,29.7,39.6,25.1,23.2,69.2,0.3,100,4.17,22.3,14.8,217.5,1003.1,59.7,6.5,,,
13.082,80.275,2011-07-26,29.1,39.4,25.1,23.5,72.9,28.0,100,4.17,22.3,13.4,197.0,1004.8,61.6,6.5,,,
13.082,80.275,2011-07-27,28.0,38.4,25.1,23.8,79.1,3.0,100,4.17,22.3,13.6,231.6,1005.2,81.7,6.0,,,
13.082,80.275,2011-07-28,28.6,38.2,25.1,23.6,75.9,11.0,100,4.17,20.5,9.5,243.9,1004.1,76.1,5.6,,,
13.082,80.275,2011-07-29,30.5,40.8,29.3,23.5,67.3,0.0,0,0.0,24.1,14.0,249.8,1002.9,49.2,6.9,,,
13.082,80.275,2011-07-30,29.6,36.9,30.2,23.3,69.5,0.0,0,0.0,20.5,12.7,228.8,1002.7,68.3,6.6,,,
13.082,80.275,2011-07-31,28.7,35.9,29.7,23.9,75.8,3.2,100,8.33,29.5,12.0,243.3,1003.2,87.9,6.3,,,
13.082,80.275,2011-08-01,29.8,35.9,29.3,22.1,64.1,0.0,0,0.0,18.4,12.6,252.4,1003.2,60.0,6.6,,,
13.082,80.275,2011-08-02,30.1,38.4,30.2,22.4,64.7,0.2,100,4.17,24.1,13.8,246.8,1003.3,73.3,6.0,,,
13.082,80.275,2011-08-03,30.1,38.4,29.3,22.8,66.8,0.0,0,0.0,29.5,14.5,217.0,1004.3,70.0,6.7,,,
13.082,80.275,2011-08-04,31.3,38.7,31.4,22.2,59.7,0.0,0,0.0,24.1,15.3,230.4,1004.7,59.2,6.8,,,
13.082,80.275,2011-08-05,30.1,39.6,25.1,23.8,71.2,1.0,100,4.17,24.1,12.5,221.5,1004.0,48.9,6.3,,,
13.082,80.275,2011-08-06,29.6,39.3,26.1,24.4,75.0,5.0,100,4.17,15.5,9.1,213.7,1003.5,69.8,6.0,,,
13.082,80.275,2011-08-07,31.1,40.9,30.2,23.3,64.9,0.0,0,0.0,25.9,15.8,254.0,1002.5,50.0,7.5,,,
13.082,80.275,2011-08-08,30.7,40.9,25.1,23.2,65.7,0.0,0,0.0,25.9,14.3,220.7,1003.3,62.7,6.5,,,
13.082,80.275,2011-08-09,29.6,40.8,25.1,24.4,75.0,11.0,100,8.33,22.3,13.3,208.3,1004.0,64.1,6.6,,,
13.082,80.275,2011-08-10,30.0,42.3,26.1,24.7,75.0,0.5,100,8.33,20.5,13.2,206.8,1004.7,59.3,6.5,,,
13.082,80.275,2011-08-11,29.2,40.7,25.1,24.6,77.9,15.7,100,4.17,22.3,14.4,225.7,1004.7,64.8,6.9,,,
13.082,80.275,2011-08-12,29.7,39.5,26.1,23.7,71.4,0.2,100,4.17,29.5,17.1,227.3,1002.5,62.5,7.4,,,
13.082,80.275,2011-08-13,30.9,39.5,30.2,24.1,68.5,0.0,0,0.0,22.3,15.2,227.3,1001.8,55.4,7.2,,,
13.082,80.275,2011-08-14,30.6,38.4,30.2,23.6,67.3,0.0,0,0.0,18.4,12.5,221.9,1005.2,53.3,6.6,,,
13.082,80.275,2011-08-15,29.9,40.7,30.2,24.1,72.2,0.5,100,4.17,20.5,11.2,189.0,1006.5,46.7,5.8,,,
13.082,80.275,2011-08-16,29.4,40.7,25.1,24.0,73.9,0.0,0,0.0,22.3,12.6,239.7,1005.5,63.3,6.7,,,
13.082,80.275,2011-08-17,28.1,40.8,26.1,23.5,77.0,0.2,100,4.17,24.1,10.2,247.5,1004.9,59.6,7.0,,,
13.082,80.275,2011-08-18,29.3,39.6,26.1,24.1,75.0,3.0,100,4.17,25.9,14.4,245.7,1004.4,50.5,7.7,,,
13.082,80.275,2011-08-19,28.2,35.6,25.1,24.0,78.8,17.0,100,4.17,16.6,7.6,215.0,1004.6,84.6,6.3,,,
13.082,80.275,2011-08-20,29.6,38.2,26.1,24.1,73.5,0.0,0,0.0,16.6,10.8,218.8,1004.4,55.4,6.5,,,
13.082,80.275,2011-08-21,27.8,36.7,24.1,24.7,83.3,58.0,100,8.33,13.0,7.8,178.1,1005.0,82.4,6.0,,,
13.082,80.275,2011-08-22,29.5,39.4,30.8,25.2,78.3,0.0,0,0.0,20.5,8.9,190.3,1005.3,66.7,6.8,,,
13.082,80.275,2011-08-23,29.7,42.3,31.4,25.8,80.2,0.1,100,4.17,20.5,11.1,172.5,1005.4,44.9,6.5,,,
13.082,80.275,2011-08-24,29.5,40.7,26.1,24.4,75.2,0.7,100,4.17,18.4,13.3,219.4,1004.6,54.5,6.5,,,
13.082,80.275,2011-08-25,28.8,39.4,24.1,24.6,79.1,16.0,100,8.33,15.8,9.9,220.7,1005.1,70.8,6.0,,,
13.082,80.275,2011-08-26,28.4,38.0,25.1,24.3,79.2,6.0,100,8.33,22.3,13.4,231.6,1005.6,67.1,6.0,,,
13.082,80.275,2011-08-27,28.8,40.7,24.1,24.1,77.3,36.0,100,4.17,22.3,13.3,227.4,1005.9,87.1,6.5,,,
13.082,80.275,2011-08-28,29.7,38.4,26.1,23.3,69.6,11.0,100,4.17,25.9,13.3,231.6,1004.5,82.9,6.0,,,
13.082,80.275,2011-08-29,29.6,35.6,29.7,22.2,64.7,0.0,0,0.0,22.3,15.3,231.7,1004.5,89.6,6.0,,,
13.082,80.275,2011-08-30,30.0,36.9,29.3,22.8,66.3,0.2,100,4.17,24.1,15.5,222.4,1004.0,77.9,6.8,,,
13.082,80.275,2011-08-31,29.9,39.3,29.7,23.6,69.7,0.5,100,4.17,20.5,13.3,216.3,1003.2,64.2,6.6,,,
13.082,80.275,2011-09-01,30.5,39.5,29.7,23.5,66.8,0.0,0,0.0,25.9,15.7,217.8,1002.1,59.2,7.0,,,
13.082,80.275,2011-09-02,29.4,38.0,29.7,23.7,72.3,0.0,0,0.0,24.1,13.1,192.0,1003.5,66.7,6.0,,,
13.082,80.275,2011-09-03,29.7,39.5,26.1,23.8,71.6,0.0,0,0.0,22.3,14.4,206.9,1003.9,68.3,6.6,,,
13.082,80.275,2011-09-04,30.4,39.5,29.3,23.1,66.3,0.0,0,0.0,25.9,13.8,217.5,1004.6,56.7,7.8,,,
13.082,80.275,2011-09-05,29.3,39.5,24.1,23.7,73.0,6.0,100,4.17,24.1,13.0,201.5,1005.3,80.4,6.2,,,
13.082,80.275,2011-09-06,29.9,40.8,26.1,24.2,73.8,10.0,100,4.17,20.5,11.9,232.0,1005.6,70.3,6.3,,,
13.082,80.275,2011-09-07,30.2,39.6,29.7,23.9,70.4,0.2,100,4.17,24.1,13.5,234.6,1005.3,60.8,6.7,,,
13.082,80.275,2011-09-08,29.9,40.8,29.3,23.3,68.7,0.0,0,0.0,25.9,13.5,243.1,1005.3,45.8,7.3,,,
13.082,80.275,2011-09-09,29.5,40.7,26.1,24.2,74.7,0.0,0,0.0,20.5,13.4,219.7,1005.6,67.0,7.0,,,
13.082,80.275,2011-09-10,29.2,40.7,25.1,23.9,74.5,0.0,0,0.0,20.5,13.1,223.2,1005.9,59.2,6.7,,,
13.082,80.275,2011-09-11,29.5,39.6,26.1,23.7,72.8,0.0,0,0.0,18.4,12.9,222.6,1004.4,49.2,7.4,,,
13.082,80.275,2011-09-12,28.8,40.7,25.1,23.7,75.5,0.3,100,4.17,20.9,11.5,220.7,1003.9,52.4,7.5,,,
13.082,80.275,2011-09-13,28.8,39.4,25.1,24.1,76.9,10.0,100,4.17,22.3,14.0,224.4,1003.7,77.4,6.6,,,
13.082,80.275,2011-09-14,28.7,38.0,24.1,24.1,77.3,0.5,100,4.17,14.8,11.1,233.4,1004.0,71.2,6.4,,,
13.082,80.275,2011-09-15,29.9,45.5,26.1,24.2,73.0,0.0,0,0.0,22.3,15.5,208.6,1004.0,50.8,6.7,,,
13.082,80.275,2011-09-16,28.4,40.7,25.1,24.2,79.6,24.0,100,12.5,25.9,14.7,247.3,1005.2,62.9,6.4,,,
13.082,80.275,2011-09-17,28.3,36.7,25.1,24.3,79.8,18.0,100,8.33,22.3,11.0,215.1,1006.6,78.8,5.5,,,
13.082,80.275,2011-09-18,29.4,39.5,25.1,24.3,75.3,2.0,100,4.17,27.7,11.3,228.8,1007.1,64.3,6.9,,,
13.082,80.275,2011-09-19,29.2,40.7,24.1,24.5,77.2,10.0,100,4.17,22.3,11.3,244.9,1007.9,59.2,6.8,,,
13.082,80.275,2011-09-20,27.1,37.9,24.1,24.6,87.0,48.0,100,12.5,20.5,8.8,217.6,1009.0,87.9,5.0,,,
13.082,80.275,2011-09-21,29.7,38.4,26.1,23.5,71.2,0.0,0,0.0,22.3,12.4,247.1,1007.1,38.3,6.9,,,
13.082,80.275,2011-09-22,29.9,38.4,29.7,23.1,68.3,0.0,0,0.0,22.3,12.0,252.1,1006.2,31.7,7.4,,,
13.082,80.275,2011-09-23,29.8,37.4,26.1,22.7,67.8,0.0,0,0.0,20.5,13.0,221.6,1005.8,27.2,7.3,,,
13.082,80.275,2011-09-24,29.6,39.4,26.1,23.7,72.2,0.0,0,0.0,18.4,12.7,188.4,1006.9,24.6,6.6,,,
13.082,80.275,2011-09-25,29.9,42.3,30.8,25.3,77.2,0.0,0,0.0,18.4,12.6,188.2,1008.2,33.3,7.1,,,
13.082,80.275,2011-09-26,30.1,40.8,25.1,23.9,70.9,0.0,0,0.0,18.4,13.3,218.3,1008.2,21.3,7.3,,,
13.082,80.275,2011-09-27,30.4,40.9,31.4,24.7,73.4,0.0,0,0.0,16.6,11.1,209.6,1007.1,23.1,6.6,,,
13.082,80.275,2011-09-28,30.5,42.1,30.8,25.3,75.2,0.0,0,0.0,18.4,10.7,208.2,1006.5,36.6,5.9,,,
13.082,80.275,2011-09-29,29.2,39.3,26.1,25.1,79.1,2.0,100,4.17,9.4,4.9,261.4,1006.9,48.7,5.1,,,
13.082,80.275,2011-09-30,29.8,40.8,30.8,25.4,78.6,0.0,0,0.0,14.8,9.2,210.2,1007.3,45.9,4.0,,,
13.082,80.275,2011-10-01,30.0,40.7,26.1,24.0,71.9,0.0,0,0.0,18.4,9.7,192.0,1007.3,25.3,5.6,,,
13.082,80.275,2011-10-02,30.2,43.7,26.1,24.4,72.7,0.1,100,4.17,16.6,9.6,209.4,1007.1,59.8,6.2,,,
13.082,80.275,2011-10-03,29.1,39.4,25.1,24.0,74.8,0.3,100,4.17,16.6,10.9,248.0,1007.3,78.3,5.7,,,
13.082,80.275,2011-10-04,29.5,38.0,32.8,24.3,74.3,0.0,0,0.0,22.3,8.3,272.0,1007.2,76.8,6.0,,,
13.082,80.275,2011-10-05,29.8,38.4,26.1,24.3,73.6,0.1,100,4.17,20.5,9.2,172.9,1008.4,54.5,5.6,,,
13.082,80.275,2011-10-06,29.4,40.7,30.2,25.0,77.7,3.1,100,4.17,16.6,9.6,147.8,1009.6,54.6,5.9,,,
13.082,80.275,2011-10-07,29.2,40.7,25.1,24.0,74.1,0.0,0,0.0,18.4,10.1,196.2,1009.3,39.0,6.4,,,
13.082,80.275,2011-10-08,29.4,42.0,25.1,25.3,79.8,11.0,100,4.17,37.1,9.3,240.4,1008.7,47.9,5.4,,,
13.082,80.275,2011-10-09,29.6,40.8,25.1,24.3,74.5,0.0,0,0.0,22.3,10.2,176.2,1008.5,43.4,5.5,,,
13.082,80.275,2011-10-10,29.6,39.4,26.1,25.0,77.2,0.0,0,0.0,18.4,8.8,91.1,1008.9,27.5,5.9,,,
13.082,80.275,2011-10-11,28.0,36.7,26.1,25.1,84.3,23.0,100,4.17,22.3,6.3,41.6,1009.5,77.3,4.6,,,
13.082,80.275,2011-10-12,28.0,39.3,25.1,24.8,83.5,3.2,100,8.33,22.3,8.1,23.7,1008.7,61.2,5.7,,,
13.082,80.275,2011-10-13,28.6,39.3,25.9,24.9,81.0,0.4,100,8.33,16.6,6.7,90.1,1008.4,51.7,6.0,,,
13.082,80.275,2011-10-14,27.8,37.6,26.1,25.3,86.6,0.5,100,4.17,13.0,5.0,269.6,1008.2,63.4,5.0,,,
13.082,80.275,2011-10-15,28.5,37.9,25.1,25.1,82.4,0.0,0,0.0,14.8,5.4,170.6,1007.5,46.3,5.8,,,
13.082,80.275,2011-10-16,28.8,39.3,26.1,25.1,81.4,0.1,100,4.17,14.8,6.0,152.0,1007.3,42.1,5.8,,,
13.082,80.275,2011-10-17,28.4,38.0,25.1,24.9,82.3,15.0,100,4.17,14.8,5.2,87.1,1007.8,43.6,5.2,,,
13.082,80.275,2011-10-18,27.9,38.0,25.1,24.9,84.7,12.0,100,4.17,18.4,4.7,349.1,1008.3,68.1,4.5,,,
13.082,80.275,2011-10-19,28.2,38.0,25.1,23.6,78.2,0.0,0,0.0,16.6,6.8,27.3,1007.0,36.1,4.6,,,
13.082,80.275,2011-10-20,28.8,38.2,24.1,23.8,76.4,0.0,0,0.0,16.6,7.3,167.3,1007.1,33.8,4.6,,,
13.082,80.275,2011-10-21,28.8,39.4,25.1,24.4,78.2,0.0,0,0.0,20.5,6.7,94.0,1007.4,22.3,3.9,,,
13.082,80.275,2011-10-22,28.7,40.7,25.1,24.5,78.7,0.1,100,4.17,16.6,6.5,111.6,1007.8,46.0,5.1,,,
13.082,80.275,2011-10-23,28.4,38.0,25.1,24.6,80.4,0.3,100,8.33,22.3,8.1,59.5,1008.7,47.3,5.5,,,
13.082,80.275,2011-10-24,27.4,36.3,24.1,24.7,85.8,42.2,100,12.5,22.3,9.0,32.8,1008.8,82.5,5.2,,,
13.082,80.275,2011-10-25,25.3,30.0,24.1,24.2,93.4,61.8,100,16.67,9.7,4.7,59.3,1009.0,95.8,2.3,,,
13.082,80.275,2011-10-26,25.5,35.8,24.1,24.2,92.7,53.0,100,12.5,18.4,5.3,50.6,1009.5,85.4,3.2,,,
13.082,80.275,2011-10-27,26.1,32.8,24.1,24.6,91.4,7.1,100,12.5,9.4,3.2,5.3,1009.9,85.8,4.2,,,
13.082,80.275,2011-10-28,27.4,37.9,24.1,24.7,86.0,0.8,100,12.5,16.6,8.5,33.5,1009.8,61.1,5.5,,,
13.082,80.275,2011-10-29,26.1,37.6,24.1,24.5,91.3,57.0,100,16.67,16.9,5.4,41.3,1009.3,74.1,3.6,,,
13.082,80.275,2011-10-30,26.6,37.6,24.1,24.4,88.3,1.0,100,12.5,16.6,7.3,10.1,1008.6,76.0,4.6,,,
13.082,80.275,2011-10-31,26.1,33.7,24.1,24.2,89.7,11.5,100,12.5,13.3,5.7,7.4,1008.9,83.1,4.0,,,
13.082,80.275,2011-11-01,25.7,34.7,24.1,24.7,94.0,48.5,100,16.67,14.8,3.9,63.2,1009.3,87.5,3.4,,,
13.082,80.275,2011-11-02,26.1,34.7,24.1,24.5,91.4,20.2,100,8.33,10.1,3.9,33.0,1008.6,87.1,4.0,,,
13.082,80.275,2011-11-03,25.9,32.8,25.1,24.5,92.6,12.0,100,8.33,13.0,5.7,0.3,1008.4,87.9,3.8,,,
13.082,80.275,2011-11-04,25.9,32.8,24.1,24.8,93.9,44.0,100,16.67,14.8,8.3,57.2,1009.4,91.1,3.1,,,
13.082,80.275,2011-11-05,26.2,35.8,25.1,25.1,93.4,73.0,100,20.83,18.4,7.5,14.6,1010.6,85.9,3.4,,,
13.082,80.275,2011-11-06,26.8,37.6,25.1,24.2,86.4,5.0,100,4.17,18.4,7.4,17.1,1011.1,68.4,3.4,,,
13.082,80.275,2011-11-07,26.6,33.7,23.1,22.1,78.6,0.0,0,0.0,18.4,5.8,40.6,1011.6,29.5,4.0,,,
13.082,80.275,2011-11-08,26.1,33.1,22.1,20.6,74.7,0.0,0,0.0,11.2,4.5,357.7,1011.7,13.8,4.2,,,
13.082,80.275,2011-11-09,25.8,32.0,21.1,20.1,74.0,0.0,0,0.0,18.4,7.4,337.2,1010.7,17.5,5.0,,,
13.082,80.275,2011-11-10,26.0,32.6,22.1,22.1,80.2,0.0,0,0.0,14.8,7.3,348.3,1010.5,34.8,4.3,,,
13.082,80.275,2011-11-11,26.8,34.7,24.1,22.5,78.8,0.0,0,0.0,18.7,7.5,19.6,1010.7,32.3,4.3,,,
13.082,80.275,2011-11-12,26.6,34.3,23.1,21.9,77.7,0.0,0,0.0,20.5,5.0,38.2,1010.7,20.5,5.0,,,
13.082,80.275,2011-11-13,26.8,34.7,23.1,22.1,76.8,0.0,0,0.0,18.4,6.3,34.9,1011.1,36.2,4.5,,,
13.082,80.275,2011-11-14,26.8,34.3,23.1,21.7,75.5,0.0,0,0.0,18.4,7.8,24.0,1011.4,32.5,5.9,,,
13.082,80.275,2011-11-15,26.9,34.3,23.1,22.0,75.4,0.0,0,0.0,24.1,11.2,9.6,1011.5,38.9,6.4,,,
13.082,80.275,2011-11-16,27.1,33.4,23.1,22.1,75.1,0.0,0,0.0,25.9,15.0,14.8,1010.7,53.7,5.5,,,
13.082,80.275,2011-11-17,26.0,34.7,24.6,24.2,90.4,7.0,100,8.33,16.6,5.4,21.9,1010.8,73.6,3.7,,,
13.082,80.275,2011-11-18,26.0,32.9,24.1,22.6,82.7,27.0,100,4.17,22.3,7.7,34.5,1011.3,78.6,4.1,,,
13.082,80.275,2011-11-19,26.0,32.6,22.1,20.2,72.5,0.0,0,0.0,25.9,9.8,30.7,1011.6,33.8,5.7,,,
13.082,80.275,2011-11-20,26.6,33.1,23.1,20.9,72.2,0.0,0,0.0,22.3,9.5,41.7,1012.2,40.2,5.7,,,
13.082,80.275,2011-11-21,26.5,33.1,22.1,20.8,72.0,0.0,0,0.0,25.9,9.2,40.3,1012.8,47.1,5.6,,,
13.082,80.275,2011-11-22,25.9,31.4,23.1,20.4,72.9,0.0,0,0.0,20.5,7.6,28.7,1011.7,48.3,5.5,,,
13.082,80.275,2011-11-23,26.8,32.0,23.1,20.8,71.1,0.0,0,0.0,24.1,13.1,35.8,1010.7,47.7,5.5,,,
13.082,80.275,2011-11-24,26.9,32.9,25.1,23.1,80.3,0.8,100,4.17,25.9,13.2,30.4,1010.1,78.5,4.4,,,
13.082,80.275,2011-11-25,25.1,30.8,24.1,24.1,94.4,125.2,100,16.67,29.5,13.7,42.9,1009.5,95.7,2.7,,,
13.082,80.275,2011-11-26,26.1,34.7,24.1,24.4,90.6,39.0,100,25.0,29.5,15.1,96.2,1008.3,94.5,3.4,,,
13.082,80.275,2011-11-27,25.6,30.2,24.1,23.9,90.8,67.0,100,20.83,24.1,10.8,122.3,1009.4,97.0,3.6,,,
13.082,80.275,2011-11-28,25.4,32.1,24.1,23.8,91.0,10.0,100,12.5,16.6,6.8,52.1,1009.3,92.1,4.4,,,
13.082,80.275,2011-11-29,25.5,30.2,24.1,23.8,90.4,0.3,100,4.17,18.4,5.9,24.0,1009.3,87.8,3.5,,,
13.082,80.275,2011-11-30,27.1,35.6,24.1,23.6,82.4,0.0,0,0.0,16.6,7.6,59.7,1009.7,53.3,5.0,,,
13.082,80.275,2011-12-01,27.0,34.3,25.1,23.5,81.7,0.0,0,0.0,14.8,6.3,74.4,1010.0,40.1,5.3,,,
13.082,80.275,2011-12-02,26.3,33.4,23.1,22.5,80.9,0.1,100,4.17,11.2,4.0,117.1,1009.5,32.9,4.5,,,
13.082,80.275,2011-12-03,26.3,32.9,23.1,22.4,80.5,0.0,0,0.0,13.0,4.6,146.3,1007.9,29.7,4.0,,,
13.082,80.275,2011-12-04,26.3,33.4,23.1,22.6,80.9,0.0,0,0.0,11.2,4.1,122.4,1008.8,33.4,3.5,,,
13.082,80.275,2011-12-05,26.1,34.3,23.1,22.9,83.7,0.0,0,0.0,16.6,4.6,51.0,1010.2,27.7,3.8,,,
13.082,80.275,2011-12-06,25.9,31.4,23.1,21.8,79.4,0.0,0,0.0,18.4,7.0,44.8,1010.4,33.2,4.3,,,
13.082,80.275,2011-12-07,25.9,32.0,22.1,19.8,70.6,0.1,100,4.17,24.1,9.6,26.1,1010.7,31.7,4.7,,,
13.082,80.275,2011-12-08,26.1,32.1,23.1,22.0,78.6,0.1,100,4.17,22.3,7.8,10.7,1010.2,51.0,4.7,,,
13.082,80.275,2011-12-09,26.8,36.7,24.1,24.0,85.2,5.3,100,8.33,25.9,11.4,55.8,1010.3,60.0,5.7,,,
13.082,80.275,2011-12-10,27.4,34.7,25.1,23.8,82.1,0.4,100,8.33,18.4,8.4,47.9,1010.7,39.4,6.2,,,
13.082,80.275,2011-12-11,26.7,35.6,24.1,23.3,82.9,0.0,0,0.0,18.4,6.7,63.8,1010.8,35.1,5.2,,,
13.082,80.275,2011-12-12,27.0,34.7,24.1,22.4,77.2,0.0,0,0.0,22.3,10.3,44.3,1011.4,43.8,5.5,,,
13.082,80.275,2011-12-13,26.9,32.6,24.1,21.6,73.5,0.0,0,0.0,24.1,11.9,27.4,1011.8,48.9,4.8,,,
13.082,80.275,2011-12-14,25.6,30.8,23.1,21.5,78.6,0.9,100,4.17,24.5,10.0,14.5,1012.3,68.2,4.3,,,
13.082,80.275,2011-12-15,25.7,32.1,23.1,22.6,83.2,4.1,100,4.17,33.5,13.6,45.4,1012.1,71.7,4.2,,,
13.082,80.275,2011-12-16,25.2,32.0,22.1,20.1,74.2,0.0,0,0.0,22.3,8.6,47.9,1012.7,50.7,4.4,,,
13.082,80.275,2011-12-17,25.1,30.4,21.1,19.1,70.4,0.0,0,0.0,22.3,7.9,24.0,1012.9,38.7,5.0,,,
13.082,80.275,2011-12-18,24.2,28.9,21.1,20.1,78.6,0.0,0,0.0,24.5,7.4,30.3,1012.9,55.7,3.4,,,
13.082,80.275,2011-12-19,24.8,30.4,21.1,20.0,75.3,0.0,0,0.0,25.9,9.4,17.8,1012.3,47.1,4.1,,,
13.082,80.275,2011-12-20,24.7,30.2,22.1,19.7,74.5,0.0,0,0.0,22.3,8.3,22.6,1012.1,50.0,4.0,,,
13.082,80.275,2011-12-21,25.1,30.9,22.1,19.9,74.0,0.0,0,0.0,24.1,9.0,33.8,1011.5,50.0,3.9,,,
13.082,80.275,2011-12-22,24.5,29.3,21.1,19.1,72.7,0.0,0,0.0,25.9,9.0,24.9,1011.9,46.2,4.4,,,
13.082,80.275,2011-12-23,23.9,28.6,21.1,19.5,76.9,0.0,0,0.0,22.3,6.7,13.2,1011.1,65.8,4.4,,,
13.082,80.275,2011-12-24,23.6,29.3,19.1,19.5,78.3,0.0,0,0.0,23.8,10.2,28.9,1010.5,56.2,4.3,,,
13.082,80.275,2011-12-25,23.9,29.7,20.1,19.6,78.0,0.0,0,0.0,22.3,9.1,23.5,1010.4,40.5,4.5,,,
13.082,80.275,2011-12-26,23.5,29.7,19.1,19.0,77.2,0.0,0,0.0,22.3,8.0,7.8,1010.3,34.5,3.8,,,
13.082,80.275,2011-12-27,23.3,29.5,19.1,18.3,75.7,0.0,0,0.0,18.4,7.0,7.1,1010.3,48.3,3.4,,,
13.082,80.275,2011-12-28,25.1,29.8,20.1,16.5,61.5,0.0,0,0.0,27.7,12.9,351.4,1009.0,55.8,4.3,,,
13.082,80.275,2011-12-29,24.0,25.2,22.1,22.2,90.1,26.0,100,20.83,41.0,23.8,356.8,1006.7,97.5,2.8,,,
13.082,80.275,2011-12-30,23.8,25.9,22.1,22.6,93.3,110.0,100,25.0,46.4,23.4,86.9,1009.8,99.0,1.8,,,
13.082,80.275,2011-12-31,25.2,34.3,21.1,22.8,87.4,0.1,100,4.17,14.8,5.9,106.5,1012.0,65.7,4.2,,,
13.082,80.275,2012-01-01,25.8,33.7,24.1,23.9,89.7,9.0,100,8.33,13.0,5.4,128.0,1011.6,67.9,3.7,,,
13.082,80.275,2012-01-02,26.4,35.2,24.1,23.9,86.6,0.3,100,12.5,14.8,6.1,85.4,1011.6,61.8,3.5,,,
13.082,80.275,2012-01-03,26.6,35.2,24.1,23.8,85.4,0.0,0,0.0,14.8,6.3,62.0,1011.3,45.6,5.1,,,
13.082,80.275,2012-01-04,26.6,36.7,24.1,23.8,85.9,0.0,0,0.0,18.4,7.6,72.4,1011.7,47.0,5.9,,,
13.082,80.275,2012-01-05,26.5,34.3,24.1,23.5,84.6,0.4,100,8.33,16.6,7.2,68.5,1013.3,38.4,5.4,,,
13.082,80.275,2012-01-06,26.2,34.3,23.1,22.9,83.1,0.0,0,0.0,16.6,7.3,65.4,1014.0,46.5,6.0,,,
13.082,80.275,2012-01-07,25.4,32.6,22.1,22.0,82.7,0.0,0,0.0,18.4,7.9,72.6,1014.9,36.1,6.0,,,
13.082,80.275,2012-01-08,25.8,33.4,22.1,22.2,81.9,0.0,0,0.0,18.4,7.7,60.7,1014.8,32.8,6.2,,,
13.082,80.275,2012-01-09,26.5,35.6,23.1,23.1,82.8,0.0,0,0.0,18.4,8.6,101.1,1013.1,42.4,5.1,,,
13.082,80.275,2012-01-10,26.8,34.3,23.1,22.9,80.1,0.0,0,0.0,18.4,10.6,116.4,1011.9,44.2,6.3,,,
13.082,80.275,2012-01-11,25.9,32.0,23.1,21.5,78.7,12.0,100,4.17,18.4,7.9,114.5,1012.8,44.2,6.6,,,
13.082,80.275,2012-01-12,25.1,29.7,22.1,21.1,79.8,0.2,100,8.33,16.6,7.4,29.0,1013.0,34.8,5.9,,,
13.082,80.275,2012-01-13,24.8,29.7,22.1,20.8,79.6,0.2,100,4.17,25.9,10.4,32.9,1013.8,47.1,4.8,,,
13.082,80.275,2012-01-14,24.2,27.9,21.1,16.7,65.0,0.0,0,0.0,21.2,9.8,24.4,1013.3,31.6,5.4,,,
13.082,80.275,2012-01-15,22.4,27.3,19.1,15.9,68.2,0.0,0,0.0,18.4,7.9,18.6,1012.6,43.1,6.2,,,
13.082,80.275,2012-01-16,22.7,28.3,18.1,16.4,69.5,0.0,0,0.0,18.4,6.9,44.4,1011.3,38.1,6.0,,,
13.082,80.275,2012-01-17,22.7,29.5,18.1,17.6,75.0,0.0,0,0.0,14.8,5.9,105.0,1010.0,18.1,5.7,,,
13.082,80.275,2012-01-18,23.6,29.3,19.1,18.7,75.9,0.0,0,0.0,20.5,8.0,151.0,1009.4,12.1,6.2,,,
13.082,80.275,2012-01-19,24.2,30.4,19.1,18.9,73.8,0.0,0,0.0,18.4,8.8,150.2,1009.6,15.7,7.2,,,
13.082,80.275,2012-01-20,24.2,30.9,19.1,19.0,74.6,0.0,0,0.0,18.4,7.8,115.9,1010.6,12.7,6.0,,,
13.082,80.275,2012-01-21,23.8,30.4,20.1,19.3,77.6,0.0,0,0.0,14.8,6.5,63.1,1011.3,15.4,5.7,,,
13.082,80.275,2012-01-22,24.3,29.5,19.1,18.8,73.5,0.0,0,0.0,22.3,9.0,75.5,1012.9,25.4,6.7,,,
13.082,80.275,2012-01-23,24.1,29.5,20.1,18.4,73.0,0.0,0,0.0,20.5,7.3,69.1,1013.2,33.7,6.9,,,
13.082,80.275,2012-01-24,24.1,29.9,20.1,18.4,72.1,0.0,0,0.0,18.4,7.5,56.7,1012.6,36.1,5.5,,,
13.082,80.275,2012-01-25,24.3,29.9,21.1,18.7,72.7,0.0,0,0.0,18.4,6.8,76.7,1012.3,42.7,5.0,,,
13.082,80.275,2012-01-26,24.6,30.9,21.1,19.9,76.4,0.0,0,0.0,20.5,8.2,52.9,1012.2,38.5,5.4,,,
13.082,80.275,2012-01-27,25.2,32.0,21.1,20.4,76.1,0.0,0,0.0,18.4,8.4,79.1,1011.9,42.9,6.3,,,
13.082,80.275,2012-01-28,25.0,30.9,22.1,20.1,75.8,0.0,0,0.0,20.5,10.2,74.1,1011.6,30.5,5.8,,,
13.082,80.275,2012-01-29,24.9,29.9,21.1,19.1,72.4,0.0,0,0.0,18.4,9.2,81.3,1011.3,30.1,5.6,,,
13.082,80.275,2012-01-30,25.5,30.9,22.1,19.8,71.6,0.2,100,4.17,24.1,13.0,69.3,1012.1,38.4,6.1,,,
13.082,80.275,2012-01-31,25.3,30.4,22.1,20.4,75.4,16.0,100,4.17,24.1,11.9,48.3,1013.5,50.8,6.8,,,
13.082,80.275,2012-02-01,24.7,30.4,21.1,19.7,75.0,0.0,0,0.0,24.1,10.1,35.6,1013.4,42.0,5.1,,,
13.082,80.275,2012-02-02,24.7,30.9,21.1,20.0,76.5,0.0,0,0.0,24.1,9.1,41.6,1014.2,42.6,5.7,,,
13.082,80.275,2012-02-03,25.5,30.9,22.1,20.3,74.3,0.0,0,0.0,24.1,11.0,45.3,1013.7,43.8,5.3,,,
13.082,80.275,2012-02-04,24.8,29.9,20.1,18.8,70.4,0.0,0,0.0,22.3,10.5,49.0,1013.2,36.2,5.8,,,
13.082,80.275,2012-02-05,24.9,30.9,20.1,19.7,74.3,0.0,0,0.0,22.3,7.1,46.7,1012.9,37.5,5.3,,,
13.082,80.275,2012-02-06,25.6,33.4,22.1,21.5,79.1,0.0,0,0.0,18.4,7.6,43.2,1012.2,38.4,5.7,,,
13.082,80.275,2012-02-07,26.0,33.1,23.1,21.7,78.7,0.0,0,0.0,24.1,8.8,72.6,1011.6,38.0,5.7,,,
13.082,80.275,2012-02-08,25.6,32.6,22.1,20.9,76.6,0.0,0,0.0,16.6,6.3,87.1,1010.8,23.8,5.4,,,
13.082,80.275,2012-02-09,25.9,32.1,22.1,21.7,78.6,0.0,0,0.0,18.4,6.9,82.5,1010.4,47.4,5.6,,,
13.082,80.275,2012-02-10,26.4,34.7,23.1,21.9,77.4,0.0,0,0.0,16.6,5.9,116.5,1010.7,40.2,5.3,,,
13.082,80.275,2012-02-11,25.8,32.1,21.1,21.9,79.9,0.0,0,0.0,18.4,7.5,87.0,1011.4,50.3,5.9,,,
13.082,80.275,2012-02-12,26.1,32.6,22.1,21.3,76.2,0.0,0,0.0,18.4,7.7,98.2,1011.8,51.6,6.3,,,
13.082,80.275,2012-02-13,25.9,32.6,22.1,21.2,76.8,0.0,0,0.0,18.4,6.8,83.5,1012.3,38.8,5.3,,,
13.082,80.275,2012-02-14,25.6,34.7,21.1,21.3,78.5,0.0,0,0.0,22.3,8.4,72.2,1012.2,36.6,5.3,,,
13.082,80.275,2012-02-15,26.1,34.7,22.1,21.7,77.8,0.0,0,0.0,20.5,8.2,127.2,1011.1,28.3,6.3,,,
13.082,80.275,2012-02-16,26.6,33.4,23.1,22.1,77.5,0.0,0,0.0,18.4,8.7,120.1,1009.4,34.0,5.6,,,
13.082,80.275,2012-02-17,26.1,34.7,22.1,21.7,78.0,0.0,0,0.0,24.1,9.0,78.7,1010.2,38.3,5.3,,,
13.082,80.275,2012-02-18,25.7,32.0,21.1,20.6,75.0,0.0,0,0.0,20.5,8.4,52.4,1011.8,33.8,5.5,,,
13.082,80.275,2012-02-19,25.9,33.6,22.1,20.8,75.8,0.0,0,0.0,16.6,6.4,60.6,1012.1,24.6,5.8,,,
13.082,80.275,2012-02-20,25.3,32.0,20.7,19.8,77.1,0.0,0,0.0,16.6,6.3,102.4,1010.5,21.1,5.0,,,
13.082,80.275,2012-02-21,26.3,35.6,22.1,21.4,76.7,0.0,0,0.0,18.4,6.5,89.9,1009.5,10.7,3.7,,,
13.082,80.275,2012-02-22,26.2,33.8,22.1,21.5,78.1,0.0,0,0.0,18.4,4.9,86.0,1009.4,18.7,4.5,,,
13.082,80.275,2012-02-23,26.2,32.5,22.1,17.8,67.6,0.0,0,0.0,16.6,5.2,59.8,1009.6,20.8,5.4,,,
13.082,80.275,2012-02-24,26.1,31.4,20.1,16.9,64.1,0.0,0,0.0,14.8,4.4,102.2,1009.2,20.8,5.2,,,
13.082,80.275,2012-02-25,26.7,31.4,21.1,14.7,53.9,0.0,0,0.0,16.6,5.2,60.9,1008.9,15.3,5.0,,,
13.082,80.275,2012-02-26,26.4,33.1,21.1,17.3,59.9,0.0,0,0.0,13.0,6.4,37.2,1008.7,7.4,5.4,,,
13.082,80.275,2012-02-27,26.4,33.0,21.1,19.2,66.7,0.0,0,0.0,13.0,4.4,83.6,1009.1,7.8,6.2,,,
13.082,80.275,2012-02-28,27.3,35.6,22.1,22.0,74.1,0.0,0,0.0,13.0,6.4,159.5,1007.9,0.0,5.8,,,
13.082,80.275,2012-02-29,29.2,40.8,26.1,23.8,74.3,0.0,0,0.0,22.3,9.8,182.4,1006.3,18.0,5.8,,,
13.082,80.275,2012-03-01,28.8,38.4,25.1,24.0,76.9,0.0,0,0.0,20.5,13.7,173.8,1006.9,30.0,5.7,,,
13.082,80.275,2012-03-02,29.1,39.6,26.1,24.1,76.6,0.0,0,0.0,24.1,13.1,186.2,1006.7,30.2,6.8,,,
13.082,80.275,2012-03-03,29.4,40.7,26.1,24.0,74.6,0.0,0,0.0,25.9,15.7,181.2,1006.0,20.1,7.1,,,
13.082,80.275,2012-03-04,29.3,40.7,26.1,23.9,74.0,0.0,0,0.0,22.3,12.2,157.9,1007.0,19.9,6.0,,,
13.082,80.275,2012-03-05,28.8,38.0,30.2,24.4,78.2,0.0,0,0.0,22.3,11.2,134.5,1008.5,37.7,5.6,,,
13.082,80.275,2012-03-06,28.6,39.4,25.1,23.6,76.0,0.0,0,0.0,18.4,7.4,144.8,1008.1,25.4,6.3,,,
13.082,80.275,2012-03-07,28.6,37.4,24.1,22.6,72.7,0.0,0,0.0,14.8,11.7,183.8,1005.6,13.4,5.8,,,
13.082,80.275,2012-03-08,29.2,37.0,25.1,21.8,66.5,0.0,0,0.0,18.4,10.5,160.9,1005.3,10.9,5.3,,,
13.082,80.275,2012-03-09,29.2,39.4,25.1,24.3,77.5,0.0,0,0.0,20.5,8.9,129.9,1005.6,15.5,4.6,,,
13.082,80.275,2012-03-10,28.9,39.4,26.1,24.1,77.0,0.0,0,0.0,24.1,10.9,136.1,1006.3,34.1,5.4,,,
13.082,80.275,2012-03-11,27.8,35.0,24.1,22.4,74.1,0.0,0,0.0,18.4,8.6,84.3,1008.4,35.7,6.8,,,
13.082,80.275,2012-03-12,27.7,35.9,25.1,23.2,77.3,0.0,0,0.0,24.1,10.0,59.0,1010.8,66.3,5.8,,,
13.082,80.275,2012-03-13,28.7,38.0,25.1,24.1,77.5,0.1,100,4.17,22.3,11.3,84.8,1011.4,48.2,6.7,,,
13.082,80.275,2012-03-14,29.8,36.2,26.1,23.1,68.9,0.0,0,0.0,20.5,10.9,106.6,1011.5,40.8,6.6,,,
13.082,80.275,2012-03-15,29.1,38.2,25.1,23.4,72.9,0.1,100,4.17,20.5,9.1,122.8,1011.5,36.2,7.4,,,
13.082,80.275,2012-03-16,29.1,40.7,25.1,23.9,74.3,0.0,0,0.0,24.1,9.3,131.8,1011.1,36.7,6.6,,,
13.082,80.275,2012-03-17,28.9,40.7,24.1,23.8,75.3,0.0,0,0.0,22.3,8.9,155.7,1010.5,35.5,7.0,,,
13.082,80.275,2012-03-18,28.9,40.7,25.1,23.8,75.4,0.0,0,0.0,20.5,8.9,174.2,1010.0,23.3,7.1,,,
13.082,80.275,2012-03-19,28.9,40.8,25.1,23.2,73.5,0.0,0,0.0,20.5,11.8,179.9,1010.1,22.0,6.9,,,
13.082,80.275,2012-03-20,29.8,38.4,26.1,22.5,68.5,0.0,0,0.0,22.3,14.1,170.6,1009.2,14.6,6.9,,,
13.082,80.275,2012-03-21,28.9,38.2,25.9,24.2,76.9,0.0,0,0.0,24.1,16.1,179.5,1009.1,14.8,6.0,,,
13.082,80.275,2012-03-22,30.0,40.8,26.1,23.2,69.9,0.0,0,0.0,25.9,14.1,178.9,1009.1,20.0,6.5,,,
13.082,80.275,2012-03-23,29.1,38.4,25.1,22.9,71.7,0.0,0,0.0,20.5,12.0,167.9,1010.2,5.0,6.2,,,
13.082,80.275,2012-03-24,28.9,35.3,23.1,20.4,67.1,0.0,0,0.0,18.4,10.2,168.1,1010.6,9.2,5.7,,,
13.082,80.275,2012-03-25,27.7,36.2,22.1,21.4,70.4,0.0,0,0.0,22.3,10.1,147.8,1010.6,6.3,5.1,,,
13.082,80.275,2012-03-26,27.9,34.3,23.1,21.3,69.1,0.0,0,0.0,16.6,8.5,133.5,1011.3,24.0,4.5,,,
13.082,80.275,2012-03-27,28.5,37.1,23.1,21.8,68.7,0.0,0,0.0,18.4,10.5,105.0,1011.8,33.8,5.7,,,
13.082,80.275,2012-03-28,28.7,38.0,25.1,23.7,75.2,0.0,0,0.0,22.3,9.9,119.5,1012.6,39.8,5.6,,,
13.082,80.275,2012-03-29,29.6,40.7,25.1,24.5,75.7,0.0,0,0.0,25.9,11.4,149.2,1011.6,43.8,6.4,,,
13.082,80.275,2012-03-30,30.6,40.8,30.2,24.0,70.5,0.0,0,0.0,24.1,15.2,167.5,1009.5,26.9,6.4,,,
13.082,80.275,2012-03-31,29.9,39.4,30.8,24.3,73.1,0.0,0,0.0,24.1,13.2,151.5,1010.0,30.4,6.3,,,
13.082,80.275,2012-04-01,29.6,39.5,26.1,23.8,72.2,0.0,0,0.0,22.3,10.2,127.5,1010.5,38.4,6.4,,,
13.082,80.275,2012-04-02,29.2,38.4,24.1,23.1,71.0,0.0,0,0.0,22.3,9.6,127.2,1011.1,35.7,6.3,,,
13.082,80.275,2012-04-03,29.6,39.5,25.1,22.9,68.8,0.0,0,0.0,20.5,10.5,168.8,1012.2,30.8,5.9,,,
13.082,80.275,2012-04-04,29.3,39.6,24.1,23.1,71.0,0.0,0,0.0,25.9,13.2,173.9,1011.1,10.6,7.0,,,
13.082,80.275,2012-04-05,30.7,42.2,26.1,23.4,68.3,0.0,0,0.0,24.1,14.3,164.7,1008.8,14.7,5.1,,,
13.082,80.275,2012-04-06,30.9,38.7,30.2,23.3,66.9,0.0,0,0.0,25.9,16.4,163.3,1008.2,21.7,5.8,,,
13.082,80.275,2012-04-07,30.4,43.4,26.1,24.6,72.8,0.0,0,0.0,25.9,13.0,158.2,1007.9,30.3,6.0,,,
13.082,80.275,2012-04-08,30.2,42.1,30.8,25.0,74.8,0.0,0,0.0,24.1,13.8,155.4,1007.9,35.3,6.6,,,
13.082,80.275,2012-04-09,30.6,42.0,31.4,24.8,73.0,0.0,0,0.0,25.9,14.9,164.9,1008.4,36.2,6.4,,,
13.082,80.275,2012-04-10,31.1,40.9,30.8,23.9,68.5,0.0,0,0.0,22.3,15.1,169.9,1008.7,29.2,6.4,,,
13.082,80.275,2012-04-11,30.9,42.1,30.8,24.1,68.8,0.0,0,0.0,25.9,15.7,161.4,1008.2,28.6,6.4,,,
13.082,80.275,2012-04-12,30.6,42.0,30.8,24.4,70.9,0.0,0,0.0,27.7,14.4,158.4,1007.4,37.1,6.7,,,
13.082,80.275,2012-04-13,30.3,42.1,26.1,24.3,72.2,0.0,0,0.0,22.3,12.6,147.9,1007.5,32.7,7.3,,,
13.082,80.275,2012-04-14,30.3,40.7,30.8,24.6,72.6,0.0,0,0.0,25.9,11.0,125.1,1008.5,35.0,6.8,,,
13.082,80.275,2012-04-15,30.4,40.7,26.1,24.1,70.6,0.0,0,0.0,27.7,11.0,126.7,1009.1,41.7,7.3,,,
13.082,80.275,2012-04-16,30.4,42.0,26.1,24.1,71.1,0.0,0,0.0,22.3,10.8,156.6,1007.8,29.7,7.0,,,
13.082,80.275,2012-04-17,30.8,43.5,30.8,24.7,71.8,0.0,0,0.0,27.7,16.1,166.2,1005.9,25.7,7.2,,,
13.082,80.275,2012-04-18,31.3,42.1,33.7,24.7,70.1,0.0,0,0.0,25.9,14.4,163.8,1005.4,33.3,6.4,,,
13.082,80.275,2012-04-19,30.8,43.5,30.8,25.6,75.1,0.0,0,0.0,22.3,11.8,140.8,1006.3,35.8,6.8,,,
13.082,80.275,2012-04-20,30.8,42.1,33.7,25.0,73.0,0.0,0,0.0,24.1,12.1,167.5,1007.3,41.7,6.8,,,
13.082,80.275,2012-04-21,31.1,43.3,32.8,24.8,71.1,0.0,0,0.0,22.3,10.8,134.2,1006.8,39.2,6.2,,,
13.082,80.275,2012-04-22,31.3,42.1,33.6,24.7,70.3,0.0,0,0.0,25.9,10.4,161.9,1005.2,35.6,6.0,,,
13.082,80.275,2012-04-23,31.0,43.3,32.8,25.2,72.7,0.0,0,0.0,25.9,10.4,78.6,1004.6,43.3,7.0,,,
13.082,80.275,2012-04-24,31.0,42.1,32.5,25.2,72.0,0.1,100,4.17,24.1,11.2,88.5,1005.6,49.6,7.3,,,
13.082,80.275,2012-04-25,31.4,42.1,33.9,25.0,70.1,0.0,0,0.0,25.9,11.7,142.8,1006.2,52.1,6.5,,,
13.082,80.275,2012-04-26,30.9,40.8,32.0,24.7,70.6,0.2,100,8.33,22.3,9.0,110.5,1007.1,49.9,5.7,,,
13.082,80.275,2012-04-27,30.8,42.1,33.7,25.5,74.4,1.5,100,8.33,22.3,9.5,136.9,1006.6,45.8,6.4,,,
13.082,80.275,2012-04-28,31.6,45.1,34.7,25.3,69.8,0.0,0,0.0,25.9,14.8,159.7,1004.8,41.3,5.9,,,
13.082,80.275,2012-04-29,31.7,46.4,32.1,25.1,69.0,0.0,0,0.0,27.7,16.4,163.9,1004.3,44.1,5.8,,,
13.082,80.275,2012-04-30,31.7,45.1,34.7,25.8,71.6,0.0,0,0.0,22.3,13.7,169.1,1004.4,45.0,5.3,,,
13.082,80.275,2012-05-01,32.0,46.4,32.1,25.7,70.6,0.0,0,0.0,24.1,14.9,175.6,1004.8,35.8,5.7,,,
13.082,80.275,2012-05-02,31.8,44.7,31.4,24.4,65.8,0.0,0,0.0,27.7,15.2,175.6,1005.5,34.5,6.8,,,
13.082,80.275,2012-05-03,32.7,46.1,34.7,24.9,65.6,0.0,0,0.0,22.3,15.0,184.1,1004.2,38.3,5.3,,,
13.082,80.275,2012-05-04,33.3,44.8,33.7,24.1,61.5,0.0,0,0.0,24.1,16.4,203.5,1002.9,36.7,5.7,,,
13.082,80.275,2012-05-05,32.9,44.7,33.7,24.0,63.3,0.0,0,0.0,22.3,17.3,184.7,1003.7,30.0,6.6,,,
13.082,80.275,2012-05-06,32.1,44.8,30.2,23.6,62.7,0.0,0,0.0,22.3,12.7,173.7,1005.5,36.3,6.1,,,
13.082,80.275,2012-05-07,31.2,39.9,32.6,23.1,64.0,0.0,0,0.0,27.7,14.0,155.4,1005.3,34.9,6.2,,,
13.082,80.275,2012-05-08,31.8,49.1,32.9,25.6,71.0,0.0,0,0.0,25.9,14.2,165.8,1005.1,25.8,6.3,,,
13.082,80.275,2012-05-09,31.8,44.7,32.8,24.7,68.4,0.0,0,0.0,24.1,14.3,168.5,1006.2,18.4,6.3,,,
13.082,80.275,2012-05-10,31.1,44.8,30.8,24.6,69.7,0.0,0,0.0,25.9,12.0,173.7,1007.6,29.2,6.2,,,
13.082,80.275,2012-05-11,30.9,40.9,26.1,22.6,62.9,0.0,0,0.0,24.1,13.1,169.8,1006.3,24.4,6.3,,,
13.082,80.275,2012-05-12,31.9,44.8,33.7,24.6,66.6,0.0,0,0.0,27.7,16.0,173.0,1004.3,18.3,6.6,,,
13.082,80.275,2012-05-13,30.7,40.9,32.9,24.4,69.8,0.0,0,0.0,20.5,10.9,164.2,1005.1,42.3,5.8,,,
13.082,80.275,2012-05-14,32.0,47.8,34.7,25.3,69.2,0.0,0,0.0,24.1,13.6,175.3,1005.0,28.2,6.3,,,
13.082,80.275,2012-05-15,32.6,47.8,33.7,24.9,65.8,0.0,0,0.0,27.7,16.0,189.2,1005.1,22.5,6.1,,,
13.082,80.275,2012-05-16,33.1,42.3,30.9,22.1,55.9,0.0,0,0.0,22.3,12.3,181.0,1004.3,27.1,6.3,,,
13.082,80.275,2012-05-17,33.1,46.2,32.6,23.7,60.9,0.2,100,4.17,24.1,13.5,211.4,1003.1,32.3,5.6,,,
13.082,80.275,2012-05-18,33.2,47.5,30.2,23.0,57.8,0.0,0,0.0,22.3,13.8,189.4,1002.9,35.3,5.7,,,
13.082,80.275,2012-05-19,33.7,46.1,39.0,25.5,66.0,0.0,0,0.0,24.1,16.6,192.7,1003.6,25.0,6.1,,,
13.082,80.275,2012-05-20,33.5,46.1,32.0,23.6,58.0,0.0,0,0.0,20.5,10.9,191.6,1003.1,35.8,5.5,,,
13.082,80.275,2012-05-21,33.9,47.3,34.7,24.3,59.4,0.0,0,0.0,24.1,15.8,176.7,1002.6,34.2,5.4,,,
13.082,80.275,2012-05-22,33.8,44.7,32.6,22.6,53.8,0.0,0,0.0,25.9,16.1,188.3,1003.1,33.3,6.2,,,
13.082,80.275,2012-05-23,33.7,46.1,35.2,24.0,59.6,0.1,100,4.17,22.3,14.1,194.8,1003.0,35.6,6.5,,,
13.082,80.275,2012-05-24,35.1,45.0,36.7,22.2,49.7,0.0,0,0.0,25.9,14.8,238.9,1001.5,19.6,6.5,,,
13.082,80.275,2012-05-25,35.3,43.1,35.9,20.7,43.9,0.0,0,0.0,29.5,16.5,253.6,1001.0,44.6,6.5,,,
13.082,80.275,2012-05-26,34.8,42.4,35.0,21.4,46.6,0.0,0,0.0,24.1,17.3,234.1,1001.2,62.1,6.0,,,
13.082,80.275,2012-05-27,35.4,45.6,33.4,21.5,46.5,0.0,0,0.0,27.7,17.8,235.4,1001.1,44.8,7.1,,,
13.082,80.275,2012-05-28,34.8,47.3,34.7,22.5,51.3,0.0,0,0.0,24.1,14.9,220.8,1000.7,38.3,6.4,,,
13.082,80.275,2012-05-29,34.7,44.3,35.6,22.0,49.8,0.0,0,0.0,24.1,16.9,225.4,1001.7,47.9,6.1,,,
13.082,80.275,2012-05-30,35.6,45.2,34.3,21.9,47.2,0.0,0,0.0,27.7,16.1,250.8,1000.8,49.6,7.1,,,
13.082,80.275,2012-05-31,34.3,41.9,35.9,21.6,49.1,0.0,0,0.0,27.7,18.3,229.3,1000.0,49.2,5.5,,,
13.082,80.275,2012-06-01,34.1,40.7,33.4,20.9,50.1,0.0,0,0.0,27.7,17.0,238.1,1000.9,47.9,6.9,,,
13.082,80.275,2012-06-02,34.7,42.2,34.3,21.2,49.9,0.0,0,0.0,25.9,15.9,232.6,1000.9,46.4,6.7,,,
13.082,80.275,2012-06-03,34.4,44.0,35.2,22.8,54.2,0.6,100,4.17,25.9,17.6,230.8,1001.0,18.3,6.7,,,
13.082,80.275,2012-06-04,34.2,44.3,35.2,22.9,54.4,0.0,0,0.0,27.7,19.4,216.8,1001.4,21.0,7.2,,,
13.082,80.275,2012-06-05,33.8,43.1,33.8,22.1,53.3,0.2,100,4.17,25.9,18.4,216.4,1002.1,27.4,7.5,,,
13.082,80.275,2012-06-06,33.7,43.1,33.1,22.3,53.8,0.7,100,4.17,22.3,16.6,227.7,1001.2,33.2,7.4,,,
13.082,80.275,2012-06-07,33.3,44.8,32.1,21.6,51.8,0.3,100,4.17,27.7,18.4,241.1,1001.7,35.9,7.2,,,
13.082,80.275,2012-06-08,33.4,43.1,32.1,20.9,50.6,0.0,0,0.0,27.7,18.5,260.3,1002.6,42.5,7.4,,,
13.082,80.275,2012-06-09,33.4,39.4,32.5,19.5,44.8,0.0,0,0.0,25.9,18.9,258.3,1003.3,76.3,6.4,,,
13.082,80.275,2012-06-10,33.9,39.4,31.9,18.8,41.6,0.0,0,0.0,25.9,15.5,259.5,1002.7,58.3,6.3,,,
13.082,80.275,2012-06-11,33.6,38.4,31.9,19.1,45.0,0.0,0,0.0,22.3,16.5,234.0,1002.0,56.7,4.5,,,
13.082,80.275,2012-06-12,32.8,39.3,32.9,21.0,53.4,0.0,0,0.0,25.9,18.8,205.5,1001.6,42.5,6.2,,,
13.082,80.275,2012-06-13,32.5,40.2,32.0,21.9,54.6,0.0,0,0.0,27.7,18.0,195.6,1002.7,43.3,6.8,,,
13.082,80.275,2012-06-14,32.1,42.1,31.4,22.5,58.9,0.0,0,0.0,24.1,15.3,207.3,1004.1,49.2,7.0,,,
13.082,80.275,2012-06-15,32.5,41.3,32.1,22.5,57.8,0.0,0,0.0,25.9,17.4,207.8,1003.7,39.8,7.2,,,
13.082,80.275,2012-06-16,32.4,39.4,33.8,22.3,57.1,0.2,100,4.17,25.9,16.7,225.9,1002.9,55.4,7.2,,,
13.082,80.275,2012-06-17,33.4,40.2,32.6,20.9,49.0,0.0,0,0.0,25.9,18.4,240.5,1002.6,62.1,6.8,,,
13.082,80.275,2012-06-18,31.4,35.4,32.0,20.2,51.5,0.0,0,0.0,27.7,22.3,245.6,1004.7,86.7,5.9,,,
13.082,80.275,2012-06-19,31.6,39.4,29.7,20.1,52.8,1.0,100,4.17,29.5,16.9,244.0,1003.7,76.7,6.3,,,
13.082,80.275,2012-06-20,32.4,39.9,30.4,20.3,50.8,0.0,0,0.0,25.9,16.4,251.7,1002.4,63.3,5.6,,,
13.082,80.275,2012-06-21,32.8,39.9,30.4,19.8,48.2,0.0,0,0.0,25.9,18.0,246.8,1003.4,48.8,6.0,,,
13.082,80.275,2012-06-22,31.6,39.4,29.7,21.8,58.3,1.0,100,4.17,22.3,14.8,232.7,1004.1,50.8,6.7,,,
13.082,80.275,2012-06-23,32.4,41.9,32.1,22.3,58.0,0.0,0,0.0,25.9,16.2,209.6,1003.3,38.3,6.8,,,
13.082,80.275,2012-06-24,32.3,40.7,32.1,22.2,57.8,0.0,0,0.0,25.9,16.7,192.1,1003.0,46.3,6.5,,,
13.082,80.275,2012-06-25,32.1,39.4,32.1,21.5,54.8,0.0,0,0.0,25.9,15.7,199.3,1005.1,42.9,7.1,,,
13.082,80.275,2012-06-26,31.5,39.0,31.4,22.1,58.6,0.0,0,0.0,22.3,13.7,190.7,1006.2,61.8,6.3,,,
13.082,80.275,2012-06-27,29.5,40.2,25.1,22.0,66.0,0.0,0,0.0,31.3,12.8,218.7,1006.3,77.9,5.5,,,
13.082,80.275,2012-06-28,30.0,40.9,26.1,23.4,70.6,43.3,100,8.33,22.3,9.3,224.7,1005.3,82.5,5.2,,,
13.082,80.275,2012-06-29,30.6,39.0,29.7,22.3,63.8,0.0,0,0.0,22.3,13.3,232.5,1004.0,65.0,6.3,,,
13.082,80.275,2012-06-30,31.2,40.7,26.1,22.4,62.3,5.3,100,8.33,27.7,14.4,241.0,1002.1,68.7,6.4,,,
13.082,80.275,2012-07-01,29.6,38.7,26.1,22.9,69.4,0.0,0,0.0,22.3,12.1,238.5,1001.2,85.0,6.5,,,
13.082,80.275,2012-07-02,31.1,37.0,28.9,20.5,55.3,0.0,0,0.0,24.1,15.2,239.8,1000.5,60.8,7.1,,,
13.082,80.275,2012-07-03,31.8,39.0,29.3,20.0,50.8,0.0,0,0.0,24.1,14.3,233.0,1000.2,68.3,6.9,,,
13.082,80.275,2012-07-04,32.1,39.4,29.3,20.1,50.3,0.0,0,0.0,24.1,16.4,233.9,1000.1,42.5,6.7,,,
13.082,80.275,2012-07-05,32.2,40.7,30.9,21.6,55.0,0.0,0,0.0,27.7,15.5,219.7,1001.4,42.6,6.8,,,
13.082,80.275,2012-07-06,32.2,39.4,33.4,22.0,56.1,0.0,0,0.0,22.3,14.0,184.0,1001.9,56.5,7.0,,,
13.082,80.275,2012-07-07,31.9,39.4,32.9,22.9,60.5,0.0,0,0.0,20.5,10.0,173.5,1001.5,68.3,6.5,,,
13.082,80.275,2012-07-08,30.9,39.0,26.1,21.6,59.0,0.0,0,0.0,24.1,14.0,201.7,1001.8,55.0,6.5,,,
13.082,80.275,2012-07-09,30.8,39.5,31.4,23.0,64.0,0.0,0,0.0,18.4,13.3,166.3,1002.1,61.7,6.6,,,
13.082,80.275,2012-07-10,30.9,41.2,29.7,24.1,68.2,0.0,0,0.0,22.3,14.6,183.5,1003.3,57.3,6.9,,,
13.082,80.275,2012-07-11,30.3,40.9,25.1,22.7,65.6,0.0,0,0.0,20.5,11.2,169.0,1004.6,38.3,7.4,,,
13.082,80.275,2012-07-12,29.6,40.8,24.1,23.7,72.2,25.0,100,8.33,20.5,10.6,200.8,1004.8,61.9,6.1,,,
13.082,80.275,2012-07-13,30.8,42.2,26.1,23.6,67.3,2.6,100,8.33,27.7,15.7,209.7,1003.8,46.4,6.6,,,
13.082,80.275,2012-07-14,28.4,38.0,25.1,24.2,78.4,29.0,100,8.33,22.3,10.5,250.0,1003.9,69.1,4.7,,,
13.082,80.275,2012-07-15,28.5,35.8,25.1,23.8,76.2,1.6,100,8.33,22.3,11.3,247.3,1004.9,75.4,5.5,,,
13.082,80.275,2012-07-16,29.7,37.1,26.1,23.6,71.1,0.0,0,0.0,18.4,10.4,214.4,1006.1,46.3,6.7,,,
13.082,80.275,2012-07-17,30.0,40.8,32.1,24.7,74.0,9.0,100,4.17,19.4,11.3,205.5,1006.3,47.6,6.2,,,
13.082,80.275,2012-07-18,28.4,36.3,24.1,23.9,77.8,9.0,100,8.33,25.9,10.9,217.2,1006.6,81.6,6.0,,,
13.082,80.275,2012-07-19,30.9,38.4,30.8,22.9,63.7,0.0,0,0.0,24.1,13.1,242.0,1005.2,61.7,6.8,,,
13.082,80.275,2012-07-20,30.4,37.1,30.2,22.0,61.2,0.0,0,0.0,24.1,11.3,250.9,1003.8,67.5,6.0,,,
13.082,80.275,2012-07-21,30.5,36.2,29.7,21.3,58.4,0.0,0,0.0,24.1,14.8,241.9,1004.0,70.8,6.0,,,
13.082,80.275,2012-07-22,30.9,39.6,29.3,22.7,62.6,0.1,100,4.17,25.9,13.2,239.6,1003.4,67.9,7.4,,,
13.082,80.275,2012-07-23,31.7,39.9,30.8,22.9,61.1,0.0,0,0.0,24.1,14.6,235.7,1002.5,48.3,7.8,,,
13.082,80.275,2012-07-24,31.7,40.9,31.4,22.4,59.1,0.0,0,0.0,25.9,18.3,237.9,1002.4,43.3,6.9,,,
13.082,80.275,2012-07-25,31.0,38.7,30.8,23.0,64.3,0.5,100,4.17,25.9,13.5,234.0,1003.8,51.9,6.3,,,
13.082,80.275,2012-07-26,30.6,39.6,30.2,23.7,69.0,2.0,100,4.17,25.9,11.6,270.5,1003.6,71.2,6.6,,,
13.082,80.275,2012-07-27,30.0,39.6,26.1,23.1,69.0,2.0,100,4.17,22.3,11.2,239.5,1003.0,76.0,6.7,,,
13.082,80.275,2012-07-28,29.9,38.4,26.1,23.5,71.0,8.0,100,4.17,22.3,12.3,206.1,1003.5,66.3,6.5,,,
13.082,80.275,2012-07-29,31.4,38.7,31.4,22.1,59.0,0.0,0,0.0,22.3,14.2,227.1,1004.9,55.4,7.3,,,
13.082,80.275,2012-07-30,31.1,37.8,30.2,22.0,60.6,0.0,0,0.0,22.3,15.3,235.1,1005.6,40.8,6.9,,,
13.082,80.275,2012-07-31,31.6,37.0,29.3,19.9,51.3,0.0,0,0.0,27.7,15.6,242.3,1005.6,32.5,7.0,,,
13.082,80.275,2012-08-01,31.9,37.0,28.9,19.1,47.3,0.0,0,0.0,25.9,15.8,240.6,1005.8,65.0,7.0,,,
13.082,80.275,2012-08-02,32.4,39.4,29.3,19.3,46.8,0.0,0,0.0,27.7,16.6,256.9,1005.6,48.3,7.1,,,
13.082,80.275,2012-08-03,30.1,34.9,26.1,20.5,57.6,2.0,100,4.17,20.5,14.3,248.3,1004.9,83.7,5.5,,,
13.082,80.275,2012-08-04,29.3,36.6,25.1,21.8,65.8,4.0,100,4.17,24.1,11.1,243.5,1004.2,86.3,5.2,,,
13.082,80.275,2012-08-05,29.5,40.2,25.1,22.6,68.6,0.1,100,4.17,22.3,13.3,224.2,1004.0,67.9,6.5,,,
13.082,80.275,2012-08-06,30.1,38.7,29.7,22.7,66.0,0.1,100,4.17,24.8,15.4,219.6,1004.4,54.2,6.5,,,
13.082,80.275,2012-08-07,30.3,39.9,29.7,23.1,67.5,0.2,100,4.17,22.3,16.1,209.8,1005.3,53.3,7.1,,,
13.082,80.275,2012-08-08,29.3,39.9,25.1,22.8,70.5,11.4,100,8.33,24.1,16.8,222.7,1005.6,66.5,6.8,,,
13.082,80.275,2012-08-09,29.0,39.5,25.1,23.5,74.3,10.0,100,8.33,25.9,17.1,230.0,1004.6,69.6,6.4,,,
13.082,80.275,2012-08-10,29.6,37.1,26.1,22.6,66.9,7.0,100,4.17,25.9,16.5,223.2,1004.0,61.3,6.7,,,
13.082,80.275,2012-08-11,30.1,38.4,29.3,22.4,64.3,0.0,0,0.0,22.3,17.7,213.1,1005.2,55.4,7.0,,,
13.082,80.275,2012-08-12,30.0,39.6,29.7,23.3,68.4,0.0,0,0.0,22.3,14.9,195.7,1005.5,45.0,6.9,,,
13.082,80.275,2012-08-13,30.1,40.9,25.1,23.1,68.1,14.0,100,4.17,18.4,12.0,212.9,1005.6,59.2,6.4,,,
13.082,80.275,2012-08-14,28.4,39.3,25.1,24.4,80.1,36.0,100,8.33,22.3,13.9,198.4,1006.3,67.9,5.3,,,
13.082,80.275,2012-08-15,29.3,40.8,25.1,23.8,74.1,1.0,100,4.17,25.9,14.2,220.2,1006.1,46.1,6.9,,,
13.082,80.275,2012-08-16,29.1,40.8,25.1,23.6,73.7,5.0,100,4.17,23.0,14.9,234.0,1005.4,51.3,7.4,,,
13.082,80.275,2012-08-17,30.1,40.8,26.1,23.1,68.3,0.0,0,0.0,22.3,14.9,244.5,1004.5,49.8,7.1,,,
13.082,80.275,2012-08-18,30.2,37.4,26.1,22.0,63.2,3.0,100,4.17,22.3,14.7,252.2,1003.5,57.9,6.8,,,
13.082,80.275,2012-08-19,30.4,39.0,28.9,21.9,61.7,0.0,0,0.0,25.9,16.5,234.3,1003.0,40.8,7.0,,,
13.082,80.275,2012-08-20,30.4,40.7,29.3,22.6,64.0,0.3,100,4.17,22.3,13.5,182.1,1003.9,50.8,6.5,,,
13.082,80.275,2012-08-21,30.0,40.8,29.7,23.7,69.7,0.0,0,0.0,18.4,12.8,192.2,1005.6,56.7,6.3,,,
13.082,80.275,2012-08-22,29.6,40.7,30.2,24.4,74.3,0.0,0,0.0,20.5,9.6,164.0,1006.5,42.5,6.8,,,
13.082,80.275,2012-08-23,29.8,40.7,30.2,24.3,73.9,0.0,0,0.0,22.3,13.2,175.4,1006.7,34.2,6.6,,,
13.082,80.275,2012-08-24,30.0,39.6,30.2,23.9,71.4,0.0,0,0.0,24.1,13.1,184.9,1006.4,33.3,6.8,,,
13.082,80.275,2012-08-25,29.6,40.8,25.1,23.2,70.3,47.0,100,4.17,22.3,13.4,238.0,1005.6,55.0,6.0,,,
13.082,80.275,2012-08-26,27.6,35.2,24.1,23.7,79.6,34.3,100,12.5,27.7,13.1,245.4,1005.5,92.1,5.7,,,
13.082,80.275,2012-08-27,29.0,35.9,29.3,22.6,68.9,0.0,0,0.0,18.4,10.3,252.5,1005.2,90.0,7.8,,,
13.082,80.275,2012-08-28,29.2,37.1,29.3,22.4,67.6,0.3,100,4.17,22.3,13.6,246.0,1005.5,90.1,6.1,,,
13.082,80.275,2012-08-29,29.1,38.0,25.1,23.4,72.6,0.0,0,0.0,18.4,12.3,232.2,1004.8,80.0,6.6,,,
13.082,80.275,2012-08-30,28.6,39.4,25.1,23.5,75.0,0.0,0,0.0,22.3,13.6,209.7,1004.5,83.3,6.7,,,
13.082,80.275,2012-08-31,29.6,38.2,29.3,22.5,66.5,0.0,0,0.0,25.9,15.7,217.1,1004.3,66.7,6.9,,,
13.082,80.275,2012-09-01,30.4,39.6,26.1,22.8,65.4,0.0,0,0.0,25.9,16.4,223.5,1004.3,63.7,7.2,,,
13.082,80.275,2012-09-02,30.1,40.8,24.1,23.6,69.8,13.0,100,4.17,22.3,13.6,242.0,1004.1,61.2,6.3,,,
13.082,80.275,2012-09-03,29.0,36.7,26.1,24.3,76.5,9.0,100,4.17,18.4,10.7,213.9,1002.6,85.4,6.1,,,
13.082,80.275,2012-09-04,30.1,38.2,30.8,23.3,68.0,0.0,0,0.0,22.3,12.8,221.2,1003.5,77.1,6.7,,,
13.082,80.275,2012-09-05,30.2,39.5,26.1,23.0,66.3,0.0,0,0.0,22.3,13.9,215.9,1004.8,35.7,6.7,,,
13.082,80.275,2012-09-06,30.5,40.8,32.1,24.6,71.5,0.0,0,0.0,16.6,13.1,191.7,1006.4,42.5,6.6,,,
13.082,80.275,2012-09-07,29.1,38.0,26.1,24.7,77.4,17.0,100,4.17,14.8,6.5,204.4,1006.8,82.1,5.9,,,
13.082,80.275,2012-09-08,27.3,36.3,24.1,24.6,85.9,38.0,100,12.5,18.4,10.2,202.6,1006.8,98.3,4.7,,,
13.082,80.275,2012-09-09,28.7,36.7,26.1,23.9,76.1,0.0,0,0.0,27.7,11.7,229.6,1006.1,70.8,6.3,,,
13.082,80.275,2012-09-10,29.0,39.5,26.1,23.5,73.6,9.0,100,4.17,25.9,11.8,226.9,1006.1,58.3,7.5,,,
13.082,80.275,2012-09-11,29.4,39.5,25.1,23.6,72.6,0.0,0,0.0,24.1,10.5,225.2,1006.2,37.9,6.5,,,
13.082,80.275,2012-09-12,30.1,38.4,30.2,23.5,68.9,0.0,0,0.0,22.3,12.2,225.3,1006.6,45.2,7.3,,,
13.082,80.275,2012-09-13,29.9,40.7,30.2,24.1,72.5,10.0,100,4.17,20.5,10.8,192.0,1007.3,45.9,6.1,,,
13.082,80.275,2012-09-14,29.6,40.7,25.1,24.2,74.2,3.0,100,4.17,18.4,11.4,200.3,1006.6,54.6,6.1,,,
13.082,80.275,2012-09-15,29.0,40.8,24.1,24.2,77.0,42.0,100,8.33,40.7,12.6,221.9,1005.6,68.1,6.3,,,
13.082,80.275,2012-09-16,29.7,38.4,26.1,23.4,70.9,6.0,100,4.17,20.5,11.7,237.3,1005.6,48.7,7.6,,,
13.082,80.275,2012-09-17,30.4,39.6,30.2,24.0,70.2,0.0,0,0.0,18.4,11.6,210.3,1006.0,34.7,7.4,,,
13.082,80.275,2012-09-18,29.8,39.5,29.7,24.1,72.8,0.1,100,4.17,18.4,8.4,198.8,1006.7,50.0,6.3,,,
13.082,80.275,2012-09-19,30.1,43.5,29.7,24.4,72.4,0.0,0,0.0,22.3,11.1,183.1,1006.0,38.8,5.9,,,
13.082,80.275,2012-09-20,29.6,42.3,30.2,25.1,77.3,0.0,0,0.0,22.3,10.5,186.0,1006.6,44.7,6.7,,,
13.082,80.275,2012-09-21,28.2,40.8,24.1,24.8,82.7,28.0,100,4.17,25.9,11.1,205.7,1007.5,65.2,5.3,,,
13.082,80.275,2012-09-22,29.9,43.5,30.2,25.2,76.8,0.0,0,0.0,21.6,11.7,194.5,1007.7,42.2,6.6,,,
13.082,80.275,2012-09-23,30.2,40.7,26.1,23.7,69.7,0.0,0,0.0,16.6,10.5,205.1,1007.4,33.3,6.9,,,
13.082,80.275,2012-09-24,30.6,39.5,30.2,23.6,68.1,0.0,0,0.0,18.4,9.4,246.5,1006.6,59.3,6.2,,,
13.082,80.275,2012-09-25,30.7,38.7,28.9,23.2,65.4,0.0,0,0.0,14.8,10.0,226.7,1006.8,63.3,6.5,,,
13.082,80.275,2012-09-26,29.6,46.9,26.1,24.4,74.9,4.0,100,4.17,18.4,5.5,178.4,1008.7,67.2,4.8,,,
13.082,80.275,2012-09-27,28.1,39.3,25.1,23.3,75.6,0.0,0,0.0,18.4,9.3,256.9,1008.9,88.3,5.5,,,
13.082,80.275,2012-09-28,28.3,38.0,25.1,22.7,72.4,0.0,0,0.0,18.4,10.5,284.7,1007.9,86.7,6.7,,,
13.082,80.275,2012-09-29,26.8,32.9,25.1,23.5,82.3,1.2,100,8.33,12.6,6.0,297.3,1007.2,83.8,4.0,,,
13.082,80.275,2012-09-30,27.7,37.9,25.1,24.3,82.2,0.0,0,0.0,11.2,4.6,242.6,1006.2,78.6,5.3,,,
13.082,80.275,2012-10-01,28.3,38.0,25.1,24.1,79.2,6.0,100,4.17,19.1,13.8,218.8,1006.3,84.2,6.1,,,
13.082,80.275,2012-10-02,29.7,40.7,30.3,24.6,75.1,0.2,100,4.17,24.1,15.0,190.1,1007.2,49.4,6.7,,,
13.082,80.275,2012-10-03,29.8,42.1,26.1,23.7,71.3,0.0,0,0.0,18.4,14.5,192.8,1007.7,36.7,6.8,,,
13.082,80.275,2012-10-04,30.3,39.0,30.2,22.8,66.9,0.0,0,0.0,22.3,14.5,209.0,1007.4,26.3,7.0,,,
13.082,80.275,2012-10-05,30.2,42.0,29.7,24.0,70.5,0.0,0,0.0,18.4,11.9,181.7,1008.2,30.8,7.3,,,
13.082,80.275,2012-10-06,30.1,42.1,26.1,24.7,73.8,0.0,0,0.0,22.3,11.4,211.1,1009.4,53.6,6.4,,,
13.082,80.275,2012-10-07,28.6,39.4,26.1,23.6,75.5,0.5,100,4.17,14.8,6.9,271.8,1009.6,61.7,5.4,,,
13.082,80.275,2012-10-08,29.7,40.7,26.5,23.7,72.0,0.0,0,0.0,18.4,6.4,92.5,1008.1,49.0,4.3,,,
13.082,80.275,2012-10-09,30.1,35.9,30.8,22.1,65.2,0.0,0,0.0,16.6,7.6,145.6,1007.1,35.3,5.1,,,
13.082,80.275,2012-10-10,29.6,39.5,25.1,23.4,71.5,0.0,0,0.0,16.6,8.6,178.0,1006.9,27.6,5.0,,,
13.082,80.275,2012-10-11,29.8,39.5,26.1,24.1,73.0,0.0,0,0.0,18.4,10.7,188.2,1007.7,32.1,5.3,,,
13.082,80.275,2012-10-12,29.3,38.4,30.8,24.7,77.4,0.0,0,0.0,14.8,9.8,182.6,1008.7,40.6,4.7,,,
13.082,80.275,2012-10-13,28.9,36.7,30.8,24.8,78.9,2.0,100,4.17,18.4,8.3,199.2,1009.4,55.0,4.9,,,
13.082,80.275,2012-10-14,29.1,39.5,25.1,24.4,77.1,0.0,0,0.0,18.4,8.9,167.0,1010.0,51.7,5.7,,,
13.082,80.275,2012-10-15,29.4,37.1,26.1,23.7,72.6,0.0,0,0.0,22.3,11.3,121.1,1011.2,43.8,6.4,,,
13.082,80.275,2012-10-16,28.3,38.0,24.1,23.9,77.6,7.0,100,8.33,18.4,9.4,12.7,1011.9,64.2,4.7,,,
13.082,80.275,2012-10-17,26.6,34.7,24.1,23.7,84.6,17.0,100,12.5,27.7,9.3,28.6,1011.5,69.5,4.0,,,
13.082,80.275,2012-10-18,25.8,33.7,24.1,24.1,90.9,38.0,100,16.67,14.8,5.6,24.8,1010.5,81.9,3.2,,,
13.082,80.275,2012-10-19,25.5,34.7,24.1,24.1,91.9,66.0,100,16.67,16.6,9.6,21.7,1010.5,94.2,3.2,,,
13.082,80.275,2012-10-20,25.5,32.8,24.1,24.3,93.3,18.0,100,8.33,15.5,6.7,36.4,1010.8,87.9,3.8,,,
13.082,80.275,2012-10-21,25.8,32.8,24.1,24.3,91.8,25.0,100,20.83,16.2,6.1,51.5,1010.7,89.7,2.8,,,
13.082,80.275,2012-10-22,27.0,36.3,24.1,24.1,84.9,18.0,100,12.5,22.3,8.5,67.9,1011.2,62.0,5.3,,,
13.082,80.275,2012-10-23,27.5,37.9,24.1,24.1,82.7,0.0,0,0.0,25.9,10.1,48.0,1010.4,49.2,5.4,,,
13.082,80.275,2012-10-24,26.5,36.7,24.1,24.0,86.9,25.0,100,16.67,13.0,6.5,332.1,1010.5,72.6,4.6,,,
13.082,80.275,2012-10-25,27.4,36.7,24.1,24.2,83.5,14.0,100,4.17,20.5,5.7,38.9,1009.6,47.3,5.5,,,
13.082,80.275,2012-10-26,27.6,36.7,25.1,23.7,80.0,0.0,0,0.0,17.6,7.1,29.3,1009.1,40.8,3.9,,,
13.082,80.275,2012-10-27,27.9,35.9,24.1,22.9,75.5,0.0,0,0.0,22.3,8.7,30.9,1008.8,44.2,5.3,,,
13.082,80.275,2012-10-28,28.2,35.6,25.1,23.2,74.9,0.3,100,4.17,24.1,12.1,22.8,1009.1,51.8,5.2,,,
13.082,80.275,2012-10-29,28.2,33.4,26.1,22.3,71.1,0.0,0,0.0,27.7,14.8,22.6,1008.3,67.1,4.6,,,
13.082,80.275,2012-10-30,24.6,29.3,23.1,22.9,90.7,51.0,100,20.83,26.6,9.2,345.9,1007.3,84.2,2.8,,,
13.082,80.275,2012-10-31,25.7,32.8,24.1,23.9,90.0,39.0,100,12.5,64.8,31.7,65.7,999.9,100.0,3.1,,,
13.082,80.275,2012-11-01,27.5,34.3,24.1,23.1,77.6,5.0,100,4.17,32.0,17.9,170.3,1003.9,78.6,5.0,,,
13.082,80.275,2012-11-02,29.0,38.2,26.1,24.1,76.0,0.0,0,0.0,22.3,16.6,174.8,1006.1,50.8,6.4,,,
13.082,80.275,2012-11-03,28.4,39.4,24.1,24.7,80.9,13.0,100,8.33,22.3,14.4,189.6,1007.7,59.0,5.1,,,
13.082,80.275,2012-11-04,28.3,39.4,24.1,24.0,78.7,14.0,100,4.17,14.8,7.8,168.2,1008.0,61.6,5.0,,,
13.082,80.275,2012-11-05,28.7,38.2,26.1,24.6,79.2,0.1,100,4.17,14.8,6.9,189.2,1008.3,41.3,5.3,,,
13.082,80.275,2012-11-06,28.4,38.0,25.1,24.4,80.2,0.0,0,0.0,22.3,9.4,137.2,1009.3,43.0,5.6,,,
13.082,80.275,2012-11-07,27.6,36.7,25.1,24.2,82.3,18.0,100,4.17,13.0,4.7,68.7,1010.1,45.2,5.4,,,
13.082,80.275,2012-11-08,27.6,35.6,25.1,23.4,79.1,0.0,0,0.0,14.8,4.0,84.3,1009.4,37.6,5.0,,,
13.082,80.275,2012-11-09,27.6,37.1,24.1,23.2,78.2,0.0,0,0.0,18.4,4.9,51.8,1010.2,32.6,4.4,,,
13.082,80.275,2012-11-10,27.3,35.2,24.1,23.3,79.7,0.1,100,4.17,18.4,8.6,43.6,1011.7,35.5,4.0,,,
13.082,80.275,2012-11-11,26.8,32.0,24.1,21.8,75.0,0.0,0,0.0,18.7,7.5,19.6,1011.9,41.1,4.7,,,
13.082,80.275,2012-11-12,26.5,32.1,23.1,20.7,72.3,0.0,0,0.0,18.4,8.0,20.6,1011.4,30.8,4.5,,,
13.082,80.275,2012-11-13,26.2,31.4,22.1,20.3,71.3,0.0,0,0.0,23.8,10.6,9.0,1012.1,33.2,4.9,,,
13.082,80.275,2012-11-14,25.3,30.9,21.1,18.8,68.7,0.0,0,0.0,24.1,10.0,356.4,1010.5,26.3,4.7,,,
13.082,80.275,2012-11-15,25.0,30.9,20.1,18.6,68.8,0.0,0,0.0,27.7,9.9,7.9,1010.5,34.1,5.1,,,
13.082,80.275,2012-11-16,24.9,30.9,20.1,18.8,70.6,0.0,0,0.0,22.3,7.6,353.9,1011.5,38.9,4.2,,,
13.082,80.275,2012-11-17,25.3,30.1,20.1,17.5,64.9,0.0,0,0.0,16.6,7.2,6.8,1011.0,32.6,5.1,,,
13.082,80.275,2012-11-18,24.6,29.0,18.1,15.9,62.6,0.0,0,0.0,18.4,6.6,338.5,1009.9,10.6,5.8,,,
13.082,80.275,2012-11-19,26.2,34.3,22.1,19.5,67.9,0.0,0,0.0,11.5,4.6,343.8,1009.2,44.7,4.7,,,
13.082,80.275,2012-11-20,27.5,35.9,23.1,21.7,72.1,0.0,0,0.0,18.4,6.8,356.0,1009.4,48.6,4.6,,,
13.082,80.275,2012-11-21,28.0,35.6,26.1,23.9,78.8,0.0,0,0.0,20.5,9.9,337.3,1009.1,62.5,5.4,,,
13.082,80.275,2012-11-22,27.5,37.6,25.9,25.0,86.6,11.0,100,16.67,22.3,14.4,2.4,1008.9,68.8,4.9,,,
13.082,80.275,2012-11-23,27.3,32.8,26.1,24.9,86.9,0.2,100,4.17,22.3,13.1,75.8,1010.2,76.5,4.8,,,
13.082,80.275,2012-11-24,27.0,34.7,24.1,23.4,82.3,0.0,0,0.0,18.4,5.9,46.0,1010.9,42.3,5.1,,,
13.082,80.275,2012-11-25,27.4,36.7,24.1,23.8,81.6,0.3,100,4.17,22.3,8.3,49.0,1011.6,51.7,5.6,,,
13.082,80.275,2012-11-26,27.4,34.7,25.1,22.8,76.9,0.2,100,4.17,22.3,9.8,41.3,1011.9,45.2,4.7,,,
13.082,80.275,2012-11-27,26.1,32.1,23.1,21.6,77.3,0.0,0,0.0,18.7,7.7,32.8,1011.7,45.0,4.7,,,
13.082,80.275,2012-11-28,25.7,31.4,22.1,20.1,73.3,0.0,0,0.0,25.9,8.1,33.3,1011.8,35.2,5.1,,,
13.082,80.275,2012-11-29,25.6,31.4,21.1,19.3,71.1,0.0,0,0.0,16.6,5.8,58.8,1010.8,25.2,4.9,,,
13.082,80.275,2012-11-30,25.1,31.9,20.1,19.3,72.4,0.0,0,0.0,14.8,5.2,48.2,1011.1,17.1,4.7,,,
13.082,80.275,2012-12-01,25.6,32.0,22.1,20.6,75.5,0.0,0,0.0,22.3,6.3,31.5,1010.8,36.7,4.6,,,
13.082,80.275,2012-12-02,25.4,31.4,21.1,20.9,77.0,0.0,0,0.0,24.1,9.4,11.0,1011.1,53.3,4.5,,,
13.082,80.275,2012-12-03,26.1,35.2,24.1,23.5,86.1,43.0,100,4.17,28.8,17.6,46.2,1010.1,87.3,5.5,,,
13.082,80.275,2012-12-04,25.9,32.1,24.1,24.0,89.6,89.0,100,25.0,18.4,7.9,68.3,1009.6,86.5,4.3,,,
13.082,80.275,2012-12-05,27.4,35.2,25.1,24.4,84.1,0.5,100,4.17,22.3,12.6,73.0,1010.4,51.7,6.8,,,
13.082,80.275,2012-12-06,27.4,35.2,25.1,23.8,81.3,0.0,0,0.0,20.5,10.5,44.7,1012.0,50.0,6.5,,,
13.082,80.275,2012-12-07,26.3,34.3,23.1,22.9,82.4,0.0,0,0.0,14.8,4.8,60.7,1012.2,41.6,5.8,,,
13.082,80.275,2012-12-08,26.2,35.6,23.1,22.6,81.5,0.0,0,0.0,14.8,5.4,69.9,1011.8,31.8,5.5,,,
13.082,80.275,2012-12-09,26.0,34.7,22.1,22.1,80.6,0.0,0,0.0,14.8,4.6,93.2,1011.4,29.6,5.1,,,
13.082,80.275,2012-12-10,26.0,32.5,22.1,21.2,77.6,0.0,0,0.0,14.8,6.0,111.9,1011.2,15.4,5.7,,,
13.082,80.275,2012-12-11,26.0,32.6,22.1,21.5,77.9,0.0,0,0.0,14.8,5.1,110.7,1011.7,32.4,5.4,,,
13.082,80.275,2012-12-12,25.6,33.1,22.1,21.4,79.2,0.0,0,0.0,18.4,5.6,110.5,1011.8,28.8,4.8,,,
13.082,80.275,2012-12-13,25.8,33.1,22.1,21.3,77.7,0.0,0,0.0,13.0,4.2,116.2,1012.5,38.1,5.7,,,
13.082,80.275,2012-12-14,25.5,32.6,22.1,21.5,80.1,0.0,0,0.0,16.6,5.7,65.3,1014.0,35.2,5.2,,,
13.082,80.275,2012-12-15,25.7,32.6,22.1,21.0,76.7,0.0,0,0.0,25.9,8.8,36.2,1014.3,40.0,6.0,,,
13.082,80.275,2012-12-16,26.2,30.9,23.1,20.7,72.8,0.0,0,0.0,25.9,12.0,33.9,1014.0,45.8,5.7,,,
13.082,80.275,2012-12-17,26.5,32.6,23.1,21.0,73.1,0.0,0,0.0,25.9,14.1,32.3,1013.2,48.6,4.8,,,
13.082,80.275,2012-12-18,26.4,30.4,23.1,19.3,65.9,0.0,0,0.0,25.9,13.6,34.1,1013.4,39.8,5.6,,,
13.082,80.275,2012-12-19,25.9,31.4,22.1,19.5,69.0,0.0,0,0.0,25.9,11.5,40.7,1012.0,39.3,6.4,,,
13.082,80.275,2012-12-20,25.1,30.8,22.1,20.6,76.7,0.0,0,0.0,22.3,7.7,28.4,1011.0,45.2,5.0,,,
13.082,80.275,2012-12-21,25.1,32.0,21.1,20.5,77.0,0.0,0,0.0,22.3,7.4,33.8,1011.5,42.5,5.5,,,
13.082,80.275,2012-12-22,24.8,29.7,22.1,19.9,75.4,0.0,0,0.0,18.4,6.5,27.4,1012.1,42.9,5.5,,,
13.082,80.275,2012-12-23,24.9,30.9,21.1,20.0,75.0,0.0,0,0.0,27.7,11.0,42.4,1012.2,46.6,4.9,,,
13.082,80.275,2012-12-24,25.1,30.9,21.1,19.8,73.4,0.0,0,0.0,20.5,8.9,33.8,1011.5,43.2,4.4,,,
13.082,80.275,2012-12-25,26.1,31.4,24.1,21.1,74.2,0.0,0,0.0,22.3,14.1,19.2,1010.3,57.0,5.3,,,
13.082,80.275,2012-12-26,25.7,30.2,24.1,21.2,76.4,0.0,0,0.0,24.8,14.0,19.5,1009.8,47.1,4.6,,,
13.082,80.275,2012-12-27,25.5,30.2,23.1,21.1,76.8,0.0,0,0.0,25.9,12.3,6.7,1009.6,51.7,4.3,,,
13.082,80.275,2012-12-28,25.3,28.9,24.1,21.4,79.2,0.0,0,0.0,23.8,14.3,12.6,1008.8,90.8,3.5,,,
13.082,80.275,2012-12-29,25.4,26.1,24.1,24.5,95.0,60.0,100,25.0,19.8,12.0,34.8,1009.1,96.7,2.2,,,
13.082,80.275,2012-12-30,27.0,35.2,24.9,24.6,87.5,0.5,100,8.33,18.4,7.8,86.3,1010.0,60.0,5.3,,,
13.082,80.275,2012-12-31,26.7,35.2,25.1,24.1,86.6,0.1,100,4.17,18.4,9.0,60.8,1010.3,53.7,6.0,,,
13.082,80.275,2013-01-01,26.2,33.4,23.1,22.8,82.8,0.1,100,4.17,14.8,7.1,49.5,1011.2,41.8,5.1,210.0,18.3,8.0
13.082,80.275,2013-01-02,25.2,32.1,22.1,21.8,82.8,0.0,0,0.0,16.6,5.7,56.7,1012.0,41.8,3.6,210.3,18.1,8.0
13.082,80.275,2013-01-03,25.7,34.7,22.1,22.3,82.7,0.0,0,0.0,13.0,5.5,67.9,1012.3,35.9,3.7,223.8,19.4,8.0
13.082,80.275,2013-01-04,25.8,32.6,23.1,21.9,80.3,0.0,0,0.0,14.8,5.8,58.8,1011.7,34.3,4.7,216.1,18.5,8.0
13.082,80.275,2013-01-05,25.6,33.4,22.1,22.5,84.0,0.0,0,0.0,16.6,5.7,78.9,1010.2,41.9,4.3,212.0,18.4,8.0
13.082,80.275,2013-01-06,26.0,32.6,23.1,22.0,80.4,0.0,0,0.0,20.5,7.3,65.8,1010.5,36.7,4.3,215.0,18.7,7.0
13.082,80.275,2013-01-07,25.8,30.9,22.1,20.7,75.4,0.0,0,0.0,18.4,8.0,49.5,1011.5,39.8,5.2,229.3,19.6,8.0
13.082,80.275,2013-01-08,25.8,32.1,23.1,21.6,78.4,0.0,0,0.0,18.4,6.9,24.3,1011.8,42.9,4.3,215.1,18.4,8.0
13.082,80.275,2013-01-09,26.1,32.0,23.1,21.4,77.1,0.0,0,0.0,18.4,5.5,34.2,1012.6,34.2,4.5,226.0,19.5,8.0
13.082,80.275,2013-01-10,25.4,30.9,21.1,20.5,76.9,0.0,0,0.0,18.4,4.4,46.3,1012.3,36.1,4.6,230.2,19.9,8.0
13.082,80.275,2013-01-11,25.2,34.3,21.1,21.3,80.3,0.0,0,0.0,22.3,6.4,59.4,1013.0,18.7,4.4,232.6,20.1,8.0
13.082,80.275,2013-01-12,25.0,30.4,22.1,20.0,75.5,0.0,0,0.0,24.1,6.5,58.2,1014.0,33.4,4.4,242.2,20.8,9.0
13.082,80.275,2013-01-13,24.5,30.5,20.1,19.7,76.9,0.0,0,0.0,18.4,4.9,47.1,1013.3,9.2,3.4,245.3,21.1,9.0
13.082,80.275,2013-01-14,23.9,30.9,20.1,19.9,79.8,0.0,0,0.0,9.4,2.1,44.3,1012.7,32.0,3.7,229.1,19.9,9.0
13.082,80.275,2013-01-15,24.1,30.4,20.1,19.8,79.2,0.0,0,0.0,16.6,4.6,68.5,1013.8,35.9,4.7,229.7,19.9,8.0
13.082,80.275,2013-01-16,25.0,32.0,21.1,20.3,77.0,0.0,0,0.0,16.6,4.5,70.9,1014.3,39.5,4.9,227.5,19.9,8.0
13.082,80.275,2013-01-17,24.9,30.5,21.1,19.1,72.4,0.0,0,0.0,18.4,6.9,64.6,1014.5,31.0,5.0,188.0,16.3,7.0
13.082,80.275,2013-01-18,24.8,29.9,21.1,20.2,76.6,0.3,100,4.17,22.3,6.7,43.1,1014.1,46.2,4.6,165.0,14.2,6.0
13.082,80.275,2013-01-19,24.9,30.4,21.1,20.1,76.0,0.0,0,0.0,24.1,7.0,29.4,1014.0,22.0,5.0,212.9,18.4,8.0
13.082,80.275,2013-01-20,25.4,34.7,21.1,20.8,76.9,0.1,100,4.17,16.6,8.4,59.8,1013.8,37.5,5.7,0.0,0.0,0.0
13.082,80.275,2013-01-21,25.5,31.4,22.1,19.9,73.3,0.0,0,0.0,25.9,8.9,46.9,1014.5,27.3,5.7,,,
13.082,80.275,2013-01-22,25.3,30.4,21.1,18.3,69.2,0.0,0,0.0,22.3,9.2,34.7,1014.8,23.5,6.5,,,
13.082,80.275,2013-01-23,25.2,30.9,21.1,19.3,71.2,0.0,0,0.0,25.9,10.5,47.0,1014.9,37.2,4.9,,,
13.082,80.275,2013-01-24,25.0,29.9,21.1,19.0,70.9,0.0,0,0.0,20.5,8.9,45.3,1014.3,41.1,5.3,,,
13.082,80.275,2013-01-25,25.4,30.9,22.1,18.6,67.9,0.0,0,0.0,22.3,11.1,46.5,1014.8,31.3,5.4,,,
13.082,80.275,2013-01-26,25.0,30.9,21.1,19.1,71.7,0.0,0,0.0,20.5,9.6,41.1,1014.9,30.2,6.5,,,
13.082,80.275,2013-01-27,24.7,31.4,21.1,19.9,76.1,0.0,0,0.0,14.8,6.5,75.3,1014.9,27.8,5.5,,,
13.082,80.275,2013-01-28,24.9,30.9,21.1,20.6,78.3,0.0,0,0.0,16.6,6.9,83.9,1014.0,36.6,4.7,,,
13.082,80.275,2013-01-29,25.2,30.9,21.1,20.5,76.3,0.0,0,0.0,18.4,7.7,110.6,1013.5,34.7,3.5,,,
13.082,80.275,2013-01-30,25.2,31.4,22.1,20.8,77.4,0.0,0,0.0,18.4,8.5,80.4,1013.8,39.7,4.4,,,
13.082,80.275,2013-01-31,25.3,30.9,22.1,19.3,70.4,0.0,0,0.0,20.5,9.9,57.8,1014.6,32.4,5.2,,,
13.082,80.275,2013-02-01,24.8,28.9,20.1,16.9,64.5,0.0,0,0.0,25.9,9.9,43.8,1014.6,34.8,5.3,,,
13.082,80.275,2013-02-02,24.7,29.9,20.1,18.2,68.5,0.0,0,0.0,22.3,7.9,51.3,1013.7,38.6,6.0,,,
13.082,80.275,2013-02-03,24.7,32.5,20.1,19.1,72.4,0.0,0,0.0,20.5,8.5,56.0,1013.3,35.9,5.0,,,
13.082,80.275,2013-02-04,25.1,32.0,20.1,20.0,74.6,0.0,0,0.0,22.3,8.9,56.4,1014.0,43.7,5.3,,,
13.082,80.275,2013-02-05,26.0,32.6,23.1,21.6,77.6,0.0,0,0.0,18.4,10.7,71.4,1014.2,40.2,5.8,,,
13.082,80.275,2013-02-06,26.4,33.4,24.1,22.4,79.4,0.0,0,0.0,18.4,10.4,69.8,1014.5,47.4,5.5,,,
13.082,80.275,2013-02-07,25.9,35.6,22.1,22.0,80.7,0.0,0,0.0,20.5,7.7,83.6,1011.8,35.8,3.8,,,
13.082,80.275,2013-02-08,26.1,33.8,22.1,21.4,77.1,0.0,0,0.0,22.3,8.6,86.3,1011.0,22.6,5.0,,,
13.082,80.275,2013-02-09,25.9,32.5,21.1,20.4,74.0,0.0,0,0.0,25.9,10.1,50.9,1011.5,33.3,5.3,,,
13.082,80.275,2013-02-10,26.6,32.0,23.1,20.9,71.9,0.0,0,0.0,27.7,14.2,45.5,1011.9,45.7,5.3,,,
13.082,80.275,2013-02-11,26.5,32.6,23.1,21.1,73.3,0.0,0,0.0,27.7,13.0,45.1,1012.0,60.3,5.6,,,
13.082,80.275,2013-02-12,26.4,30.5,23.1,20.0,70.2,0.0,0,0.0,25.9,13.2,33.5,1011.4,57.7,5.9,,,
13.082,80.275,2013-02-13,26.9,32.6,24.1,21.1,71.0,0.0,0,0.0,24.1,12.4,41.4,1010.9,72.9,6.0,,,
13.082,80.275,2013-02-14,27.3,34.7,25.1,22.3,75.0,0.0,0,0.0,18.4,11.4,72.5,1011.3,49.4,6.0,,,
13.082,80.275,2013-02-15,26.4,35.2,23.1,23.4,84.0,12.0,100,4.17,16.6,7.5,104.9,1010.9,69.8,5.3,,,
13.082,80.275,2013-02-16,27.8,36.7,24.1,23.9,80.8,0.0,0,0.0,24.1,12.1,144.4,1009.0,50.0,5.6,,,
13.082,80.275,2013-02-17,27.3,35.2,25.1,24.9,87.3,6.5,100,12.5,22.3,11.6,131.3,1008.5,70.0,4.7,,,
13.082,80.275,2013-02-18,27.4,36.7,24.7,24.1,82.9,1.1,100,8.33,14.8,9.0,117.3,1009.5,62.6,5.5,,,
13.082,80.275,2013-02-19,27.7,35.6,25.1,22.9,76.5,0.0,0,0.0,22.3,12.3,58.3,1011.0,39.6,6.0,,,
13.082,80.275,2013-02-20,26.4,33.4,23.1,21.8,77.2,0.0,0,0.0,25.9,11.1,56.1,1011.9,37.8,5.9,,,
13.082,80.275,2013-02-21,26.0,31.4,22.1,20.7,74.2,0.0,0,0.0,25.9,9.2,47.9,1012.9,35.6,5.5,,,
13.082,80.275,2013-02-22,25.9,32.6,22.1,21.1,75.8,0.0,0,0.0,18.4,8.9,64.6,1013.9,34.2,5.7,,,
13.082,80.275,2013-02-23,25.7,30.9,22.1,19.6,71.2,0.0,0,0.0,22.3,8.7,56.0,1013.9,30.4,5.3,,,
13.082,80.275,2013-02-24,24.9,31.4,20.1,19.4,72.8,0.0,0,0.0,16.6,7.2,50.2,1013.5,18.1,6.3,,,
13.082,80.275,2013-02-25,25.2,32.5,20.1,19.1,72.8,0.0,0,0.0,14.8,5.8,76.4,1013.7,8.9,5.2,,,
13.082,80.275,2013-02-26,25.8,32.3,20.1,18.6,69.4,0.0,0,0.0,24.1,7.3,48.3,1013.5,1.8,5.8,,,
13.082,80.275,2013-02-27,26.2,33.5,20.1,19.1,68.9,0.0,0,0.0,18.4,7.6,78.7,1012.8,8.8,5.5,,,
13.082,80.275,2013-02-28,26.4,33.1,22.1,21.0,75.1,0.0,0,0.0,18.4,7.9,60.6,1011.3,7.2,4.8,,,
13.082,80.275,2013-03-01,26.1,32.0,20.1,19.0,69.4,0.0,0,0.0,20.5,7.4,59.9,1011.5,2.7,5.1,,,
13.082,80.275,2013-03-02,26.4,32.5,22.1,20.7,73.4,0.0,0,0.0,22.3,8.2,56.1,1012.4,2.5,5.8,,,
13.082,80.275,2013-03-03,26.4,32.0,23.1,19.6,70.5,0.0,0,0.0,24.1,10.6,47.1,1012.5,19.3,6.7,,,
13.082,80.275,2013-03-04,26.3,33.1,22.1,20.4,70.9,0.0,0,0.0,22.3,12.3,46.6,1012.5,31.6,5.7,,,
13.082,80.275,2013-03-05,27.5,34.7,24.1,22.2,73.7,0.0,0,0.0,22.3,13.4,37.9,1012.4,46.4,6.1,,,
13.082,80.275,2013-03-06,27.9,35.2,25.1,24.1,80.0,0.3,100,4.17,22.3,14.2,69.3,1012.7,72.1,6.0,,,
13.082,80.275,2013-03-07,27.3,36.7,24.1,24.2,84.0,31.7,100,8.33,20.5,9.3,79.3,1013.1,70.4,5.8,,,
13.082,80.275,2013-03-08,28.1,36.9,25.8,23.5,77.2,0.0,0,0.0,18.4,10.3,76.5,1013.2,60.4,6.6,,,
13.082,80.275,2013-03-09,28.2,38.0,25.1,24.0,78.6,0.0,0,0.0,18.4,8.7,118.3,1012.0,40.7,6.2,,,
13.082,80.275,2013-03-10,28.1,38.0,25.1,24.0,79.5,0.0,0,0.0,18.4,9.1,148.8,1010.4,30.1,6.3,,,
13.082,80.275,2013-03-11,28.2,34.3,24.1,21.5,71.3,0.0,0,0.0,20.5,9.6,156.0,1011.0,37.3,5.9,,,
13.082,80.275,2013-03-12,27.6,35.9,23.1,21.7,72.5,0.0,0,0.0,18.4,9.0,154.8,1011.5,17.3,5.9,,,
13.082,80.275,2013-03-13,27.2,34.7,22.1,21.9,74.0,0.0,0,0.0,16.6,9.0,131.5,1011.3,17.8,5.8,,,
13.082,80.275,2013-03-14,28.1,35.0,23.1,21.6,69.9,0.0,0,0.0,20.5,10.6,131.2,1011.5,19.4,6.0,,,
13.082,80.275,2013-03-15,28.0,35.9,24.1,22.6,74.0,0.0,0,0.0,22.3,10.6,92.4,1012.3,39.4,6.2,,,
13.082,80.275,2013-03-16,28.0,35.4,23.1,21.8,71.4,0.0,0,0.0,18.4,8.1,110.7,1013.0,24.7,5.6,,,
13.082,80.275,2013-03-17,27.5,33.6,23.1,20.5,68.9,0.0,0,0.0,18.4,8.1,112.4,1012.2,23.1,5.2,,,
13.082,80.275,2013-03-18,27.2,34.3,22.1,21.1,71.5,0.0,0,0.0,18.4,9.0,101.8,1010.1,12.6,5.4,,,
13.082,80.275,2013-03-19,27.5,37.1,23.1,21.9,73.2,0.0,0,0.0,18.4,8.0,124.0,1010.0,36.6,4.9,,,
13.082,80.275,2013-03-20,28.1,36.9,23.1,22.9,74.5,0.0,0,0.0,18.4,9.9,130.9,1010.6,41.4,5.2,,,
13.082,80.275,2013-03-21,28.4,36.4,23.1,20.5,67.2,0.0,0,0.0,22.3,9.9,158.1,1009.6,27.7,5.9,,,
13.082,80.275,2013-03-22,28.6,35.8,24.1,21.2,67.8,0.0,0,0.0,22.3,11.7,147.8,1007.9,24.5,6.2,,,
13.082,80.275,2013-03-23,28.3,35.4,23.1,21.5,68.2,0.0,0,0.0,22.3,12.2,149.9,1008.5,13.3,6.7,,,
13.082,80.275,2013-03-24,28.1,37.1,23.1,22.7,74.1,0.0,0,0.0,20.5,9.1,116.7,1010.0,32.1,5.6,,,
13.082,80.275,2013-03-25,28.9,38.4,24.1,23.1,72.3,0.0,0,0.0,22.3,10.3,130.1,1009.3,29.1,6.1,,,
13.082,80.275,2013-03-26,29.5,38.4,25.1,22.6,68.9,0.0,0,0.0,25.9,13.2,154.1,1007.8,32.3,6.5,,,
13.082,80.275,2013-03-27,29.9,43.5,30.1,24.4,73.9,0.0,0,0.0,24.1,14.4,162.6,1008.0,34.1,7.2,,,
13.082,80.275,2013-03-28,29.4,38.4,25.1,23.2,71.5,0.0,0,0.0,24.1,14.2,151.3,1008.8,42.1,6.4,,,
13.082,80.275,2013-03-29,29.5,40.7,26.1,24.6,76.0,0.0,0,0.0,27.7,14.9,148.3,1008.5,45.2,5.9,,,
13.082,80.275,2013-03-30,30.0,40.7,30.8,24.5,73.6,0.0,0,0.0,25.9,15.6,160.6,1007.5,40.8,6.0,,,
13.082,80.275,2013-03-31,30.1,42.0,30.8,24.5,73.2,0.0,0,0.0,25.9,15.4,157.6,1007.6,40.0,6.4,,,
13.082,80.275,2013-04-01,29.6,40.7,25.1,24.7,76.5,0.0,0,0.0,25.9,15.6,154.6,1008.3,39.8,6.4,,,
13.082,80.275,2013-04-02,29.8,40.7,30.8,25.1,76.5,0.0,0,0.0,27.7,14.8,146.6,1009.0,38.5,6.3,,,
13.082,80.275,2013-04-03,29.0,39.4,26.1,23.8,74.8,0.0,0,0.0,25.9,13.0,142.1,1009.0,43.3,5.9,,,
13.082,80.275,2013-04-04,29.3,40.7,24.1,23.8,74.0,0.0,0,0.0,24.1,12.7,156.0,1007.5,27.2,5.9,,,
13.082,80.275,2013-04-05,31.2,42.1,30.2,23.5,66.9,0.0,0,0.0,25.9,16.9,187.0,1005.9,36.6,6.2,,,
13.082,80.275,2013-04-06,31.0,44.8,32.1,24.2,68.3,0.0,0,0.0,27.7,16.1,171.8,1005.4,25.8,6.7,,,
13.082,80.275,2013-04-07,31.1,43.3,33.7,24.6,70.3,0.0,0,0.0,25.9,16.9,174.0,1005.3,25.8,6.2,,,
13.082,80.275,2013-04-08,30.5,42.1,33.7,25.3,74.9,0.0,0,0.0,24.1,15.2,169.2,1006.5,39.0,6.5,,,
13.082,80.275,2013-04-09,30.3,40.8,31.4,25.1,75.1,0.0,0,0.0,22.3,13.4,163.7,1007.8,36.5,6.4,,,
13.082,80.275,2013-04-10,29.9,40.7,30.8,24.1,72.7,0.0,0,0.0,25.9,14.7,155.6,1008.0,29.7,6.6,,,
13.082,80.275,2013-04-11,29.3,39.5,24.1,23.3,71.8,0.0,0,0.0,27.7,12.7,148.1,1007.6,34.3,6.6,,,
13.082,80.275,2013-04-12,30.2,38.7,26.1,23.2,68.5,0.0,0,0.0,24.1,11.9,135.5,1008.2,36.5,6.7,,,
13.082,80.275,2013-04-13,30.3,40.7,26.1,24.2,71.3,0.2,100,4.17,24.1,12.9,129.8,1009.1,40.2,6.8,,,
13.082,80.275,2013-04-14,30.9,42.0,32.1,24.7,70.6,0.0,0,0.0,27.7,15.8,141.1,1009.4,45.8,6.5,,,
13.082,80.275,2013-04-15,31.5,42.1,32.8,24.2,67.0,0.0,0,0.0,24.1,15.6,170.2,1007.2,38.3,6.5,,,
13.082,80.275,2013-04-16,32.0,43.3,34.7,24.3,66.2,0.0,0,0.0,24.1,14.2,168.0,1005.5,34.4,6.2,,,
13.082,80.275,2013-04-17,32.1,47.8,34.7,25.5,69.4,0.0,0,0.0,25.9,17.8,173.9,1004.1,33.1,6.1,,,
13.082,80.275,2013-04-18,31.9,46.1,33.7,24.6,66.0,0.0,0,0.0,27.7,16.7,178.5,1004.8,41.7,5.9,,,
13.082,80.275,2013-04-19,31.0,43.3,31.4,23.8,66.7,0.0,0,0.0,27.7,16.0,164.7,1005.4,39.5,5.9,,,
13.082,80.275,2013-04-20,30.9,39.9,26.1,23.1,65.6,0.0,0,0.0,27.7,17.6,170.8,1005.7,41.8,6.1,,,
13.082,80.275,2013-04-21,30.8,40.8,32.1,24.3,69.4,0.2,100,4.17,22.3,15.0,149.8,1006.7,45.1,6.9,,,
13.082,80.275,2013-04-22,30.9,40.8,32.8,24.3,69.1,0.0,0,0.0,25.9,14.5,158.9,1007.7,48.3,6.3,,,
13.082,80.275,2013-04-23,30.5,40.8,33.7,24.8,72.7,0.1,100,4.17,24.1,13.0,156.2,1009.0,47.0,5.9,,,
13.082,80.275,2013-04-24,29.9,38.4,26.1,24.7,74.3,0.2,100,4.17,24.1,10.8,143.7,1010.1,55.0,5.6,,,
13.082,80.275,2013-04-25,30.4,40.8,30.8,24.5,72.0,0.0,0,0.0,22.3,11.8,133.7,1009.6,42.5,6.8,,,
13.082,80.275,2013-04-26,30.3,40.7,30.2,24.3,71.1,0.0,0,0.0,27.7,12.5,133.3,1009.4,41.7,6.3,,,
13.082,80.275,2013-04-27,30.6,40.8,30.2,23.7,67.7,0.0,0,0.0,22.3,11.6,142.9,1008.7,38.6,6.5,,,
13.082,80.275,2013-04-28,31.9,43.5,32.1,23.7,64.1,0.0,0,0.0,24.1,14.2,164.8,1006.4,32.5,6.7,,,
13.082,80.275,2013-04-29,31.6,43.3,32.1,24.3,67.0,0.0,0,0.0,25.9,15.5,150.6,1006.2,34.2,6.5,,,
13.082,80.275,2013-04-30,30.9,43.5,30.8,24.9,71.8,0.0,0,0.0,25.9,13.8,145.1,1006.7,28.8,6.3,,,
13.082,80.275,2013-05-01,31.1,42.1,30.2,24.2,68.4,0.0,0,0.0,24.1,14.6,146.1,1006.3,39.2,6.8,,,
13.082,80.275,2013-05-02,31.1,43.3,30.8,24.2,68.5,0.0,0,0.0,18.4,13.6,166.2,1004.5,32.5,7.2,,,
13.082,80.275,2013-05-03,31.9,46.0,32.8,25.0,68.4,0.0,0,0.0,25.9,15.2,177.1,1003.0,23.3,6.5,,,
13.082,80.275,2013-05-04,31.9,44.7,34.7,25.1,69.0,0.0,0,0.0,25.9,16.0,163.4,1003.4,23.3,6.7,,,
13.082,80.275,2013-05-05,31.8,43.4,34.7,24.9,68.6,0.0,0,0.0,29.5,16.1,160.9,1004.9,41.5,6.8,,,
13.082,80.275,2013-05-06,31.0,42.1,34.7,24.9,70.7,0.0,0,0.0,24.1,13.2,139.9,1006.0,37.5,6.7,,,
13.082,80.275,2013-05-07,31.2,43.5,30.8,24.9,70.1,0.0,0,0.0,25.9,13.4,153.8,1005.8,37.5,6.9,,,
13.082,80.275,2013-05-08,32.5,44.7,34.7,24.7,65.4,0.0,0,0.0,25.9,14.4,162.7,1005.0,32.1,6.7,,,
13.082,80.275,2013-05-09,32.4,47.8,34.7,25.7,69.2,0.0,0,0.0,22.3,14.3,159.7,1004.7,29.2,6.5,,,
13.082,80.275,2013-05-10,32.6,47.8,34.7,25.5,67.3,0.0,0,0.0,24.1,13.0,164.3,1004.3,34.2,6.2,,,
13.082,80.275,2013-05-11,32.8,46.1,35.8,25.3,66.9,0.0,0,0.0,25.9,14.2,163.2,1002.2,34.0,6.3,,,
13.082,80.275,2013-05-12,33.2,43.5,33.8,23.6,59.7,0.0,0,0.0,18.4,10.8,147.8,1002.3,37.5,6.2,,,
13.082,80.275,2013-05-13,29.5,38.4,24.1,23.2,70.4,49.0,100,4.17,22.3,12.4,222.6,1003.0,91.3,5.2,,,
13.082,80.275,2013-05-14,31.3,42.1,32.1,23.8,65.7,0.0,0,0.0,18.4,10.4,183.5,1001.2,91.3,5.4,,,
13.082,80.275,2013-05-15,32.0,42.4,33.7,24.6,67.6,0.0,0,0.0,22.3,13.2,173.1,1001.4,52.9,5.3,,,
13.082,80.275,2013-05-16,33.0,41.0,31.4,21.6,54.2,0.0,0,0.0,22.3,13.9,207.9,1002.5,52.5,6.3,,,
13.082,80.275,2013-05-17,32.0,47.5,31.4,24.1,65.1,0.0,0,0.0,20.5,13.2,163.8,1004.2,20.0,6.0,,,
13.082,80.275,2013-05-18,31.3,46.4,32.1,25.0,70.3,0.0,0,0.0,22.3,14.9,171.0,1004.5,30.6,5.9,,,
13.082,80.275,2013-05-19,31.3,45.1,32.1,24.6,68.4,0.0,0,0.0,27.7,16.2,166.1,1004.5,35.4,6.5,,,
13.082,80.275,2013-05-20,31.3,44.0,31.4,24.2,66.9,0.0,0,0.0,24.1,15.9,176.0,1004.4,31.0,6.7,,,
13.082,80.275,2013-05-21,31.4,43.3,32.1,24.0,66.1,0.0,0,0.0,25.9,16.3,174.6,1004.6,12.0,6.0,,,
13.082,80.275,2013-05-22,32.2,47.3,31.4,23.6,62.1,0.0,0,0.0,27.7,15.2,185.6,1003.7,20.0,6.5,,,
13.082,80.275,2013-05-23,33.1,43.5,29.7,21.9,54.7,0.0,0,0.0,25.9,16.5,210.3,1003.1,22.7,6.7,,,
13.082,80.275,2013-05-24,33.8,43.7,32.9,22.6,55.0,0.0,0,0.0,25.9,16.7,227.5,1002.3,42.1,6.5,,,
13.082,80.275,2013-05-25,34.4,43.5,32.0,19.5,44.7,0.0,0,0.0,22.3,15.4,236.1,1002.5,31.7,6.4,,,
13.082,80.275,2013-05-26,34.4,43.5,31.9,20.3,45.6,0.0,0,0.0,27.7,19.2,249.5,1002.4,35.0,7.0,,,
13.082,80.275,2013-05-27,31.4,37.8,28.6,18.1,45.8,0.0,0,0.0,25.9,14.7,222.5,1004.0,54.2,6.5,,,
13.082,80.275,2013-05-28,31.5,41.2,30.2,21.3,56.7,4.0,100,4.17,24.1,15.6,203.5,1004.6,51.2,6.7,,,
13.082,80.275,2013-05-29,31.1,40.7,30.2,22.0,59.8,0.0,0,0.0,25.9,16.0,228.6,1003.5,61.3,6.6,,,
13.082,80.275,2013-05-30,31.0,38.2,30.8,22.1,60.3,0.0,0,0.0,22.3,12.4,205.0,1003.0,57.5,6.1,,,
13.082,80.275,2013-05-31,30.4,40.9,29.3,22.6,63.8,0.0,0,0.0,22.3,13.6,192.7,1002.9,51.7,6.5,,,
13.082,80.275,2013-06-01,29.4,36.2,26.1,22.0,65.5,0.0,0,0.0,18.4,12.0,222.8,1002.8,67.8,6.5,,,
13.082,80.275,2013-06-02,28.6,38.7,25.1,22.4,71.0,91.0,100,4.17,18.4,13.8,249.8,1002.5,63.3,6.3,,,
13.082,80.275,2013-06-03,30.1,38.7,26.1,22.0,63.4,0.0,0,0.0,18.4,12.4,252.2,1002.0,50.8,6.4,,,
13.082,80.275,2013-06-04,30.4,37.8,28.9,21.8,60.8,0.0,0,0.0,18.4,11.0,273.2,1002.8,50.0,6.8,,,
13.082,80.275,2013-06-05,30.6,37.4,30.8,23.0,64.8,0.0,0,0.0,18.4,10.7,236.4,1003.7,82.0,6.6,,,
13.082,80.275,2013-06-06,29.5,40.9,25.1,23.7,72.7,26.0,100,4.17,24.1,13.8,219.5,1002.7,57.6,6.1,,,
13.082,80.275,2013-06-07,30.1,40.8,26.1,24.1,71.7,0.0,0,0.0,22.3,13.3,220.4,1002.3,64.7,6.5,,,
13.082,80.275,2013-06-08,30.3,38.7,26.1,22.6,65.7,0.9,100,4.17,22.3,14.5,223.3,1003.3,60.4,6.3,,,
13.082,80.275,2013-06-09,31.6,39.9,29.7,21.1,55.1,0.7,100,4.17,25.9,16.3,252.4,1003.2,50.0,6.7,,,
13.082,80.275,2013-06-10,31.4,39.6,29.9,21.0,55.0,0.1,100,4.17,25.9,14.6,250.1,1003.5,62.9,6.2,,,
13.082,80.275,2013-06-11,29.9,39.9,26.1,22.6,66.7,3.0,100,8.33,25.9,13.6,247.2,1002.1,60.4,6.0,,,
13.082,80.275,2013-06-12,29.9,35.9,29.7,21.5,61.3,0.0,0,0.0,22.3,13.0,241.8,1000.8,88.3,5.7,,,
13.082,80.275,2013-06-13,31.0,36.2,29.7,19.9,51.9,0.0,0,0.0,22.3,17.7,235.4,999.3,87.5,5.1,,,
13.082,80.275,2013-06-14,31.9,39.0,28.3,19.9,49.6,0.1,100,4.17,24.1,16.8,241.4,999.1,65.4,5.5,,,
13.082,80.275,2013-06-15,31.8,39.0,29.7,20.6,52.9,0.0,0,0.0,25.9,15.3,226.7,1000.2,42.5,5.7,,,
13.082,80.275,2013-06-16,32.1,40.2,28.9,21.3,54.5,0.0,0,0.0,22.3,15.7,233.9,1001.6,36.7,6.4,,,
13.082,80.275,2013-06-17,33.0,41.2,30.9,20.6,49.4,0.0,0,0.0,25.9,17.8,251.3,1002.3,52.5,6.6,,,
13.082,80.275,2013-06-18,32.9,39.9,30.9,20.0,47.3,0.0,0,0.0,24.1,16.8,256.6,1002.0,45.0,7.7,,,
13.082,80.275,2013-06-19,32.9,40.7,30.9,21.0,50.8,0.0,0,0.0,24.1,16.1,233.2,1002.1,50.3,7.6,,,
13.082,80.275,2013-06-20,32.6,40.2,30.9,21.0,51.5,0.0,0,0.0,24.1,17.9,248.7,1002.9,43.3,6.6,,,
13.082,80.275,2013-06-21,32.6,39.5,32.0,21.3,52.4,0.0,0,0.0,25.9,17.1,242.8,1002.9,45.0,6.8,,,
13.082,80.275,2013-06-22,32.5,39.4,32.0,21.2,52.6,0.0,0,0.0,22.3,16.4,252.9,1002.3,40.3,6.7,,,
13.082,80.275,2013-06-23,31.6,39.0,30.9,20.9,54.0,0.1,100,4.17,18.4,13.2,251.9,1001.4,58.8,6.8,,,
13.082,80.275,2013-06-24,31.5,38.7,30.9,20.2,51.5,0.0,0,0.0,25.9,17.9,244.6,1001.1,67.5,6.6,,,
13.082,80.275,2013-06-25,32.3,39.9,29.7,20.6,50.7,0.0,0,0.0,22.3,16.4,230.8,1003.5,76.7,6.7,,,
13.082,80.275,2013-06-26,32.6,39.3,32.0,21.2,52.3,0.0,0,0.0,22.3,15.5,236.2,1005.5,68.3,6.8,,,
13.082,80.275,2013-06-27,30.8,39.0,26.1,22.3,62.1,23.0,100,8.33,21.2,13.2,233.6,1005.6,87.5,6.1,,,
13.082,80.275,2013-06-28,30.2,40.2,25.1,23.2,68.4,8.0,100,4.17,25.6,15.3,203.3,1005.9,73.5,6.1,,,
13.082,80.275,2013-06-29,29.0,39.5,25.1,22.9,71.8,7.0,100,4.17,22.3,14.8,225.1,1006.0,86.7,6.2,,,
13.082,80.275,2013-06-30,30.2,39.4,26.1,22.7,67.3,0.0,0,0.0,22.3,15.5,222.3,1006.0,63.8,6.6,,,
13.082,80.275,2013-07-01,30.9,40.2,29.3,22.0,61.0,0.3,100,4.17,22.3,13.3,218.7,1004.0,39.2,6.6,,,
13.082,80.275,2013-07-02,30.7,39.9,29.3,21.9,60.7,0.0,0,0.0,22.3,15.5,229.9,1002.4,55.8,6.1,,,
13.082,80.275,2013-07-03,30.6,37.8,29.3,22.0,62.0,0.6,100,8.33,25.9,13.1,225.9,1002.5,90.0,6.2,,,
13.082,80.275,2013-07-04,30.2,37.4,28.6,21.3,59.6,0.0,0,0.0,22.3,14.3,228.8,1002.5,69.2,5.9,,,
13.082,80.275,2013-07-05,29.4,37.1,29.7,23.4,71.2,0.0,0,0.0,14.8,7.5,179.1,1002.5,75.8,5.7,,,
13.082,80.275,2013-07-06,29.9,39.5,24.1,22.9,67.1,0.6,100,4.17,22.3,10.8,228.6,1003.4,67.1,5.9,,,
13.082,80.275,2013-07-07,28.4,37.1,24.1,23.0,74.0,2.0,100,4.17,22.3,10.3,251.2,1004.3,77.9,5.7,,,
13.082,80.275,2013-07-08,28.3,35.9,25.1,23.3,75.3,4.0,100,4.17,18.4,8.8,216.2,1003.8,83.3,5.4,,,
13.082,80.275,2013-07-09,29.4,36.2,26.1,22.3,66.8,0.0,0,0.0,18.4,11.5,236.5,1002.9,93.3,6.2,,,
13.082,80.275,2013-07-10,28.4,36.2,24.1,22.2,70.2,23.0,100,8.33,22.3,9.6,258.2,1002.5,87.5,5.3,,,
13.082,80.275,2013-07-11,26.9,34.3,23.1,23.0,80.0,10.0,100,8.33,27.7,8.8,229.2,1003.5,98.3,4.6,,,
13.082,80.275,2013-07-12,28.7,37.1,24.1,23.4,75.1,6.0,100,4.17,22.3,8.6,205.2,1003.7,86.2,5.0,,,
13.082,80.275,2013-07-13,30.2,39.6,26.1,23.2,68.2,0.0,0,0.0,22.3,12.5,235.4,1004.0,54.2,5.7,,,
13.082,80.275,2013-07-14,30.7,39.6,29.3,22.7,63.6,0.0,0,0.0,22.3,11.5,241.4,1003.6,52.5,7.2,,,
13.082,80.275,2013-07-15,30.3,39.6,29.9,23.5,68.3,0.8,100,8.33,22.3,13.5,226.7,1002.9,55.2,6.2,,,
13.082,80.275,2013-07-16,28.8,37.1,25.1,23.6,75.2,26.0,100,4.17,22.3,12.3,214.4,1003.3,90.4,4.9,,,
13.082,80.275,2013-07-17,29.0,35.9,26.1,22.8,69.5,0.0,0,0.0,18.4,12.1,211.3,1003.8,90.8,5.1,,,
13.082,80.275,2013-07-18,28.7,38.2,24.1,23.0,72.6,0.0,0,0.0,19.1,11.3,227.3,1003.3,92.9,4.9,,,
13.082,80.275,2013-07-19,27.2,36.9,25.1,22.8,78.0,55.0,100,12.5,18.7,12.0,224.3,1002.1,93.3,5.3,,,
13.082,80.275,2013-07-20,28.7,39.5,25.1,23.0,73.0,0.1,100,4.17,22.3,13.0,222.9,1003.6,82.5,5.4,,,
13.082,80.275,2013-07-21,28.8,40.8,25.1,23.2,72.4,9.2,100,8.33,25.9,13.6,251.3,1002.7,87.1,5.5,,,
13.082,80.275,2013-07-22,28.5,35.6,26.1,22.8,72.5,0.4,100,4.17,18.4,10.6,238.4,1001.6,91.6,4.7,,,
13.082,80.275,2013-07-23,28.0,34.3,26.1,22.4,72.0,0.0,0,0.0,14.8,11.1,213.0,1001.9,90.8,5.6,,,
13.082,80.275,2013-07-24,28.6,35.6,26.1,22.7,70.7,3.0,100,4.17,22.3,12.5,205.2,1003.2,90.4,5.0,,,
13.082,80.275,2013-07-25,28.8,33.4,28.9,22.1,67.9,0.0,0,0.0,20.5,11.6,210.8,1003.7,91.7,5.8,,,
13.082,80.275,2013-07-26,30.1,37.8,28.6,21.3,60.1,0.0,0,0.0,25.9,15.8,214.5,1003.1,66.7,6.2,,,
13.082,80.275,2013-07-27,30.6,39.6,28.6,21.8,60.8,0.0,0,0.0,22.3,15.0,219.6,1005.0,43.3,7.3,,,
13.082,80.275,2013-07-28,30.2,40.8,26.1,23.2,67.8,1.0,100,4.17,16.6,11.9,232.0,1006.8,71.6,6.0,,,
13.082,80.275,2013-07-29,29.9,38.4,26.1,21.6,62.2,0.0,0,0.0,20.5,11.7,259.7,1006.4,79.2,6.5,,,
13.082,80.275,2013-07-30,31.1,37.8,26.1,19.1,49.3,0.0,0,0.0,24.1,15.7,257.6,1003.4,48.3,6.7,,,
13.082,80.275,2013-07-31,31.1,36.6,29.3,19.3,49.9,0.0,0,0.0,25.9,17.1,253.2,1002.1,54.5,6.3,,,
13.082,80.275,2013-08-01,30.7,38.2,28.3,19.9,53.1,0.0,0,0.0,22.3,14.2,232.0,1002.3,66.3,6.0,,,
13.082,80.275,2013-08-02,30.2,39.4,28.9,22.1,62.7,0.9,100,4.17,20.5,13.1,200.7,1003.3,49.8,6.2,,,
13.082,80.275,2013-08-03,30.1,38.7,26.1,22.3,64.5,0.0,0,0.0,22.3,12.6,243.0,1004.5,62.9,6.3,,,
13.082,80.275,2013-08-04,29.8,40.8,25.1,22.8,67.7,7.0,100,4.17,24.1,13.6,227.4,1003.9,52.3,6.3,,,
13.082,80.275,2013-08-05,28.6,36.7,24.1,22.7,71.5,5.0,100,4.17,22.3,14.0,253.6,1004.2,81.7,5.7,,,
13.082,80.275,2013-08-06,28.9,38.2,25.1,22.8,70.9,0.2,100,4.17,22.3,12.8,200.3,1004.9,56.1,5.7,,,
13.082,80.275,2013-08-07,29.6,38.7,26.1,22.9,68.6,0.0,0,0.0,18.4,9.7,211.1,1005.4,40.8,5.9,,,
13.082,80.275,2013-08-08,30.6,40.9,30.2,23.6,68.1,0.2,100,4.17,20.5,11.7,267.8,1005.1,58.3,6.4,,,
13.082,80.275,2013-08-09,29.7,40.8,26.1,23.3,69.4,0.0,0,0.0,22.3,14.1,220.0,1005.3,60.8,6.5,,,
13.082,80.275,2013-08-10,27.6,34.3,25.1,23.3,78.0,5.2,100,8.33,22.3,10.2,228.5,1005.8,89.6,4.9,,,
13.082,80.275,2013-08-11,28.9,36.9,26.1,23.7,74.4,0.0,0,0.0,11.2,6.6,227.4,1005.3,73.8,5.7,,,
13.082,80.275,2013-08-12,27.7,34.3,24.1,23.3,77.3,4.0,100,4.17,22.3,11.8,259.0,1004.8,81.3,5.9,,,
13.082,80.275,2013-08-13,29.1,38.2,26.1,23.7,73.8,0.0,0,0.0,18.4,10.8,250.9,1003.5,70.3,5.5,,,
13.082,80.275,2013-08-14,25.1,26.1,24.1,23.2,89.1,26.0,100,16.67,22.3,11.0,232.5,1004.5,95.8,4.0,,,
13.082,80.275,2013-08-15,25.7,32.1,23.1,23.5,87.8,27.0,100,20.83,24.1,14.5,232.2,1005.1,96.7,4.1,,,
13.082,80.275,2013-08-16,27.8,35.6,25.1,23.2,76.7,0.2,100,4.17,22.3,12.6,225.0,1004.7,90.8,6.1,,,
13.082,80.275,2013-08-17,27.6,36.7,24.1,23.6,80.0,34.8,100,8.33,24.1,13.7,223.0,1005.7,92.2,5.6,,,
13.082,80.275,2013-08-18,28.9,36.9,26.1,23.4,73.1,0.0,0,0.0,24.1,14.4,214.3,1005.7,64.2,7.3,,,
13.082,80.275,2013-08-19,29.9,39.5,29.3,23.4,69.3,0.0,0,0.0,25.9,15.2,230.7,1005.5,70.0,6.6,,,
13.082,80.275,2013-08-20,29.7,38.4,26.1,23.3,69.8,5.0,100,4.17,24.1,14.4,236.9,1005.0,79.2,6.0,,,
13.082,80.275,2013-08-21,29.8,38.4,26.1,22.8,67.8,0.4,100,12.5,22.3,12.4,235.9,1004.1,74.5,5.9,,,
13.082,80.275,2013-08-22,29.5,38.7,25.1,22.3,67.1,10.0,100,4.17,22.3,12.6,242.4,1004.3,65.2,6.7,,,
13.082,80.275,2013-08-23,30.6,37.8,29.7,22.2,62.3,0.0,0,0.0,22.3,13.3,246.8,1004.5,57.2,6.8,,,
13.082,80.275,2013-08-24,30.1,37.4,29.7,22.6,65.7,0.2,100,4.17,18.4,11.5,225.3,1004.7,59.0,6.5,,,
13.082,80.275,2013-08-25,30.2,40.7,29.3,22.9,66.1,0.0,0,0.0,18.4,13.3,208.1,1004.4,45.0,6.5,,,
13.082,80.275,2013-08-26,30.1,38.2,29.7,23.1,67.4,0.0,0,0.0,18.4,11.5,187.1,1004.5,43.3,7.0,,,
13.082,80.275,2013-08-27,30.0,40.7,29.7,23.9,70.3,0.0,0,0.0,18.4,12.0,172.9,1005.3,38.8,6.5,,,
13.082,80.275,2013-08-28,30.0,39.6,25.1,24.2,72.8,0.0,0,0.0,27.7,11.8,203.5,1006.6,53.5,5.9,,,
13.082,80.275,2013-08-29,29.6,40.7,26.1,23.8,72.5,0.1,100,4.17,20.5,9.3,230.1,1008.3,71.5,5.8,,,
13.082,80.275,2013-08-30,28.9,42.3,25.1,24.7,79.4,31.0,100,4.17,22.3,9.5,181.2,1007.7,50.9,6.5,,,
13.082,80.275,2013-08-31,30.2,40.7,30.8,24.6,72.8,0.0,0,0.0,18.4,12.0,182.7,1006.5,37.5,6.5,,,
13.082,80.275,2013-09-01,30.0,42.3,30.8,24.8,74.5,0.0,0,0.0,22.3,11.1,176.4,1006.8,36.0,6.2,,,
13.082,80.275,2013-09-02,29.9,42.3,29.3,24.1,72.0,0.0,0,0.0,18.4,10.2,155.1,1007.5,41.7,6.0,,,
13.082,80.275,2013-09-03,30.0,41.2,24.1,22.5,66.3,0.0,0,0.0,22.3,11.3,231.9,1008.0,54.2,6.5,,,
13.082,80.275,2013-09-04,28.3,40.8,23.1,23.1,75.8,17.0,100,8.33,18.4,12.6,240.0,1008.5,62.7,6.5,,,
13.082,80.275,2013-09-05,29.4,38.2,26.1,23.6,72.3,0.0,0,0.0,18.4,9.5,253.2,1007.1,58.1,6.2,,,
13.082,80.275,2013-09-06,29.3,40.7,26.1,23.9,74.0,2.0,100,4.17,22.3,12.0,263.9,1006.9,65.7,5.4,,,
13.082,80.275,2013-09-07,28.9,37.1,25.1,23.3,72.8,0.3,100,4.17,18.4,11.9,269.5,1006.7,85.4,6.0,,,
13.082,80.275,2013-09-08,28.0,40.8,25.1,24.9,84.1,12.2,100,12.5,14.8,6.4,240.0,1006.2,87.9,4.5,,,
13.082,80.275,2013-09-09,27.6,39.4,24.1,24.3,83.3,7.0,100,8.33,13.3,7.1,257.0,1006.2,76.7,5.0,,,
13.082,80.275,2013-09-10,28.0,39.3,26.1,24.9,83.5,0.3,100,4.17,11.2,4.9,241.6,1004.8,76.7,4.3,,,
13.082,80.275,2013-09-11,25.7,30.8,23.1,23.7,89.0,85.7,100,16.67,27.7,7.5,265.5,1004.3,96.2,4.1,,,
13.082,80.275,2013-09-12,26.5,35.2,25.1,24.3,87.8,17.0,100,8.33,9.4,4.8,254.0,1005.5,95.4,3.7,,,
13.082,80.275,2013-09-13,27.0,35.4,25.1,24.5,86.5,11.0,100,8.33,9.4,5.8,282.5,1006.1,81.2,5.2,,,
13.082,80.275,2013-09-14,28.2,37.9,26.1,24.6,81.4,0.0,0,0.0,13.0,6.3,310.3,1005.2,71.0,5.3,,,
13.082,80.275,2013-09-15,29.7,43.7,26.1,24.9,76.6,0.0,0,0.0,18.4,8.5,238.7,1003.2,43.5,6.9,,,
13.082,80.275,2013-09-16,29.2,38.0,26.1,24.0,74.4,0.0,0,0.0,18.4,10.4,237.8,1003.2,41.7,6.7,,,
13.082,80.275,2013-09-17,29.5,39.4,30.2,24.8,76.7,2.0,100,4.17,18.4,10.3,220.1,1002.6,70.8,6.0,,,
13.082,80.275,2013-09-18,30.1,40.7,24.1,24.2,72.7,0.0,0,0.0,25.9,11.6,236.6,1002.4,52.1,6.5,,,
13.082,80.275,2013-09-19,29.5,40.7,25.1,23.8,73.1,10.0,100,4.17,18.4,11.3,221.6,1001.9,53.3,6.3,,,
13.082,80.275,2013-09-20,30.4,38.4,29.7,23.2,66.3,0.0,0,0.0,25.9,13.7,238.9,1000.6,68.3,6.5,,,
13.082,80.275,2013-09-21,30.1,39.5,29.3,22.8,65.8,0.1,100,4.17,24.1,14.8,250.0,1002.3,69.6,6.0,,,
13.082,80.275,2013-09-22,30.3,38.4,26.1,22.4,63.6,0.0,0,0.0,25.9,13.3,251.1,1003.6,47.3,6.6,,,
13.082,80.275,2013-09-23,30.6,37.8,28.3,20.9,57.0,0.0,0,0.0,24.1,13.2,239.8,1004.4,47.1,7.3,,,
13.082,80.275,2013-09-24,30.5,38.2,32.1,23.1,66.1,0.0,0,0.0,16.6,9.0,221.6,1005.3,40.8,6.5,,,
13.082,80.275,2013-09-25,29.4,36.9,32.1,24.1,73.8,0.0,0,0.0,18.4,10.9,318.2,1007.5,86.7,5.2,,,
13.082,80.275,2013-09-26,29.5,40.8,30.8,24.9,76.8,2.0,100,4.17,20.5,9.3,205.5,1008.9,71.3,5.0,,,
13.082,80.275,2013-09-27,29.8,42.1,29.7,24.7,75.1,0.0,0,0.0,18.4,11.2,212.2,1008.6,56.0,5.8,,,
13.082,80.275,2013-09-28,29.4,39.3,32.1,24.9,77.4,10.2,100,8.33,16.6,8.4,238.9,1007.5,66.0,4.6,,,
13.082,80.275,2013-09-29,29.4,37.1,26.1,22.8,68.7,0.0,0,0.0,20.5,12.0,252.7,1005.3,56.3,5.7,,,
13.082,80.275,2013-09-30,29.6,37.4,25.1,22.7,68.6,11.0,100,4.17,22.3,12.5,261.4,1003.8,53.8,6.2,,,
13.082,80.275,2013-10-01,30.2,39.5,29.7,23.7,69.5,0.0,0,0.0,22.3,11.4,237.2,1004.3,51.5,6.4,,,
13.082,80.275,2013-10-02,30.2,39.5,32.1,24.1,70.7,0.0,0,0.0,18.4,9.7,211.0,1005.7,62.0,6.3,,,
13.082,80.275,2013-10-03,28.8,39.4,25.1,24.1,76.1,5.0,100,4.17,18.4,10.3,212.8,1006.9,68.3,5.8,,,
13.082,80.275,2013-10-04,28.8,36.9,24.1,23.2,73.6,20.0,100,4.17,18.4,10.2,227.4,1007.8,47.4,6.0,,,
13.082,80.275,2013-10-05,29.5,37.1,26.1,22.6,68.0,0.0,0,0.0,18.4,9.8,177.9,1007.6,27.5,5.6,,,
13.082,80.275,2013-10-06,30.1,38.4,26.1,22.9,66.9,0.0,0,0.0,22.3,11.2,186.9,1006.8,48.3,5.8,,,
13.082,80.275,2013-10-07,29.9,39.3,26.1,24.0,71.3,0.0,0,0.0,16.6,12.0,189.4,1007.8,60.4,6.3,,,
13.082,80.275,2013-10-08,28.9,39.4,25.1,23.5,73.7,0.0,0,0.0,18.4,11.0,222.3,1008.0,54.2,5.6,,,
13.082,80.275,2013-10-09,28.0,35.9,25.1,23.0,74.8,10.9,100,12.5,22.3,11.4,250.0,1007.8,62.9,5.7,,,
13.082,80.275,2013-10-10,26.4,38.0,24.1,23.0,82.3,23.4,100,8.33,13.7,7.0,244.5,1008.3,72.4,4.2,,,
13.082,80.275,2013-10-11,28.8,36.2,25.1,23.0,73.3,0.0,0,0.0,22.3,8.6,268.1,1007.1,58.3,5.7,,,
13.082,80.275,2013-10-12,29.5,36.2,28.9,22.1,65.7,0.0,0,0.0,24.1,12.3,235.9,1004.2,69.2,6.1,,,
13.082,80.275,2013-10-13,29.7,37.1,28.6,22.0,64.5,2.0,100,4.17,20.5,11.9,234.2,1005.0,62.1,6.0,,,
13.082,80.275,2013-10-14,30.3,39.6,26.1,23.9,70.4,0.0,0,0.0,18.4,11.2,214.5,1006.4,40.4,6.5,,,
13.082,80.275,2013-10-15,29.0,38.2,25.1,24.6,78.2,3.0,100,4.17,22.3,7.8,188.8,1007.8,59.8,5.6,,,
13.082,80.275,2013-10-16,28.9,40.8,26.1,24.7,78.5,0.0,0,0.0,24.1,9.7,44.5,1007.4,39.5,4.3,,,
13.082,80.275,2013-10-17,28.3,37.9,26.1,24.4,80.1,0.0,0,0.0,22.3,7.3,63.1,1008.1,47.3,4.4,,,
13.082,80.275,2013-10-18,28.5,36.9,26.1,23.4,75.0,2.0,100,4.17,18.4,9.8,65.0,1009.0,42.7,5.7,,,
13.082,80.275,2013-10-19,28.1,35.6,25.1,23.7,77.7,0.4,100,4.17,14.8,6.5,59.8,1009.3,52.6,5.5,,,
13.082,80.275,2013-10-20,25.9,32.9,24.1,23.0,84.8,28.0,100,16.67,16.6,7.9,324.8,1008.5,97.9,4.2,,,
13.082,80.275,2013-10-21,25.1,26.1,24.1,23.0,88.4,71.0,100,20.83,22.3,12.8,317.7,1005.1,92.9,5.1,,,
13.082,80.275,2013-10-22,25.7,30.2,24.1,23.6,88.3,23.0,100,8.33,23.0,11.6,278.7,1004.0,96.7,4.1,,,
13.082,80.275,2013-10-23,27.5,35.6,25.1,23.4,78.7,6.0,100,4.17,16.6,9.1,237.1,1004.4,75.8,5.6,,,
13.082,80.275,2013-10-24,28.0,36.3,26.1,24.3,81.1,2.0,100,4.17,22.3,11.6,179.3,1005.0,87.1,4.3,,,
13.082,80.275,2013-10-25,28.4,36.7,29.7,24.2,78.6,1.0,100,4.17,24.1,14.0,175.1,1005.2,78.8,4.9,,,
13.082,80.275,2013-10-26,28.6,38.2,24.1,24.7,80.6,2.0,100,4.17,22.0,12.6,184.6,1006.5,75.4,4.8,,,
13.082,80.275,2013-10-27,28.9,36.9,26.1,24.3,77.6,0.0,0,0.0,18.4,11.6,197.1,1008.1,86.2,4.5,,,
13.082,80.275,2013-10-28,28.0,38.0,25.1,24.0,80.0,19.0,100,4.17,11.2,6.9,209.6,1009.0,80.3,4.5,,,
13.082,80.275,2013-10-29,28.8,37.1,26.1,23.5,74.8,0.1,100,4.17,16.6,8.5,38.6,1010.4,61.1,5.3,,,
13.082,80.275,2013-10-30,27.5,34.3,26.1,24.1,82.0,0.6,100,4.17,14.8,6.3,37.6,1011.3,68.0,5.3,,,
13.082,80.275,2013-10-31,27.6,34.4,24.1,23.0,77.4,0.0,0,0.0,16.6,8.0,18.3,1011.7,33.4,5.3,,,
13.082,80.275,2013-11-01,27.8,36.7,25.1,24.2,81.5,0.4,100,4.17,24.1,10.3,36.5,1010.8,46.1,5.2,,,
13.082,80.275,2013-11-02,28.0,36.7,25.1,24.1,80.3,3.0,100,4.17,22.3,10.8,48.5,1011.3,48.9,6.6,,,
13.082,80.275,2013-11-03,27.4,36.7,25.1,24.1,83.2,11.0,100,8.33,22.3,8.3,47.6,1011.4,60.4,6.2,,,
13.082,80.275,2013-11-04,27.4,35.2,25.1,23.2,78.7,18.0,100,8.33,24.1,12.1,30.4,1013.0,77.4,4.9,,,
13.082,80.275,2013-11-05,27.2,34.3,24.1,22.9,78.0,0.2,100,4.17,23.0,11.9,34.2,1013.0,44.8,4.6,,,
13.082,80.275,2013-11-06,27.4,32.6,25.1,21.9,72.7,0.3,100,8.33,22.3,12.6,35.2,1012.8,48.1,5.0,,,
13.082,80.275,2013-11-07,27.1,33.8,24.1,21.6,73.2,0.0,0,0.0,24.1,11.0,36.6,1011.8,41.0,4.8,,,
13.082,80.275,2013-11-08,26.4,31.4,23.1,19.8,69.1,0.0,0,0.0,22.3,9.1,9.2,1011.0,32.5,5.0,,,
13.082,80.275,2013-11-09,26.3,32.0,23.1,20.3,71.4,0.0,0,0.0,22.3,11.1,23.7,1010.8,43.9,4.9,,,
13.082,80.275,2013-11-10,26.5,33.4,23.1,21.8,76.2,0.0,0,0.0,24.1,10.0,9.4,1010.1,41.7,3.5,,,
13.082,80.275,2013-11-11,26.8,33.4,24.1,22.2,76.9,0.4,100,8.33,21.2,11.0,14.3,1009.3,51.0,3.6,,,
13.082,80.275,2013-11-12,26.1,30.9,23.1,20.8,73.9,0.0,0,0.0,22.3,10.8,7.4,1009.8,50.0,4.2,,,
13.082,80.275,2013-11-13,25.8,32.6,22.1,20.2,72.1,0.0,0,0.0,25.9,12.1,359.7,1010.0,40.8,4.4,,,
13.082,80.275,2013-11-14,25.4,30.9,22.1,20.1,73.4,0.0,0,0.0,22.3,10.4,0.6,1010.5,38.3,5.1,,,
13.082,80.275,2013-11-15,24.8,29.7,22.1,20.9,79.0,0.5,100,8.33,28.4,12.9,354.5,1010.5,68.3,3.8,,,
13.082,80.275,2013-11-16,24.8,26.1,24.1,23.2,90.6,21.0,100,16.67,27.4,13.5,4.2,1009.2,97.1,3.1,,,
13.082,80.275,2013-11-17,25.0,32.1,23.1,23.4,91.2,119.0,100,16.67,16.6,9.3,348.1,1011.0,90.8,3.3,,,
13.082,80.275,2013-11-18,25.8,33.7,24.1,23.4,87.0,3.0,100,4.17,18.4,9.6,6.0,1011.3,62.8,4.3,,,
13.082,80.275,2013-11-19,26.3,32.6,23.1,22.7,81.9,0.0,0,0.0,18.4,8.1,2.1,1010.8,40.7,5.0,,,
13.082,80.275,2013-11-20,26.4,33.4,23.1,22.7,81.3,0.0,0,0.0,14.8,7.8,343.9,1008.5,34.1,4.1,,,
13.082,80.275,2013-11-21,27.5,35.9,24.1,23.1,78.9,0.0,0,0.0,13.0,6.7,344.7,1006.8,43.8,4.6,,,
13.082,80.275,2013-11-22,27.8,35.6,25.7,23.5,78.2,0.4,100,4.17,16.6,8.7,140.4,1008.1,74.9,4.5,,,
13.082,80.275,2013-11-23,27.4,36.7,25.1,24.1,83.2,0.2,100,4.17,18.4,9.1,88.2,1009.7,52.4,5.3,,,
13.082,80.275,2013-11-24,26.5,34.3,24.1,23.7,85.8,4.0,100,8.33,18.4,7.6,75.2,1011.2,68.3,5.8,,,
13.082,80.275,2013-11-25,27.0,34.3,25.1,23.8,83.2,1.0,100,4.17,18.4,9.4,27.0,1010.0,44.6,5.9,,,
13.082,80.275,2013-11-26,26.7,33.4,23.1,22.2,78.4,0.0,0,0.0,14.8,6.2,18.4,1008.8,33.0,5.5,,,
13.082,80.275,2013-11-27,25.9,31.4,22.1,21.2,77.7,0.0,0,0.0,14.8,6.0,335.6,1009.3,61.2,4.1,,,
13.082,80.275,2013-11-28,25.5,29.9,23.1,19.7,71.4,0.0,0,0.0,9.4,4.0,301.9,1009.9,70.3,4.4,,,
13.082,80.275,2013-11-29,25.3,32.6,22.1,21.3,79.2,0.0,0,0.0,18.4,5.7,70.1,1012.0,42.5,4.0,,,
13.082,80.275,2013-11-30,25.9,34.3,23.1,22.9,84.3,0.1,100,4.17,18.4,8.3,12.1,1012.1,53.3,4.1,,,
13.082,80.275,2013-12-01,25.9,30.9,25.1,23.9,89.1,11.0,100,16.67,16.6,6.1,2.2,1012.5,78.8,4.2,,,
13.082,80.275,2013-12-02,25.7,32.1,24.1,24.0,90.5,35.0,100,4.17,14.8,6.8,354.7,1011.8,71.3,3.0,,,
13.082,80.275,2013-12-03,26.1,32.9,23.1,22.5,81.1,21.0,100,8.33,22.3,12.1,23.6,1011.0,86.6,3.3,,,
13.082,80.275,2013-12-04,25.6,29.7,22.1,20.6,74.8,0.0,0,0.0,24.1,11.9,15.2,1011.0,55.5,4.7,,,
13.082,80.275,2013-12-05,25.7,29.7,23.1,20.3,72.8,0.0,0,0.0,25.6,14.5,0.5,1009.6,72.9,4.3,,,
13.082,80.275,2013-12-06,25.2,28.8,23.1,20.4,75.1,0.0,0,0.0,32.8,13.8,349.7,1008.5,82.5,3.9,,,
13.082,80.275,2013-12-07,24.3,28.9,23.1,20.8,81.8,4.0,100,4.17,27.0,15.0,342.6,1008.2,90.8,3.3,,,
13.082,80.275,2013-12-08,24.6,28.6,22.1,19.2,72.6,5.0,100,4.17,29.2,14.7,330.5,1008.0,92.5,4.1,,,
13.082,80.275,2013-12-09,24.9,30.1,21.1,17.1,63.7,0.0,0,0.0,18.7,8.5,328.2,1007.1,43.8,5.7,,,
13.082,80.275,2013-12-10,25.4,31.0,20.1,15.0,54.1,0.0,0,0.0,22.0,6.3,336.8,1006.8,36.3,6.1,,,
13.082,80.275,2013-12-11,26.5,31.4,22.1,18.1,61.4,0.0,0,0.0,25.6,11.5,333.7,1007.5,54.5,5.1,,,
13.082,80.275,2013-12-12,26.4,31.4,24.9,23.3,83.6,1.0,100,4.17,39.2,21.3,14.7,1006.8,86.7,3.6,,,
13.082,80.275,2013-12-13,26.3,34.3,24.1,23.2,83.7,0.1,100,4.17,18.4,10.5,41.1,1009.8,44.2,5.7,,,
13.082,80.275,2013-12-14,25.8,32.1,24.1,22.5,82.7,0.8,100,4.17,22.3,9.4,30.1,1010.7,64.2,3.9,,,
13.082,80.275,2013-12-15,24.6,29.2,22.1,18.7,72.5,0.0,0,0.0,22.3,10.4,12.3,1011.5,20.7,4.5,,,
13.082,80.275,2013-12-16,23.5,29.9,19.1,17.8,71.5,0.0,0,0.0,18.4,6.5,22.5,1012.5,39.1,4.9,,,
13.082,80.275,2013-12-17,24.6,29.9,22.1,19.0,71.9,0.0,0,0.0,20.5,9.5,27.5,1011.7,51.0,4.9,,,
13.082,80.275,2013-12-18,23.9,28.9,20.1,18.4,72.5,0.0,0,0.0,16.6,7.1,29.5,1011.0,48.8,4.8,,,
13.082,80.275,2013-12-19,24.1,28.3,20.1,17.4,68.2,0.0,0,0.0,14.8,6.8,34.9,1011.8,37.9,5.0,,,
13.082,80.275,2013-12-20,23.5,28.9,19.1,16.7,67.8,0.0,0,0.0,14.8,6.4,9.3,1012.8,31.3,5.0,,,
13.082,80.275,2013-12-21,23.4,29.9,19.1,17.8,72.0,0.0,0,0.0,14.8,5.4,38.1,1013.5,36.9,5.7,,,
13.082,80.275,2013-12-22,24.5,31.9,20.1,18.6,71.6,0.0,0,0.0,18.4,7.2,51.0,1014.0,39.8,6.1,,,
13.082,80.275,2013-12-23,25.1,32.6,21.1,19.2,72.1,0.7,100,4.17,22.3,8.7,39.9,1014.4,43.3,6.2,,,
13.082,80.275,2013-12-24,26.0,30.9,24.1,20.1,70.2,0.0,0,0.0,22.7,14.4,50.0,1015.0,45.8,5.7,,,
13.082,80.275,2013-12-25,25.3,29.5,22.1,19.0,69.1,0.0,0,0.0,18.4,10.5,18.3,1015.9,41.6,5.4,,,
13.082,80.275,2013-12-26,24.1,29.3,21.1,18.2,71.6,0.0,0,0.0,16.6,5.8,33.3,1015.0,45.4,4.5,,,
13.082,80.275,2013-12-27,24.8,30.1,21.1,18.9,71.8,0.0,0,0.0,18.4,7.3,25.8,1014.0,41.6,4.2,,,
13.082,80.275,2013-12-28,24.8,29.7,22.1,18.5,68.8,0.0,0,0.0,20.5,11.9,65.2,1013.9,42.1,4.4,,,
13.082,80.275,2013-12-29,24.3,29.5,19.1,17.2,66.4,0.0,0,0.0,22.3,10.6,42.8,1013.3,35.4,5.6,,,
13.082,80.275,2013-12-30,24.0,29.9,20.1,17.9,70.3,0.0,0,0.0,25.9,9.9,46.4,1013.7,40.8,5.5,,,
13.082,80.275,2013-12-31,24.8,30.9,20.1,18.9,71.0,0.0,0,0.0,22.3,11.4,56.6,1014.0,46.9,5.1,,,
13.082,80.275,2014-01-01,25.2,31.4,22.1,20.3,74.4,0.5,100,4.17,22.3,12.8,46.3,1013.8,48.9,4.6,169.0,14.6,6.0
13.082,80.275,2014-01-02,25.3,29.3,23.1,19.5,70.8,0.0,0,0.0,24.1,12.9,29.7,1014.0,45.4,4.8,186.1,16.2,7.0
13.082,80.275,2014-01-03,25.3,30.9,23.1,20.5,75.7,0.0,0,0.0,22.3,10.8,10.7,1014.0,56.8,3.5,172.2,14.8,7.0
13.082,80.275,2014-01-04,25.0,29.7,22.1,20.5,76.8,0.0,0,0.0,18.4,9.0,13.1,1013.0,64.2,3.6,90.8,7.9,4.0
13.082,80.275,2014-01-05,25.3,30.2,23.1,20.8,77.0,0.0,0,0.0,22.3,9.6,16.2,1011.3,60.1,3.2,160.3,13.8,7.0
13.082,80.275,2014-01-06,24.9,29.7,22.1,20.6,77.9,0.0,0,0.0,24.1,11.3,34.9,1011.4,40.4,3.0,202.2,17.5,7.0
13.082,80.275,2014-01-07,24.9,30.4,21.1,19.9,75.1,0.0,0,0.0,19.8,10.1,32.1,1012.2,40.6,4.4,204.4,17.7,7.0
13.082,80.275,2014-01-08,25.4,30.4,22.1,20.1,73.4,0.0,0,0.0,18.4,10.2,47.1,1013.5,44.2,5.1,181.0,15.5,6.0
13.082,80.275,2014-01-09,25.1,31.4,21.1,20.3,76.1,0.0,0,0.0,18.4,10.0,54.3,1013.5,37.7,3.8,184.9,16.0,6.0
13.082,80.275,2014-01-10,24.5,30.4,21.1,19.7,75.6,0.0,0,0.0,22.3,10.2,54.1,1013.3,36.8,3.6,225.2,19.6,8.0
13.082,80.275,2014-01-11,24.1,30.4,20.1,19.1,74.3,0.0,0,0.0,14.8,8.2,74.1,1013.9,25.8,4.8,218.0,18.8,8.0
13.082,80.275,2014-01-12,24.6,30.9,20.1,19.8,75.8,0.0,0,0.0,20.5,6.7,55.3,1014.8,33.3,4.8,217.2,18.9,8.0
13.082,80.275,2014-01-13,25.5,30.9,22.1,20.2,73.6,0.0,0,0.0,19.1,9.8,34.9,1014.7,50.4,5.2,202.9,17.4,7.0
13.082,80.275,2014-01-14,25.5,30.4,22.1,19.7,72.3,0.0,0,0.0,14.8,7.1,53.3,1014.0,50.0,5.8,208.5,18.1,7.0
13.082,80.275,2014-01-15,25.2,31.4,22.1,20.0,74.2,0.0,0,0.0,14.8,7.3,77.1,1014.6,29.6,5.5,213.5,18.4,7.0
13.082,80.275,2014-01-16,25.4,31.4,22.1,20.2,74.5,0.0,0,0.0,13.0,7.4,74.9,1015.0,32.9,5.3,191.9,16.5,7.0
13.082,80.275,2014-01-17,24.7,30.4,22.1,20.0,75.8,0.0,0,0.0,18.4,8.1,65.0,1014.6,39.4,4.5,205.2,17.7,7.0
13.082,80.275,2014-01-18,25.0,29.9,22.1,19.2,71.7,0.0,0,0.0,18.4,8.8,68.6,1014.3,41.3,5.4,208.6,18.1,7.0
13.082,80.275,2014-01-19,25.7,32.6,22.1,20.9,75.9,0.4,100,16.67,25.9,12.4,55.8,1016.3,46.2,6.0,170.5,14.7,6.0
13.082,80.275,2014-01-20,25.9,30.9,22.1,20.1,71.9,0.5,100,4.17,22.3,11.8,55.9,1016.3,43.1,6.3,222.9,19.2,8.0
13.082,80.275,2014-01-21,25.4,31.4,21.1,19.1,69.7,0.4,100,4.17,27.7,11.9,54.0,1016.0,48.0,5.7,192.5,16.6,7.0
13.082,80.275,2014-01-22,25.8,30.4,23.1,17.8,62.2,0.0,0,0.0,22.3,14.4,66.4,1014.9,38.3,5.9,200.4,17.3,7.0
13.082,80.275,2014-01-23,24.9,30.4,20.1,18.8,70.0,0.0,0,0.0,22.3,9.9,52.6,1014.9,38.3,5.0,205.3,17.9,7.0
13.082,80.275,2014-01-24,24.9,30.4,20.1,19.2,72.2,0.0,0,0.0,22.3,9.4,58.7,1013.5,35.0,4.9,226.7,19.8,8.0
13.082,80.275,2014-01-25,25.2,30.5,21.1,18.7,69.5,0.0,0,0.0,24.1,9.0,55.2,1013.0,32.5,5.2,223.9,19.3,8.0
13.082,80.275,2014-01-26,25.2,29.9,22.1,18.7,68.8,0.1,100,4.17,23.0,11.2,34.1,1013.4,44.9,4.9,187.8,16.2,7.0
13.082,80.275,2014-01-27,26.5,30.5,24.1,17.9,60.3,0.0,0,0.0,24.1,15.6,41.8,1013.5,42.5,5.4,213.3,18.3,9.0
13.082,80.275,2014-01-28,25.9,30.9,22.1,18.5,65.2,0.0,0,0.0,22.3,12.7,42.3,1013.4,41.0,5.3,243.9,21.1,9.0
13.082,80.275,2014-01-29,25.1,29.2,21.1,17.8,65.1,0.0,0,0.0,22.3,12.5,42.9,1013.7,40.1,5.4,251.8,21.9,9.0
13.082,80.275,2014-01-30,24.9,29.2,19.1,17.3,64.7,0.0,0,0.0,22.3,11.3,31.9,1014.3,32.4,5.0,250.7,21.8,9.0
13.082,80.275,2014-01-31,25.1,30.9,20.1,19.0,70.3,0.0,0,0.0,24.1,10.1,27.2,1013.8,37.0,4.9,217.0,18.8,8.0
13.082,80.275,2014-02-01,26.4,30.9,23.1,20.7,71.9,0.1,100,4.17,22.3,14.7,52.6,1013.5,52.6,5.3,195.0,16.9,7.0
13.082,80.275,2014-02-02,25.6,30.9,22.1,20.2,73.3,0.0,0,0.0,24.1,12.2,49.8,1013.3,38.9,5.5,235.3,20.4,8.0
13.082,80.275,2014-02-03,24.8,30.5,21.1,18.4,70.1,0.0,0,0.0,22.3,8.3,70.2,1011.5,28.5,4.3,254.9,22.0,9.0
13.082,80.275,2014-02-04,25.0,30.5,21.1,18.1,68.2,0.0,0,0.0,14.8,8.1,55.3,1009.9,23.5,4.3,263.0,22.8,9.0
13.082,80.275,2014-02-05,24.4,31.8,19.1,18.0,70.8,0.0,0,0.0,18.4,8.0,80.3,1009.5,8.2,3.5,267.3,23.1,9.0
13.082,80.275,2014-02-06,23.9,31.4,19.1,18.5,74.4,0.0,0,0.0,16.6,7.4,79.4,1010.1,11.8,3.4,263.4,22.8,9.0
13.082,80.275,2014-02-07,24.6,30.1,19.1,16.9,68.1,0.0,0,0.0,13.0,5.3,112.6,1010.5,0.6,4.3,257.5,22.2,9.0
13.082,80.275,2014-02-08,24.5,31.5,19.1,17.0,67.4,0.0,0,0.0,20.5,8.2,158.3,1009.8,13.3,4.5,259.0,22.4,9.0
13.082,80.275,2014-02-09,24.9,30.4,18.1,16.2,64.5,0.0,0,0.0,18.4,9.9,165.3,1009.0,6.3,5.5,270.7,23.4,9.0
13.082,80.275,2014-02-10,25.7,31.3,20.1,17.5,64.6,0.0,0,0.0,18.4,9.4,166.8,1009.1,12.5,5.6,267.9,23.2,9.0
13.082,80.275,2014-02-11,25.6,30.4,20.1,17.6,65.7,0.0,0,0.0,18.4,10.8,171.3,1008.6,13.9,5.5,248.8,21.4,9.0
13.082,80.275,2014-02-12,25.7,30.9,20.1,17.9,65.3,0.0,0,0.0,22.3,9.9,133.2,1008.9,21.1,5.3,258.8,22.4,9.0
13.082,80.275,2014-02-13,25.5,30.4,21.1,19.0,68.3,0.0,0,0.0,22.3,12.1,111.9,1011.0,38.1,5.5,244.4,21.1,8.0
13.082,80.275,2014-02-14,26.0,32.0,21.1,20.0,70.6,0.0,0,0.0,20.5,10.5,115.6,1011.3,33.4,4.7,205.5,17.7,8.0
13.082,80.275,2014-02-15,25.8,32.6,22.1,20.7,74.0,0.0,0,0.0,25.9,10.9,121.8,1009.6,39.6,5.1,198.7,17.1,7.0
13.082,80.275,2014-02-16,27.5,34.7,25.1,21.6,70.5,0.0,0,0.0,22.3,12.7,147.8,1009.2,56.7,5.4,196.8,17.2,7.0
13.082,80.275,2014-02-17,26.2,31.4,25.1,22.7,81.0,0.4,100,4.17,14.8,8.5,86.5,1011.7,81.6,4.0,127.5,10.9,7.0
13.082,80.275,2014-02-18,26.9,33.8,24.1,22.2,76.6,0.2,100,8.33,22.3,10.9,66.4,1013.8,65.4,5.2,199.2,17.2,7.0
13.082,80.275,2014-02-19,26.6,32.0,24.1,20.9,71.9,0.2,100,4.17,24.1,15.2,68.8,1013.2,62.5,5.7,204.5,17.7,7.0
13.082,80.275,2014-02-20,25.8,29.9,22.1,19.0,67.8,0.0,0,0.0,20.5,12.2,84.9,1012.9,29.0,5.6,239.9,20.7,8.0
13.082,80.275,2014-02-21,25.0,30.9,21.1,18.5,68.8,0.0,0,0.0,22.3,10.4,69.6,1013.4,30.8,5.2,263.3,22.7,9.0
13.082,80.275,2014-02-22,24.8,29.5,20.1,17.5,65.4,0.0,0,0.0,22.3,10.0,73.3,1013.4,30.0,6.5,270.0,23.3,9.0
13.082,80.275,2014-02-23,25.0,30.5,20.1,17.8,65.9,0.0,0,0.0,22.3,10.9,64.4,1013.5,40.3,6.5,255.7,22.1,9.0
13.082,80.275,2014-02-24,25.3,30.2,22.1,21.0,77.6,1.3,100,8.33,22.3,9.5,57.8,1013.8,60.0,5.2,118.0,10.2,4.0
13.082,80.275,2014-02-25,26.6,32.0,24.1,20.6,70.7,0.0,0,0.0,20.5,13.9,71.0,1014.2,44.8,6.3,206.0,17.8,7.0
13.082,80.275,2014-02-26,25.9,31.4,23.1,19.7,69.7,0.0,0,0.0,22.3,10.2,86.2,1013.1,41.4,6.3,255.6,22.1,9.0
13.082,80.275,2014-02-27,25.5,31.4,21.1,19.1,69.0,0.0,0,0.0,22.3,9.3,103.7,1013.0,34.5,6.4,259.8,22.3,9.0
13.082,80.275,2014-02-28,26.8,31.9,21.1,19.5,66.1,0.0,0,0.0,25.9,11.0,107.8,1012.2,39.2,6.1,212.5,18.3,8.0
13.082,80.275,2014-03-01,27.2,31.9,23.1,19.6,63.9,0.0,0,0.0,20.5,13.2,102.8,1011.6,35.1,6.1,202.8,17.4,6.0
13.082,80.275,2014-03-02,27.1,32.5,23.1,20.3,67.5,0.0,0,0.0,22.3,11.9,102.1,1011.3,38.3,5.8,196.1,16.9,7.0
13.082,80.275,2014-03-03,27.7,33.1,24.1,20.8,66.8,0.0,0,0.0,22.3,15.2,99.5,1011.5,42.6,6.3,223.1,19.1,8.0
13.082,80.275,2014-03-04,27.7,33.1,24.1,20.8,66.9,0.0,0,0.0,25.9,16.2,99.1,1012.3,46.7,6.3,205.3,17.6,7.0
13.082,80.275,2014-03-05,27.6,33.1,24.1,20.6,66.6,0.0,0,0.0,20.5,14.1,82.2,1012.7,47.2,6.5,214.1,18.5,7.0
13.082,80.275,2014-03-06,27.1,33.1,24.1,20.3,67.0,0.0,0,0.0,20.5,13.1,77.0,1012.1,48.0,6.6,198.9,17.2,6.0
13.082,80.275,2014-03-07,27.3,32.5,24.1,20.0,65.4,0.0,0,0.0,22.3,13.8,82.2,1013.1,45.0,6.9,246.8,21.4,8.0
13.082,80.275,2014-03-08,26.7,32.0,23.1,20.2,68.6,0.0,0,0.0,22.3,12.3,67.5,1014.0,49.0,5.9,259.5,22.5,9.0
13.082,80.275,2014-03-09,27.0,32.5,23.1,20.1,67.2,0.0,0,0.0,24.1,12.5,65.5,1013.5,58.0,5.4,244.8,21.3,9.0
13.082,80.275,2014-03-10,27.2,32.6,24.1,20.7,68.3,0.1,100,4.17,22.3,12.1,70.1,1013.3,71.1,5.8,193.0,16.5,7.0
13.082,80.275,2014-03-11,27.8,33.1,25.1,20.4,65.4,0.0,0,0.0,22.3,14.3,88.2,1013.1,49.1,6.7,254.6,21.9,9.0
13.082,80.275,2014-03-12,26.8,32.5,23.1,20.2,69.3,0.0,0,0.0,18.4,10.3,86.8,1013.8,30.8,5.7,277.7,24.1,9.0
13.082,80.275,2014-03-13,26.4,32.5,22.1,20.2,70.5,0.0,0,0.0,16.6,9.8,64.0,1012.9,37.5,5.3,268.4,23.2,10.0
13.082,80.275,2014-03-14,27.1,32.0,22.1,18.5,64.0,0.0,0,0.0,18.4,9.0,64.6,1012.8,14.4,5.3,294.4,25.3,10.0
13.082,80.275,2014-03-15,26.7,32.5,21.1,19.5,66.8,0.0,0,0.0,18.4,8.3,66.4,1013.8,26.6,5.9,296.4,25.6,10.0
13.082,80.275,2014-03-16,26.9,34.3,22.1,20.1,69.3,0.0,0,0.0,18.4,8.7,64.8,1014.5,9.7,5.9,296.4,25.7,10.0
13.082,80.275,2014-03-17,27.2,34.2,22.1,20.3,70.1,0.0,0,0.0,22.3,9.1,72.1,1013.6,10.0,5.6,287.5,24.8,10.0
13.082,80.275,2014-03-18,27.3,33.5,22.1,19.1,67.0,0.0,0,0.0,24.1,8.5,97.8,1013.1,13.8,5.4,289.9,25.0,10.0
13.082,80.275,2014-03-19,28.1,36.6,23.1,21.8,71.0,0.0,0,0.0,22.3,10.0,132.1,1012.1,30.0,5.1,283.5,24.7,10.0
13.082,80.275,2014-03-20,28.7,40.7,24.1,23.5,74.8,0.0,0,0.0,24.1,10.4,142.9,1010.5,24.4,5.8,271.2,23.5,10.0
13.082,80.275,2014-03-21,29.6,40.9,26.1,23.4,71.7,0.0,0,0.0,18.4,11.9,165.8,1008.9,33.9,5.7,278.8,24.0,10.0
13.082,80.275,2014-03-22,29.6,40.9,25.8,23.2,71.1,0.0,0,0.0,22.3,14.2,178.7,1007.5,31.8,6.2,285.7,24.7,10.0
13.082,80.275,2014-03-23,29.4,38.4,25.1,21.7,67.4,0.0,0,0.0,24.1,12.7,162.8,1008.7,34.2,6.0,289.8,25.0,10.0
13.082,80.275,2014-03-24,28.4,38.4,24.1,22.6,72.3,0.0,0,0.0,22.3,11.5,136.9,1010.5,20.7,5.6,296.8,25.7,10.0
13.082,80.275,2014-03-25,28.8,38.4,24.1,22.0,68.3,0.0,0,0.0,18.4,10.3,158.7,1010.0,22.5,5.7,292.0,25.2,10.0
13.082,80.275,2014-03-26,27.6,35.0,23.1,21.9,73.0,0.0,0,0.0,22.3,8.6,107.0,1010.1,34.1,5.5,281.9,24.4,10.0
13.082,80.275,2014-03-27,28.0,35.9,23.1,21.0,69.3,0.0,0,0.0,22.3,8.7,130.2,1010.7,24.4,5.4,292.3,25.2,10.0
13.082,80.275,2014-03-28,28.9,38.1,23.1,20.3,64.8,0.0,0,0.0,24.1,9.9,147.0,1010.2,34.5,5.5,296.2,25.6,10.0
13.082,80.275,2014-03-29,30.1,39.4,23.1,20.3,60.6,0.0,0,0.0,20.5,10.8,169.6,1009.2,10.8,5.9,307.6,26.6,10.0
13.082,80.275,2014-03-30,30.2,36.6,24.1,18.6,56.5,0.0,0,0.0,18.4,11.4,183.1,1008.3,10.0,6.2,307.9,26.7,10.0
13.082,80.275,2014-03-31,30.8,38.7,24.1,18.9,56.3,0.0,0,0.0,18.4,12.3,180.9,1007.9,0.4,6.8,310.8,26.7,10.0
13.082,80.275,2014-04-01,30.3,38.2,25.1,20.7,59.4,0.0,0,0.0,24.1,13.0,176.3,1006.8,1.3,6.0,307.3,26.6,10.0
13.082,80.275,2014-04-02,29.6,40.7,26.1,24.1,74.1,0.0,0,0.0,22.3,14.6,152.9,1007.0,19.3,5.4,298.8,25.9,10.0
13.082,80.275,2014-04-03,29.2,37.1,26.1,23.1,71.5,0.0,0,0.0,20.5,11.2,140.9,1008.1,29.0,6.0,284.0,24.5,9.0
13.082,80.275,2014-04-04,29.4,38.4,25.1,22.5,68.7,0.0,0,0.0,22.3,12.1,144.4,1009.4,33.0,5.9,286.8,24.9,10.0
13.082,80.275,2014-04-05,30.0,42.1,25.1,23.5,70.7,0.0,0,0.0,25.9,13.0,154.1,1009.7,31.7,6.1,286.0,24.8,10.0
13.082,80.275,2014-04-06,30.2,40.8,26.1,24.1,71.6,0.0,0,0.0,20.5,13.3,168.7,1010.4,31.7,6.7,295.7,25.6,10.0
13.082,80.275,2014-04-07,30.5,39.9,26.1,23.4,68.2,0.0,0,0.0,22.3,14.1,172.0,1010.8,37.7,7.0,288.0,24.8,10.0
13.082,80.275,2014-04-08,30.4,42.2,26.1,23.7,69.6,0.0,0,0.0,22.3,16.6,174.4,1009.3,22.5,7.5,304.1,26.4,10.0
13.082,80.275,2014-04-09,31.4,43.5,32.1,24.4,68.1,0.0,0,0.0,22.3,14.1,176.1,1009.0,39.7,5.8,290.2,25.2,10.0
13.082,80.275,2014-04-10,30.8,38.7,30.4,22.5,63.4,0.0,0,0.0,22.3,9.7,162.9,1010.0,32.4,5.6,271.6,23.4,10.0
13.082,80.275,2014-04-11,31.1,42.2,30.2,23.6,67.3,0.0,0,0.0,24.1,13.9,168.9,1008.7,31.8,5.9,287.7,24.8,10.0
13.082,80.275,2014-04-12,30.6,42.0,32.8,24.7,72.0,0.0,0,0.0,22.3,14.6,152.8,1008.1,40.0,6.4,282.7,24.3,9.0
13.082,80.275,2014-04-13,30.3,42.0,32.8,24.8,73.1,0.0,0,0.0,22.3,14.3,135.1,1009.1,40.3,6.0,271.7,23.5,10.0
13.082,80.275,2014-04-14,30.3,39.4,32.8,24.1,70.8,0.0,0,0.0,20.5,11.5,127.7,1010.2,39.5,5.8,278.5,24.0,9.0
13.082,80.275,2014-04-15,30.2,39.5,30.2,23.5,68.6,0.0,0,0.0,22.3,11.5,147.3,1010.3,31.8,5.9,274.4,23.7,9.0
13.082,80.275,2014-04-16,30.1,40.8,26.1,23.0,67.0,0.0,0,0.0,22.3,11.5,151.9,1008.9,24.6,6.5,287.3,24.7,10.0
13.082,80.275,2014-04-17,30.3,40.9,26.1,23.4,68.8,0.0,0,0.0,25.9,15.2,173.4,1007.2,23.8,5.7,303.6,26.1,10.0
13.082,80.275,2014-04-18,30.4,40.8,30.2,23.8,69.4,0.0,0,0.0,22.3,13.7,138.5,1009.0,27.9,5.9,297.7,25.8,10.0
13.082,80.275,2014-04-19,29.9,38.7,26.1,22.9,67.9,0.0,0,0.0,22.3,10.5,123.1,1009.1,26.7,5.8,305.7,26.5,10.0
13.082,80.275,2014-04-20,29.3,37.4,25.1,22.6,69.1,0.0,0,0.0,20.5,10.1,115.5,1008.3,25.0,6.1,296.7,25.6,10.0
13.082,80.275,2014-04-21,29.6,38.7,25.1,22.7,68.8,0.0,0,0.0,22.3,10.0,135.2,1008.5,32.0,5.8,296.3,25.4,10.0
13.082,80.275,2014-04-22,29.6,37.4,25.1,23.0,69.8,0.0,0,0.0,18.4,10.2,106.3,1010.2,30.1,5.9,291.1,25.2,10.0
13.082,80.275,2014-04-23,30.1,39.5,25.1,23.3,68.3,0.0,0,0.0,18.4,9.1,119.8,1009.6,41.7,5.7,276.1,23.9,10.0
13.082,80.275,2014-04-24,30.9,43.3,30.2,24.2,69.8,0.0,0,0.0,22.3,11.5,157.9,1007.8,31.7,6.3,297.7,25.9,10.0
13.082,80.275,2014-04-25,31.1,43.3,30.2,24.4,69.3,0.0,0,0.0,20.5,12.5,168.5,1007.5,26.3,6.5,299.1,25.8,10.0
13.082,80.275,2014-04-26,31.3,44.7,32.8,24.8,70.1,0.0,0,0.0,22.3,13.7,169.2,1007.3,41.9,6.5,282.3,24.6,9.0
13.082,80.275,2014-04-27,31.0,42.1,30.8,24.5,69.7,0.0,0,0.0,18.4,13.1,159.0,1008.1,29.5,6.6,284.1,24.6,10.0
13.082,80.275,2014-04-28,31.2,40.9,30.8,24.3,68.4,0.0,0,0.0,22.3,15.0,155.9,1008.3,35.2,6.9,282.0,24.4,9.0
13.082,80.275,2014-04-29,31.2,40.9,30.8,24.3,68.6,0.0,0,0.0,22.3,13.7,163.8,1007.9,26.0,6.8,282.1,24.6,9.0
13.082,80.275,2014-04-30,31.1,40.8,30.8,24.3,68.6,0.0,0,0.0,24.1,12.5,151.1,1007.8,36.7,7.0,250.8,21.6,8.0
13.082,80.275,2014-05-01,31.7,42.1,32.8,23.9,65.0,0.0,0,0.0,20.5,13.6,169.1,1007.2,39.2,7.1,287.0,24.9,9.0
13.082,80.275,2014-05-02,31.3,40.8,32.8,24.2,67.7,0.0,0,0.0,24.1,14.4,160.0,1006.8,38.3,7.0,251.3,21.8,9.0
13.082,80.275,2014-05-03,31.4,42.1,34.7,24.4,67.9,0.0,0,0.0,22.3,14.8,149.6,1007.0,36.7,6.6,271.4,23.4,9.0
13.082,80.275,2014-05-04,29.9,38.2,32.1,23.8,70.3,0.0,0,0.0,20.5,11.9,133.3,1006.5,53.3,6.5,241.5,20.9,8.0
13.082,80.275,2014-05-05,28.5,36.9,25.1,24.0,77.3,14.0,100,12.5,18.4,11.3,125.7,1007.5,91.7,5.3,117.4,10.2,5.0
13.082,80.275,2014-05-06,29.2,39.4,25.1,24.5,76.6,5.0,100,8.33,22.3,12.5,104.6,1008.5,75.5,6.8,175.5,15.2,6.0
13.082,80.275,2014-05-07,28.9,39.3,26.1,24.7,78.9,2.0,100,4.17,20.5,9.4,141.9,1008.0,67.4,5.0,135.8,11.7,5.0
13.082,80.275,2014-05-08,28.5,39.4,25.1,23.6,75.9,0.1,100,4.17,24.1,13.2,181.3,1007.1,69.0,5.5,221.5,19.3,8.0
13.082,80.275,2014-05-09,29.4,39.4,26.1,24.0,73.7,0.3,100,4.17,25.9,15.7,175.1,1005.3,54.7,6.4,243.2,21.3,9.0
13.082,80.275,2014-05-10,31.9,43.3,32.8,24.0,64.8,0.0,0,0.0,24.1,16.1,178.9,1004.9,38.2,6.3,254.6,21.9,9.0
13.082,80.275,2014-05-11,32.0,42.1,34.7,24.6,66.5,0.0,0,0.0,18.4,13.2,202.4,1006.6,50.8,5.7,268.1,23.1,9.0
13.082,80.275,2014-05-12,32.5,47.5,33.7,25.4,69.0,0.0,0,0.0,19.1,14.8,178.8,1006.5,31.9,5.8,290.6,25.0,10.0
13.082,80.275,2014-05-13,32.4,46.1,33.7,25.4,68.1,0.0,0,0.0,24.1,14.3,181.4,1006.3,47.0,5.2,268.7,23.1,9.0
13.082,80.275,2014-05-14,32.8,43.4,33.7,23.7,60.8,0.0,0,0.0,20.5,13.5,185.8,1005.4,28.8,5.7,255.4,22.2,9.0
13.082,80.275,2014-05-15,33.3,41.9,28.9,19.5,45.9,0.0,0,0.0,20.5,12.1,194.2,1004.1,41.3,5.9,289.0,25.0,10.0
13.082,80.275,2014-05-16,33.4,41.5,29.7,19.6,46.7,0.0,0,0.0,22.3,11.1,178.8,1003.9,34.3,5.4,276.4,23.8,10.0
13.082,80.275,2014-05-17,32.0,41.5,32.0,22.3,58.9,0.0,0,0.0,22.3,10.5,135.7,1005.4,38.9,5.7,275.6,23.8,9.0
13.082,80.275,2014-05-18,31.2,42.1,31.4,24.5,69.2,0.0,0,0.0,18.4,10.7,125.6,1005.9,38.4,5.4,284.6,24.6,9.0
13.082,80.275,2014-05-19,31.3,42.1,32.8,24.4,68.8,0.0,0,0.0,22.3,14.5,178.3,1006.5,37.5,5.5,300.6,25.9,10.0
13.082,80.275,2014-05-20,31.5,42.1,34.7,24.9,70.0,0.0,0,0.0,22.3,14.4,157.8,1005.8,36.2,5.9,281.9,24.3,10.0
13.082,80.275,2014-05-21,32.7,43.5,30.9,22.4,57.1,0.0,0,0.0,22.3,15.9,193.5,1004.5,36.1,6.1,286.8,24.8,10.0
13.082,80.275,2014-05-22,33.4,47.5,34.3,23.5,58.9,0.0,0,0.0,24.1,16.6,248.1,1002.7,35.4,6.2,291.1,25.3,9.0
13.082,80.275,2014-05-23,33.1,47.5,32.1,24.1,62.2,0.0,0,0.0,22.3,15.7,226.2,1001.9,38.0,6.6,269.9,23.4,10.0
13.082,80.275,2014-05-24,33.2,46.4,31.4,23.2,56.6,0.0,0,0.0,24.1,14.9,192.0,1002.5,39.9,6.5,266.1,22.9,9.0
13.082,80.275,2014-05-25,32.5,46.1,30.8,23.4,60.7,0.0,0,0.0,22.3,15.8,209.7,1002.8,50.6,6.4,271.4,23.6,9.0
13.082,80.275,2014-05-26,32.3,45.1,35.8,25.7,69.3,0.0,0,0.0,22.3,14.2,175.3,1004.2,49.3,6.0,285.9,24.8,9.0
13.082,80.275,2014-05-27,32.0,42.4,30.8,23.5,63.0,0.0,0,0.0,18.4,13.3,185.0,1004.7,42.8,6.4,277.7,24.0,9.0
13.082,80.275,2014-05-28,31.5,43.7,32.1,24.4,66.6,0.0,0,0.0,20.5,13.5,173.2,1005.8,40.0,6.0,284.6,24.6,10.0
13.082,80.275,2014-05-29,32.0,44.7,32.8,24.7,67.1,0.0,0,0.0,20.5,12.1,168.3,1006.0,23.8,6.3,267.4,23.2,9.0
13.082,80.275,2014-05-30,32.6,46.0,35.8,25.1,67.1,0.0,0,0.0,18.4,13.5,181.9,1004.4,27.6,6.3,288.0,24.8,10.0
13.082,80.275,2014-05-31,32.7,46.0,35.8,25.1,66.4,0.0,0,0.0,22.3,11.9,168.0,1002.5,28.8,6.3,298.5,25.7,10.0
13.082,80.275,2014-06-01,32.8,47.5,35.2,25.1,65.0,0.0,0,0.0,22.3,15.3,168.5,1002.0,21.3,6.0,296.5,25.7,9.0
13.082,80.275,2014-06-02,31.4,47.5,33.7,26.6,76.2,0.0,0,0.0,22.3,13.2,153.0,1002.9,35.8,6.4,274.5,23.7,9.0
13.082,80.275,2014-06-03,30.4,42.1,25.1,24.3,71.8,22.0,100,4.17,22.7,11.6,158.0,1002.8,51.0,6.5,262.3,22.7,9.0
13.082,80.275,2014-06-04,32.4,42.4,31.4,23.9,62.3,0.0,0,0.0,18.4,10.8,184.9,1002.1,39.2,6.7,275.1,23.8,9.0
13.082,80.275,2014-06-05,32.4,46.1,34.7,24.7,64.5,0.0,0,0.0,18.4,12.0,227.2,1001.3,48.1,6.3,255.7,22.0,9.0
13.082,80.275,2014-06-06,32.8,44.8,32.9,23.6,59.9,0.0,0,0.0,24.1,13.9,225.8,1000.5,47.5,6.3,263.9,22.8,9.0
13.082,80.275,2014-06-07,33.6,48.6,31.4,23.6,57.6,0.0,0,0.0,24.1,16.1,249.1,999.1,40.8,6.8,270.0,23.3,9.0
13.082,80.275,2014-06-08,33.9,46.0,35.6,23.8,56.4,0.0,0,0.0,22.3,14.6,239.0,998.6,45.8,6.7,254.6,22.0,9.0
13.082,80.275,2014-06-09,27.6,42.9,23.1,24.0,82.0,52.2,100,12.5,22.3,12.7,235.7,1001.0,94.5,4.7,105.1,9.0,6.0
13.082,80.275,2014-06-10,31.1,42.2,26.1,23.0,64.8,2.8,100,4.17,24.1,14.4,237.9,1001.4,64.3,6.1,277.0,23.9,9.0
13.082,80.275,2014-06-11,33.0,46.0,34.3,23.8,60.2,0.0,0,0.0,27.7,14.7,244.0,1001.5,50.6,7.6,276.6,24.0,9.0
13.082,80.275,2014-06-12,33.2,44.8,35.2,23.9,60.8,0.4,100,8.33,22.3,12.9,244.5,1001.4,51.2,6.6,274.3,23.8,9.0
13.082,80.275,2014-06-13,33.2,43.4,32.0,22.4,53.9,4.0,100,4.17,21.2,15.5,250.6,1001.8,71.3,6.3,238.1,20.7,8.0
13.082,80.275,2014-06-14,32.6,39.9,32.6,22.4,55.9,0.0,0,0.0,22.3,15.5,242.2,1002.9,65.0,6.4,197.2,17.2,7.0
13.082,80.275,2014-06-15,33.1,47.5,34.3,23.6,58.8,0.0,0,0.0,31.7,13.2,261.3,1003.4,49.8,7.1,268.4,23.2,9.0
13.082,80.275,2014-06-16,33.4,42.4,32.6,22.6,55.1,0.0,0,0.0,20.5,13.8,250.9,1003.0,36.7,6.5,268.8,23.3,9.0
13.082,80.275,2014-06-17,33.6,43.7,33.4,22.3,53.1,0.5,100,4.17,25.9,15.1,256.2,1002.0,36.3,7.0,246.0,21.3,9.0
13.082,80.275,2014-06-18,33.9,42.2,33.1,21.5,49.0,0.0,0,0.0,24.1,17.1,253.5,1002.2,53.3,6.0,229.2,19.8,8.0
13.082,80.275,2014-06-19,33.9,42.4,31.4,21.1,48.2,0.0,0,0.0,27.7,18.3,251.3,1002.0,38.8,7.3,250.6,21.5,9.0
13.082,80.275,2014-06-20,33.4,43.5,32.0,21.6,50.9,0.0,0,0.0,22.3,17.0,241.1,1002.6,38.3,6.3,240.5,21.0,9.0
13.082,80.275,2014-06-21,32.4,42.4,30.2,22.0,56.0,4.0,100,4.17,22.3,15.3,239.0,1004.5,48.5,6.1,241.4,20.8,9.0
13.082,80.275,2014-06-22,31.8,43.4,32.8,24.3,66.4,6.0,100,4.17,22.3,12.4,230.0,1006.0,70.9,6.3,238.4,20.7,8.0
13.082,80.275,2014-06-23,32.8,43.4,31.4,22.2,54.9,1.0,100,4.17,22.3,13.5,249.0,1004.7,45.4,6.7,264.8,23.2,9.0
13.082,80.275,2014-06-24,33.2,42.7,32.6,22.0,53.3,0.0,0,0.0,22.3,16.5,237.5,1002.2,30.0,6.5,255.1,21.9,9.0
13.082,80.275,2014-06-25,33.0,41.5,34.7,23.4,59.7,0.0,0,0.0,27.7,13.9,233.3,1002.1,27.9,6.7,257.5,22.2,9.0
13.082,80.275,2014-06-26,32.9,41.2,34.7,22.9,57.4,0.0,0,0.0,24.1,14.5,204.5,1004.1,35.0,6.6,244.3,21.1,8.0
13.082,80.275,2014-06-27,32.3,49.1,34.7,25.6,68.6,0.0,0,0.0,22.3,14.7,183.3,1005.8,32.5,5.8,240.0,20.9,8.0
13.082,80.275,2014-06-28,30.6,44.7,25.1,25.0,74.3,63.0,100,4.17,27.7,12.7,226.4,1006.0,49.1,6.0,215.6,18.7,7.0
13.082,80.275,2014-06-29,30.2,44.7,26.1,24.9,74.8,26.0,100,4.17,18.4,11.1,210.4,1004.7,52.6,5.8,272.4,23.5,9.0
13.082,80.275,2014-06-30,29.6,43.3,25.1,24.5,75.8,6.0,100,8.33,20.5,16.0,214.9,1004.6,79.6,5.6,191.9,16.6,8.0
13.082,80.275,2014-07-01,31.1,40.9,29.7,23.5,65.8,0.0,0,0.0,20.5,13.8,238.2,1004.7,48.3,6.4,247.3,21.5,8.0
13.082,80.275,2014-07-02,31.8,40.9,31.4,23.1,61.8,0.0,0,0.0,22.3,15.2,242.0,1004.9,33.8,6.2,207.3,17.8,8.0
13.082,80.275,2014-07-03,32.6,42.4,34.7,24.0,62.7,0.0,0,0.0,24.1,14.3,246.2,1002.9,30.8,7.0,249.9,21.6,8.0
13.082,80.275,2014-07-04,32.4,43.5,32.1,23.8,62.0,0.0,0,0.0,24.1,16.9,246.1,1001.8,48.9,6.8,256.0,22.1,9.0
13.082,80.275,2014-07-05,31.6,43.4,33.7,24.9,68.8,2.0,100,4.17,25.9,13.2,203.8,1002.3,54.9,6.8,230.6,19.9,8.0
13.082,80.275,2014-07-06,30.1,42.1,25.1,24.5,72.9,0.0,0,0.0,22.3,14.5,251.7,1004.8,60.0,6.7,209.7,18.2,8.0
13.082,80.275,2014-07-07,30.3,40.8,30.2,24.7,73.4,0.8,100,4.17,22.3,13.2,233.7,1004.6,44.7,5.9,209.2,18.1,7.0
13.082,80.275,2014-07-08,29.9,40.7,26.1,24.3,73.3,3.0,100,4.17,18.4,12.9,226.7,1003.6,64.2,6.9,206.0,17.9,7.0
13.082,80.275,2014-07-09,30.1,38.2,26.1,23.7,69.5,0.0,0,0.0,24.1,15.0,245.6,1003.4,75.8,6.7,137.9,11.9,5.0
13.082,80.275,2014-07-10,28.1,36.9,23.1,23.5,77.5,6.0,100,4.17,29.5,15.3,250.8,1004.8,90.3,5.8,96.5,8.3,3.0
13.082,80.275,2014-07-11,27.6,35.2,24.1,23.8,80.1,13.0,100,12.5,25.9,12.3,245.6,1005.2,93.3,5.2,73.9,6.5,3.0
13.082,80.275,2014-07-12,30.6,38.7,30.2,21.8,60.2,0.2,100,8.33,27.7,16.8,247.4,1003.5,80.4,5.9,158.0,13.7,6.0
13.082,80.275,2014-07-13,30.6,39.5,30.8,22.6,63.0,0.0,0,0.0,37.1,19.0,253.9,1003.0,83.9,6.9,184.3,16.0,8.0
13.082,80.275,2014-07-14,30.9,40.8,30.8,23.4,65.5,1.0,100,4.17,27.7,16.9,244.0,1002.1,82.5,6.4,65.6,5.8,2.0
13.082,80.275,2014-07-15,31.4,39.6,30.8,21.8,57.1,0.0,0,0.0,24.1,16.4,231.1,1002.5,70.4,6.6,155.3,13.4,6.0
13.082,80.275,2014-07-16,31.7,39.9,29.7,21.2,54.6,0.0,0,0.0,27.7,16.7,229.0,1003.6,52.3,6.4,206.4,17.6,7.0
13.082,80.275,2014-07-17,31.9,41.2,29.7,22.0,57.2,0.0,0,0.0,20.9,14.6,233.4,1003.7,49.5,7.4,256.1,22.2,9.0
13.082,80.275,2014-07-18,32.0,39.9,32.1,22.4,57.9,0.0,0,0.0,24.1,16.3,228.0,1003.5,42.5,6.6,246.2,21.3,9.0
13.082,80.275,2014-07-19,31.7,38.4,32.9,22.6,59.6,0.0,0,0.0,27.7,17.3,244.7,1004.1,72.9,6.0,174.3,15.0,7.0
13.082,80.275,2014-07-20,32.2,40.9,31.4,22.0,55.5,0.0,0,0.0,22.3,14.4,252.0,1004.3,65.8,6.5,126.9,11.1,5.0
13.082,80.275,2014-07-21,32.1,40.9,32.1,23.4,61.8,0.5,100,4.17,24.1,15.1,243.9,1003.5,58.3,6.7,171.6,14.8,6.0
13.082,80.275,2014-07-22,32.0,41.2,32.1,22.2,57.8,0.2,100,4.17,25.9,14.8,240.4,1003.5,60.8,6.8,184.4,16.0,6.0
13.082,80.275,2014-07-23,32.2,41.2,31.4,22.1,56.6,3.0,100,4.17,27.7,18.7,249.1,1003.8,58.9,6.6,210.1,18.2,7.0
13.082,80.275,2014-07-24,31.7,40.9,31.4,21.9,57.2,0.0,0,0.0,24.1,14.8,257.0,1005.0,51.7,6.7,163.1,14.2,7.0
13.082,80.275,2014-07-25,31.3,41.2,32.8,23.1,63.9,6.4,100,12.5,20.5,11.0,270.8,1005.7,65.4,6.4,241.9,20.9,8.0
13.082,80.275,2014-07-26,30.8,41.2,30.8,23.2,65.9,3.0,100,4.17,18.4,14.0,259.1,1005.8,75.8,6.2,192.1,16.5,7.0
13.082,80.275,2014-07-27,30.5,37.4,26.1,22.3,63.1,0.0,0,0.0,22.3,14.4,240.5,1006.0,58.7,6.6,157.5,13.6,5.0
13.082,80.275,2014-07-28,30.6,37.1,30.8,22.3,62.2,0.0,0,0.0,22.3,17.2,235.8,1004.3,71.3,6.1,86.6,7.5,3.0
13.082,80.275,2014-07-29,30.6,39.9,29.3,21.6,59.9,0.9,100,4.17,22.3,13.6,258.0,1003.8,64.6,6.0,169.1,14.6,6.0
13.082,80.275,2014-07-30,30.6,37.8,29.7,21.8,61.1,0.4,100,4.17,22.3,12.9,235.7,1004.1,85.8,5.7,153.3,13.1,7.0
13.082,80.275,2014-07-31,32.3,40.9,32.9,22.4,57.6,0.0,0,0.0,22.3,14.8,235.5,1003.8,88.3,5.9,190.2,16.5,9.0
13.082,80.275,2014-08-01,32.5,43.4,30.8,22.7,58.0,0.0,0,0.0,22.3,14.2,231.3,1003.4,54.9,7.1,208.5,18.1,8.0
13.082,80.275,2014-08-02,30.5,38.0,30.2,22.8,63.9,0.1,100,4.17,22.3,12.6,242.6,1004.4,81.2,6.0,126.6,11.0,5.0
13.082,80.275,2014-08-03,31.3,40.8,26.1,22.4,61.5,14.0,100,4.17,24.1,14.1,242.1,1003.7,50.3,6.3,171.0,14.7,7.0
13.082,80.275,2014-08-04,31.7,40.9,26.1,22.8,62.5,0.0,0,0.0,24.1,14.1,241.2,1002.5,53.8,5.8,219.1,18.8,8.0
13.082,80.275,2014-08-05,32.5,41.2,30.9,21.9,54.7,0.1,100,4.17,24.1,17.2,255.3,1003.3,56.2,6.6,177.6,15.2,7.0
13.082,80.275,2014-08-06,30.1,39.6,26.1,23.1,68.7,8.0,100,8.33,22.3,13.7,237.7,1005.0,73.3,5.8,179.2,15.3,7.0
13.082,80.275,2014-08-07,29.9,39.5,26.1,22.6,65.9,0.0,0,0.0,22.3,12.0,229.0,1004.6,75.8,6.1,168.8,14.5,6.0
13.082,80.275,2014-08-08,29.7,38.7,25.1,22.2,66.3,29.0,100,8.33,24.1,15.1,225.5,1004.8,75.3,5.4,156.8,13.3,6.0
13.082,80.275,2014-08-09,28.0,38.2,24.1,23.3,77.7,4.0,100,4.17,22.3,13.2,223.5,1006.3,82.6,6.3,97.4,8.3,5.0
13.082,80.275,2014-08-10,28.5,40.7,25.1,24.0,78.3,11.0,100,8.33,22.3,15.6,221.0,1006.8,77.4,6.4,121.5,10.5,5.0
13.082,80.275,2014-08-11,29.1,40.8,25.1,23.9,74.9,0.2,100,4.17,24.1,12.9,217.8,1006.0,68.9,6.4,194.0,16.9,8.0
13.082,80.275,2014-08-12,28.9,39.6,24.1,23.2,73.4,22.0,100,4.17,20.5,11.7,235.6,1005.7,63.6,5.3,180.6,15.7,8.0
13.082,80.275,2014-08-13,28.6,38.4,25.1,23.4,74.5,6.0,100,8.33,22.3,13.9,212.5,1006.2,85.8,5.4,215.5,18.6,8.0
13.082,80.275,2014-08-14,30.7,39.6,32.1,23.6,67.0,0.1,100,4.17,24.1,14.1,209.8,1006.3,61.5,6.6,240.4,20.7,9.0
13.082,80.275,2014-08-15,29.9,39.6,26.1,23.4,69.6,0.1,100,4.17,22.3,13.2,232.5,1007.0,56.8,6.7,235.9,20.4,8.0
13.082,80.275,2014-08-16,29.4,39.4,25.1,23.8,72.9,0.0,0,0.0,20.5,13.6,280.2,1007.6,40.8,6.7,229.5,19.8,8.0
13.082,80.275,2014-08-17,29.6,39.5,25.1,23.7,71.5,0.0,0,0.0,20.5,13.1,210.4,1006.8,55.8,6.4,236.2,20.4,8.0
13.082,80.275,2014-08-18,28.9,36.9,26.1,24.0,75.4,0.0,0,0.0,22.3,11.4,182.6,1007.5,53.3,6.3,238.1,20.6,8.0
13.082,80.275,2014-08-19,29.6,39.4,26.1,23.9,72.2,0.2,100,4.17,22.3,13.0,171.0,1007.9,50.8,6.6,253.4,21.9,9.0
13.082,80.275,2014-08-20,30.1,39.5,32.1,24.3,71.8,0.0,0,0.0,22.3,13.7,165.4,1006.5,39.2,6.3,252.6,21.8,8.0
13.082,80.275,2014-08-21,30.0,39.5,30.8,24.1,71.8,0.0,0,0.0,20.5,13.8,164.8,1004.5,37.5,6.6,246.9,21.2,8.0
13.082,80.275,2014-08-22,29.9,40.7,32.1,24.5,73.2,0.0,0,0.0,18.4,13.7,148.3,1004.6,39.2,6.0,244.5,21.2,9.0
13.082,80.275,2014-08-23,29.3,39.3,30.2,24.9,77.8,0.1,100,4.17,18.4,10.1,150.1,1005.7,61.5,6.2,219.0,18.9,9.0
13.082,80.275,2014-08-24,29.2,39.6,26.1,23.5,72.8,0.0,0,0.0,22.3,13.3,191.2,1005.9,60.8,6.4,240.6,20.6,9.0
13.082,80.275,2014-08-25,28.7,40.7,24.1,23.6,75.1,84.0,100,8.33,18.4,9.7,205.0,1007.3,75.8,5.3,178.8,15.3,7.0
13.082,80.275,2014-08-26,29.3,38.2,25.1,23.9,73.8,0.0,0,0.0,18.4,9.4,210.6,1006.6,56.7,6.5,137.6,11.8,5.0
13.082,80.275,2014-08-27,28.4,34.7,29.3,23.3,74.3,0.2,100,4.17,18.4,9.3,255.1,1005.3,87.9,5.8,107.2,9.1,5.0
13.082,80.275,2014-08-28,28.9,36.9,26.1,22.5,69.1,0.0,0,0.0,25.9,11.5,255.2,1004.0,80.0,6.0,155.7,13.5,8.0
13.082,80.275,2014-08-29,29.7,37.1,28.9,21.4,62.0,0.0,0,0.0,22.3,13.4,225.8,1002.4,87.5,5.9,182.9,16.0,6.0
13.082,80.275,2014-08-30,31.0,39.3,30.8,22.7,62.7,0.0,0,0.0,22.3,15.6,222.4,1002.2,56.7,7.1,197.7,17.0,9.0
13.082,80.275,2014-08-31,31.6,38.7,29.7,21.1,55.0,0.0,0,0.0,25.9,18.7,224.7,1001.5,43.3,6.8,196.3,17.1,7.0
13.082,80.275,2014-09-01,30.8,43.5,30.2,22.8,62.9,0.0,0,0.0,25.9,16.3,222.4,1002.1,65.0,6.3,165.7,14.2,6.0
13.082,80.275,2014-09-02,30.0,39.5,26.1,23.9,70.8,0.0,0,0.0,22.3,14.5,200.8,1004.5,43.3,6.7,205.1,17.7,8.0
13.082,80.275,2014-09-03,29.9,40.8,24.1,24.4,74.3,0.0,0,0.0,20.5,13.4,200.8,1006.1,65.7,6.4,0.7,0.0,0.0
13.082,80.275,2014-09-04,27.5,37.6,24.1,24.9,86.2,59.0,100,4.17,14.8,9.6,173.2,1007.7,86.2,5.6,128.2,9.6,5.0
13.082,80.275,2014-09-05,29.8,42.0,25.1,24.5,74.8,0.0,0,0.0,29.5,14.7,232.2,1006.8,67.8,6.2,188.8,16.3,7.0
13.082,80.275,2014-09-06,28.7,38.0,24.1,24.0,76.9,16.0,100,4.17,22.3,12.7,223.7,1005.5,90.0,5.7,168.9,14.5,7.0
13.082,80.275,2014-09-07,29.3,39.6,26.1,23.5,72.2,1.1,100,8.33,24.1,13.9,228.3,1005.3,70.7,6.5,158.6,13.8,7.0
13.082,80.275,2014-09-08,29.1,39.5,25.1,23.6,73.7,3.1,100,8.33,22.3,11.9,205.7,1006.7,67.4,6.2,266.4,23.0,10.0
13.082,80.275,2014-09-09,30.0,39.9,26.1,22.8,67.3,0.0,0,0.0,20.5,13.5,231.1,1007.0,35.5,6.5,262.4,22.7,10.0
13.082,80.275,2014-09-10,29.7,37.4,26.1,22.5,66.5,0.0,0,0.0,22.3,11.4,188.4,1006.7,42.4,7.1,262.6,22.8,9.0
13.082,80.275,2014-09-11,29.9,40.8,26.1,23.5,70.2,0.0,0,0.0,18.4,10.5,178.2,1007.5,36.0,6.6,280.3,24.2,9.0
13.082,80.275,2014-09-12,29.6,40.7,26.1,24.1,73.0,0.1,100,4.17,14.8,10.3,190.1,1008.2,54.4,6.2,261.8,22.6,9.0
13.082,80.275,2014-09-13,28.5,38.2,25.1,23.7,76.3,0.6,100,4.17,22.3,8.9,240.2,1007.8,63.6,5.9,204.6,17.7,8.0
13.082,80.275,2014-09-14,29.7,39.5,30.8,24.4,74.2,2.1,100,16.67,21.6,11.8,214.1,1006.5,69.2,7.2,232.9,20.1,8.0
13.082,80.275,2014-09-15,29.1,40.7,23.1,23.8,75.1,3.0,100,4.17,20.5,12.9,253.5,1005.0,65.4,6.8,231.2,20.0,9.0
13.082,80.275,2014-09-16,27.7,36.7,24.1,23.9,80.7,21.0,100,4.17,18.4,12.2,262.8,1004.1,93.3,5.5,129.4,11.2,6.0
13.082,80.275,2014-09-17,29.0,38.2,25.1,23.2,71.5,1.0,100,4.17,25.9,13.7,265.8,1003.2,70.8,6.5,180.1,15.6,8.0
13.082,80.275,2014-09-18,26.8,34.7,25.1,23.4,81.6,1.4,100,8.33,19.8,12.1,255.8,1004.8,86.3,6.1,59.2,5.0,2.0
13.082,80.275,2014-09-19,29.3,38.4,26.1,23.1,70.3,1.1,100,4.17,18.4,10.8,252.7,1005.3,71.2,6.4,220.6,19.1,9.0
13.082,80.275,2014-09-20,29.3,38.2,26.1,23.5,72.1,0.0,0,0.0,22.3,12.2,254.0,1004.8,62.6,6.5,236.8,20.5,9.0
13.082,80.275,2014-09-21,30.0,39.5,30.2,24.4,73.1,0.0,0,0.0,18.4,9.8,221.4,1005.8,54.0,6.1,230.8,19.9,8.0
13.082,80.275,2014-09-22,28.8,40.7,25.1,24.7,79.6,31.0,100,8.33,18.4,9.5,183.9,1007.3,74.8,5.0,246.4,21.3,9.0
13.082,80.275,2014-09-23,29.8,42.1,30.2,24.8,75.2,0.1,100,4.17,18.4,9.7,183.8,1006.7,41.7,5.6,262.2,22.6,9.0
13.082,80.275,2014-09-24,29.3,37.5,30.8,24.8,77.4,0.1,100,4.17,13.0,9.3,175.3,1007.5,84.4,5.7,246.5,21.1,8.0
13.082,80.275,2014-09-25,29.0,37.6,32.0,25.0,79.4,0.9,100,25.0,14.4,10.2,153.8,1008.8,54.1,,226.8,19.3,8.0
13.082,80.275,2014-09-26,28.6,39.3,30.0,24.9,80.8,0.8,100,20.83,20.5,9.8,120.6,1009.6,36.6,5.6,231.7,20.0,9.0
13.082,80.275,2014-09-27,28.0,37.9,25.1,24.8,83.0,0.7,100,20.83,18.4,8.3,95.0,1010.1,55.4,5.8,219.1,18.7,8.0
13.082,80.275,2014-09-28,27.7,36.7,25.1,24.1,81.6,4.0,100,4.17,20.5,10.1,93.8,1010.3,51.4,5.9,232.6,19.9,8.0
13.082,80.275,2014-09-29,28.3,37.9,24.1,24.3,79.1,0.5,100,4.17,22.3,9.2,92.4,1010.3,44.5,6.3,231.3,19.8,8.0
13.082,80.275,2014-09-30,29.6,40.7,30.8,25.1,77.4,0.0,0,0.0,18.4,7.0,100.8,1009.9,47.1,6.6,245.0,21.2,8.0
13.082,80.275,2014-10-01,29.3,42.1,26.1,24.9,78.2,0.0,0,0.0,18.4,7.9,60.4,1010.0,40.7,6.2,247.6,21.5,9.0
13.082,80.275,2014-10-02,28.9,39.4,25.1,24.1,76.5,0.0,0,0.0,16.6,6.5,88.7,1009.9,22.2,5.9,270.0,23.4,9.0
13.082,80.275,2014-10-03,29.1,40.7,25.1,24.4,76.7,0.0,0,0.0,14.8,6.1,122.8,1009.2,34.6,5.8,245.5,21.2,8.0
13.082,80.275,2014-10-04,29.7,39.6,26.1,24.0,72.9,0.0,0,0.0,18.4,8.8,108.5,1009.3,30.0,5.6,254.6,21.8,9.0
13.082,80.275,2014-10-05,30.0,43.7,25.1,24.7,74.7,0.0,0,0.0,18.4,8.0,127.5,1009.4,26.5,5.2,253.7,21.8,9.0
13.082,80.275,2014-10-06,30.3,43.7,29.7,25.0,74.8,0.0,0,0.0,22.3,8.6,97.4,1008.8,39.7,5.0,251.4,21.7,9.0
13.082,80.275,2014-10-07,28.6,40.7,26.1,24.7,79.9,15.0,100,4.17,13.0,7.1,47.2,1007.8,54.1,4.7,223.7,19.4,7.0
13.082,80.275,2014-10-08,28.7,40.7,25.1,24.2,77.4,0.0,0,0.0,18.4,9.3,36.1,1007.2,45.4,4.9,227.0,19.4,8.0
13.082,80.275,2014-10-09,28.6,40.8,26.1,25.4,83.9,4.0,100,4.17,11.5,3.7,63.1,1007.3,44.6,5.0,218.4,18.7,8.0
13.082,80.275,2014-10-10,29.7,40.7,26.1,25.9,81.5,0.0,0,0.0,18.4,7.4,234.7,1005.5,72.5,4.6,185.1,15.9,7.0
13.082,80.275,2014-10-11,29.9,39.3,30.2,24.9,75.1,0.0,0,0.0,22.3,11.6,247.9,1003.5,87.9,5.1,147.4,12.6,5.0
13.082,80.275,2014-10-12,31.0,39.6,30.2,23.8,67.1,0.0,0,0.0,20.2,13.0,240.7,1003.1,79.5,5.5,160.4,13.8,7.0
13.082,80.275,2014-10-13,30.5,42.1,30.2,24.6,72.3,0.0,0,0.0,20.2,14.4,202.0,1004.9,35.4,5.9,257.5,22.2,9.0
13.082,80.275,2014-10-14,30.5,42.1,32.8,25.7,76.7,0.0,0,0.0,24.1,13.9,149.3,1008.1,30.0,6.6,252.9,21.6,9.0
13.082,80.275,2014-10-15,29.5,40.7,31.4,25.2,78.4,0.4,100,8.33,22.3,10.5,75.3,1010.7,45.7,6.0,216.3,18.7,8.0
13.082,80.275,2014-10-16,29.2,40.8,30.8,25.3,80.4,1.8,100,8.33,24.1,10.8,73.9,1010.6,49.3,6.6,202.9,17.5,7.0
13.082,80.275,2014-10-17,26.9,37.9,25.1,25.0,90.0,87.0,100,8.33,24.1,9.8,73.1,1010.9,73.5,4.0,105.2,9.0,4.0
13.082,80.275,2014-10-18,25.8,33.7,24.1,24.8,94.2,74.0,100,20.83,11.9,5.4,29.9,1010.6,99.3,3.4,86.6,7.6,3.0
13.082,80.275,2014-10-19,25.4,26.6,24.1,24.7,96.1,38.0,100,12.5,11.2,4.7,18.9,1010.3,95.4,3.3,56.0,4.9,2.0
13.082,80.275,2014-10-20,25.0,31.5,24.1,24.3,95.9,51.0,100,16.67,10.1,1.9,43.9,1010.8,92.1,2.3,59.9,5.3,3.0
13.082,80.275,2014-10-21,27.3,38.0,24.1,24.4,85.1,0.4,100,8.33,22.3,8.4,42.9,1011.6,56.5,4.5,174.9,15.1,6.0
13.082,80.275,2014-10-22,27.6,38.0,25.1,24.9,86.0,1.0,100,4.17,20.5,8.2,43.0,1012.1,49.1,4.2,186.6,16.2,7.0
13.082,80.275,2014-10-23,25.9,30.8,25.1,25.0,95.0,34.0,100,8.33,12.6,3.9,51.2,1011.6,74.9,3.0,125.6,10.7,5.0
13.082,80.275,2014-10-24,26.3,34.7,25.1,25.0,93.2,52.3,100,16.67,13.0,6.6,22.6,1010.8,75.9,4.3,165.5,14.2,7.0
13.082,80.275,2014-10-25,28.1,39.3,25.1,25.3,85.9,0.3,100,4.17,16.6,7.2,130.3,1010.4,41.7,6.0,198.2,17.2,7.0
13.082,80.275,2014-10-26,26.8,34.7,25.1,24.9,89.7,5.4,100,8.33,16.6,4.8,81.2,1012.0,60.6,5.7,141.1,12.1,6.0
13.082,80.275,2014-10-27,28.3,40.8,25.1,25.2,84.2,0.1,100,4.17,11.2,4.1,45.6,1011.1,46.7,5.3,177.3,15.4,7.0
13.082,80.275,2014-10-28,28.6,40.7,26.1,25.0,82.0,0.0,0,0.0,16.6,7.2,3.1,1009.7,46.7,5.3,187.5,16.1,7.0
13.082,80.275,2014-10-29,28.2,36.7,25.1,24.3,80.0,0.0,0,0.0,18.4,10.1,15.1,1010.5,38.3,5.4,192.3,16.6,7.0
13.082,80.275,2014-10-30,27.9,34.7,25.1,23.0,76.1,0.1,100,4.17,18.4,8.9,20.6,1010.2,42.2,4.8,239.4,20.7,9.0
13.082,80.275,2014-10-31,27.0,35.2,24.1,23.4,80.8,0.5,100,4.17,25.6,9.8,355.0,1009.6,55.8,4.3,139.2,11.9,5.0
13.082,80.275,2014-11-01,25.6,32.9,22.1,22.9,85.5,27.1,100,8.33,24.5,13.7,350.4,1009.8,91.2,4.1,94.2,8.2,3.0
13.082,80.275,2014-11-02,26.2,33.7,25.1,24.6,91.0,14.4,100,12.5,19.4,8.6,356.2,1010.4,94.9,2.5,118.3,10.5,6.0
13.082,80.275,2014-11-03,26.7,32.8,25.1,24.4,87.6,4.0,100,4.17,14.8,8.9,350.1,1010.5,97.1,2.8,89.4,7.6,4.0
13.082,80.275,2014-11-04,27.0,36.9,24.1,23.1,80.3,0.0,0,0.0,14.8,6.7,330.8,1010.1,76.3,3.2,146.8,12.8,7.0
13.082,80.275,2014-11-05,26.2,30.9,22.1,20.8,74.5,0.0,0,0.0,14.8,4.7,299.7,1010.5,69.6,4.4,176.1,15.2,7.0
13.082,80.275,2014-11-06,26.1,33.0,21.1,19.9,70.4,0.0,0,0.0,16.6,7.1,313.7,1009.5,52.2,4.4,249.7,21.6,9.0
13.082,80.275,2014-11-07,26.6,34.3,22.1,20.4,70.8,0.0,0,0.0,18.4,5.8,346.4,1009.5,43.2,4.6,226.2,19.3,9.0
13.082,80.275,2014-11-08,27.4,33.1,24.1,20.6,68.2,0.0,0,0.0,14.8,4.9,348.7,1009.9,84.4,4.6,181.0,15.6,7.0
13.082,80.275,2014-11-09,27.1,34.7,24.1,22.1,75.0,0.5,100,4.17,14.8,6.2,317.4,1010.2,80.0,5.5,165.8,14.2,8.0
13.082,80.275,2014-11-10,27.3,37.9,24.1,23.7,81.4,0.0,0,0.0,18.4,7.4,53.1,1010.6,36.0,4.5,200.1,17.3,7.0
13.082,80.275,2014-11-11,27.6,39.3,24.1,24.7,84.7,0.6,100,4.17,22.3,8.6,37.2,1010.4,46.8,4.4,203.2,17.5,7.0
13.082,80.275,2014-11-12,25.8,32.8,24.1,24.2,91.1,52.4,100,20.83,21.6,11.7,29.2,1010.0,93.7,3.7,58.7,5.1,3.0
13.082,80.275,2014-11-13,25.0,26.2,24.1,24.5,97.0,70.0,100,25.0,18.4,9.0,68.3,1011.3,92.9,3.4,76.4,6.6,3.0
13.082,80.275,2014-11-14,27.2,37.9,25.1,25.3,89.9,6.0,100,4.17,18.4,8.4,71.7,1012.7,64.6,4.9,159.1,13.7,6.0
13.082,80.275,2014-11-15,27.2,36.7,25.1,24.6,86.6,0.4,100,12.5,18.4,6.6,41.6,1012.0,46.9,4.5,175.8,15.2,7.0
13.082,80.275,2014-11-16,27.2,35.6,25.1,23.7,82.1,0.3,100,8.33,16.6,8.2,37.5,1011.6,38.7,4.9,184.8,15.9,6.0
13.082,80.275,2014-11-17,27.0,33.4,24.1,23.2,81.1,0.0,0,0.0,22.3,9.2,42.2,1012.0,44.6,4.8,217.7,18.8,8.0
13.082,80.275,2014-11-18,27.1,35.6,24.1,23.5,81.4,0.0,0,0.0,25.9,9.3,42.6,1013.0,48.6,4.5,204.7,17.7,7.0
13.082,80.275,2014-11-19,27.4,36.7,25.1,23.3,79.1,0.0,0,0.0,22.3,10.0,41.0,1012.9,41.3,4.4,219.5,19.0,8.0
13.082,80.275,2014-11-20,27.2,35.2,24.1,23.2,79.6,0.0,0,0.0,20.5,10.5,22.7,1011.6,43.4,4.3,213.9,18.3,8.0
13.082,80.275,2014-11-21,26.8,35.2,24.1,23.5,82.9,0.0,0,0.0,18.4,7.3,17.5,1011.9,37.5,4.0,202.4,17.5,8.0
13.082,80.275,2014-11-22,26.9,35.2,25.1,23.1,80.5,0.1,100,4.17,16.6,8.9,18.5,1011.1,40.4,4.3,151.8,13.1,5.0
13.082,80.275,2014-11-23,26.4,34.7,23.1,21.9,77.8,0.0,0,0.0,18.4,7.1,36.6,1011.6,44.2,4.8,207.6,18.0,8.0
13.082,80.275,2014-11-24,26.1,33.4,23.1,22.0,79.3,0.0,0,0.0,22.3,9.3,34.1,1011.6,46.3,4.1,211.5,18.3,8.0
13.082,80.275,2014-11-25,26.0,31.4,23.1,21.1,75.1,0.0,0,0.0,25.6,10.0,23.3,1011.7,44.2,4.6,200.7,17.4,7.0
13.082,80.275,2014-11-26,25.9,31.4,23.1,20.9,74.7,0.0,0,0.0,18.4,9.0,21.5,1009.8,46.2,4.5,185.5,15.9,7.0
13.082,80.275,2014-11-27,26.0,31.4,23.1,20.9,74.1,0.0,0,0.0,22.7,10.0,25.4,1009.8,59.2,5.2,173.9,15.0,7.0
13.082,80.275,2014-11-28,26.0,30.8,24.1,21.2,75.2,0.0,0,0.0,22.0,12.3,6.4,1010.3,72.1,4.8,146.4,12.6,6.0
13.082,80.275,2014-11-29,25.8,29.3,24.1,21.7,78.7,0.0,0,0.0,20.9,11.6,353.4,1010.5,82.9,3.6,85.8,7.4,4.0
13.082,80.275,2014-11-30,25.1,26.7,24.1,22.9,87.4,2.0,100,4.17,22.7,9.8,3.8,1010.1,90.4,3.5,99.6,8.5,4.0
13.082,80.275,2014-12-01,26.4,31.4,24.1,21.2,74.0,0.0,0,0.0,25.9,10.7,33.8,1010.5,75.4,5.1,139.8,12.1,6.0
13.082,80.275,2014-12-02,25.8,32.6,22.1,20.8,75.0,0.0,0,0.0,20.5,8.5,18.7,1012.0,23.8,4.9,224.0,19.2,8.0
13.082,80.275,2014-12-03,24.8,30.9,21.1,20.1,76.5,0.0,0,0.0,14.8,6.6,21.0,1012.3,41.1,4.3,226.1,19.6,8.0
13.082,80.275,2014-12-04,24.7,30.5,20.1,19.2,74.0,0.0,0,0.0,22.3,6.8,38.7,1012.5,33.3,4.3,231.7,19.9,8.0
13.082,80.275,2014-12-05,24.7,30.9,21.1,18.9,71.8,0.0,0,0.0,22.3,7.1,50.1,1013.1,42.8,4.6,215.4,18.6,8.0
13.082,80.275,2014-12-06,25.2,31.4,21.1,20.6,76.5,0.0,0,0.0,16.6,6.1,35.4,1012.5,54.2,4.1,160.9,13.9,6.0
13.082,80.275,2014-12-07,25.8,32.9,23.1,22.3,81.8,0.0,0,0.0,13.0,5.8,26.4,1011.7,54.7,4.2,127.4,11.0,5.0
13.082,80.275,2014-12-08,26.8,35.2,24.1,23.7,83.7,0.0,0,0.0,18.4,7.0,40.7,1011.7,66.7,3.3,167.1,14.4,6.0
13.082,80.275,2014-12-09,27.4,38.0,24.1,24.3,83.8,0.7,100,4.17,16.6,7.4,48.2,1012.4,48.3,5.0,137.7,12.0,5.0
13.082,80.275,2014-12-10,25.5,30.1,25.1,24.3,93.4,30.3,100,12.5,13.7,6.5,25.4,1012.4,79.7,4.3,124.9,10.7,6.0
13.082,80.275,2014-12-11,26.8,36.3,24.1,24.4,87.8,8.0,100,8.33,16.6,7.3,72.4,1012.2,65.4,5.9,169.8,14.8,6.0
13.082,80.275,2014-12-12,26.7,36.3,24.1,23.9,85.5,22.6,100,12.5,25.9,10.2,65.4,1012.6,55.9,5.7,144.8,12.4,5.0
13.082,80.275,2014-12-13,25.0,26.5,23.1,23.7,92.8,4.0,100,4.17,18.4,5.7,49.4,1013.2,85.5,3.2,111.8,9.7,5.0
13.082,80.275,2014-12-14,26.7,35.2,25.1,23.7,84.3,0.0,0,0.0,18.4,7.5,56.6,1012.9,52.9,5.0,202.5,17.5,7.0
13.082,80.275,2014-12-15,26.1,35.2,22.1,23.7,87.4,0.5,100,8.33,24.1,8.2,40.0,1012.7,52.8,5.2,169.3,14.5,7.0
13.082,80.275,2014-12-16,27.1,36.3,24.9,24.2,84.9,1.2,100,8.33,24.1,11.8,36.4,1012.7,75.0,5.5,136.7,11.9,6.0
13.082,80.275,2014-12-17,27.1,33.7,25.1,23.6,81.3,0.0,0,0.0,22.3,12.6,26.1,1012.5,62.5,6.0,139.5,12.0,7.0
13.082,80.275,2014-12-18,27.4,33.4,26.1,22.9,76.9,0.0,0,0.0,24.1,16.5,48.0,1013.3,50.6,6.0,188.7,16.3,7.0
13.082,80.275,2014-12-19,26.8,32.1,26.0,21.3,71.7,0.0,0,0.0,24.1,17.2,46.3,1015.0,55.3,5.9,184.1,15.9,7.0
13.082,80.275,2014-12-20,25.5,30.4,21.1,19.4,69.8,0.0,0,0.0,24.1,10.7,20.4,1013.9,49.2,6.2,178.1,15.3,7.0
13.082,80.275,2014-12-21,25.0,29.7,23.1,20.8,78.1,0.0,0,0.0,18.4,8.5,3.9,1011.7,62.9,5.3,178.2,15.4,7.0
13.082,80.275,2014-12-22,25.7,31.4,24.1,21.5,78.3,0.5,100,4.17,24.1,9.8,20.0,1011.4,54.2,4.7,190.2,16.4,7.0
13.082,80.275,2014-12-23,25.3,31.4,22.1,22.0,82.5,0.0,0,0.0,22.3,9.3,38.5,1012.0,56.3,5.0,152.4,13.2,6.0
13.082,80.275,2014-12-24,25.9,31.4,22.1,21.7,78.7,0.0,0,0.0,22.3,10.9,24.5,1013.2,45.3,6.2,206.5,17.9,8.0
13.082,80.275,2014-12-25,25.4,29.9,23.1,20.4,75.3,0.0,0,0.0,25.9,10.5,8.5,1013.3,53.3,5.3,178.6,15.5,7.0
13.082,80.275,2014-12-26,24.8,29.3,21.1,19.8,74.9,0.0,0,0.0,25.6,11.0,16.8,1011.7,50.3,4.5,172.9,15.0,7.0
13.082,80.275,2014-12-27,24.4,28.6,22.1,20.4,78.6,0.0,0,0.0,24.8,9.1,7.6,1011.4,63.5,3.0,129.3,11.3,6.0
13.082,80.275,2014-12-28,25.3,29.7,24.1,22.9,86.7,0.2,100,4.17,25.6,11.2,12.7,1011.4,92.0,2.8,68.5,6.0,4.0
13.082,80.275,2014-12-29,23.8,25.1,22.1,22.9,95.0,42.8,100,16.67,27.7,14.4,341.1,1009.3,100.0,1.6,20.7,1.8,1.0
13.082,80.275,2014-12-30,24.9,30.2,23.1,23.1,90.1,40.0,100,8.33,22.3,14.2,340.9,1007.1,87.4,2.9,73.1,6.2,4.0
13.082,80.275,2014-12-31,26.4,35.2,24.1,23.7,85.4,0.0,0,0.0,18.4,11.5,350.7,1007.4,58.2,5.6,161.6,13.9,7.0
13.082,80.275,2015-01-01,26.1,33.7,23.1,23.9,88.1,0.4,100,4.17,11.2,5.6,118.0,1008.8,45.5,4.7,163.7,14.1,7.0
13.082,80.275,2015-01-02,26.6,37.9,23.1,24.5,89.1,0.1,100,4.17,20.5,8.0,132.6,1011.1,41.2,4.5,190.7,16.4,7.0
13.082,80.275,2015-01-03,27.1,36.7,25.1,24.4,86.1,0.4,100,8.33,18.4,9.1,124.5,1012.5,41.1,5.0,158.5,13.6,6.0
13.082,80.275,2015-01-04,26.2,34.3,23.1,23.5,86.0,0.4,100,8.33,14.8,7.0,71.4,1012.5,35.0,4.8,171.1,14.8,6.0
13.082,80.275,2015-01-05,26.5,33.8,23.1,23.0,82.5,0.0,0,0.0,20.5,7.7,30.5,1012.2,38.3,5.4,207.8,17.9,8.0
13.082,80.275,2015-01-06,25.8,33.4,23.1,22.8,84.5,0.0,0,0.0,16.6,6.7,24.5,1012.6,36.6,5.3,193.6,16.7,7.0
13.082,80.275,2015-01-07,25.4,34.3,23.1,22.9,87.1,0.0,0,0.0,18.4,7.5,58.4,1012.5,43.5,3.7,194.9,16.8,7.0
13.082,80.275,2015-01-08,25.7,33.4,22.1,22.5,83.6,0.0,0,0.0,18.4,6.0,104.0,1012.8,38.3,3.9,166.4,14.3,6.0
13.082,80.275,2015-01-09,25.2,31.4,23.1,22.1,83.7,0.0,0,0.0,18.4,6.9,43.9,1014.1,46.7,3.9,171.9,14.9,7.0
13.082,80.275,2015-01-10,24.1,28.9,20.1,17.5,68.8,0.0,0,0.0,18.4,6.8,10.5,1014.5,31.7,5.1,236.2,20.2,8.0
13.082,80.275,2015-01-11,24.4,29.2,20.1,18.1,70.1,0.0,0,0.0,18.4,6.5,29.6,1014.6,46.7,5.1,177.8,15.4,6.0
13.082,80.275,2015-01-12,24.0,29.5,20.1,18.1,71.2,0.0,0,0.0,22.3,7.3,25.5,1013.9,35.0,5.8,184.0,15.7,8.0
13.082,80.275,2015-01-13,23.9,29.9,19.1,18.4,73.2,0.0,0,0.0,16.6,7.5,10.1,1013.2,29.6,5.8,243.4,20.9,8.0
13.082,80.275,2015-01-14,23.6,28.9,20.1,18.3,73.8,0.0,0,0.0,18.4,6.1,36.3,1012.9,35.0,4.5,217.1,18.7,8.0
13.082,80.275,2015-01-15,24.2,30.9,19.1,19.5,76.6,0.0,0,0.0,14.8,5.8,27.2,1012.9,38.9,5.1,199.3,17.1,8.0
13.082,80.275,2015-01-16,25.2,30.9,22.1,21.4,80.9,0.1,100,4.17,18.4,8.7,27.5,1013.3,38.3,4.4,191.9,16.4,7.0
13.082,80.275,2015-01-17,24.7,30.9,21.1,19.4,74.2,0.0,0,0.0,18.4,7.2,37.2,1013.8,37.5,4.6,237.9,20.6,8.0
13.082,80.275,2015-01-18,24.0,30.4,20.1,19.2,75.9,0.0,0,0.0,18.4,6.0,47.2,1014.5,35.9,4.8,242.4,21.0,9.0
13.082,80.275,2015-01-19,24.0,30.4,20.1,18.6,73.8,0.0,0,0.0,22.3,8.7,58.4,1014.3,29.7,4.5,236.9,20.6,8.0
13.082,80.275,2015-01-20,24.1,30.4,20.1,18.8,74.0,0.0,0,0.0,22.3,7.5,52.7,1015.7,33.8,4.9,246.2,21.2,9.0
13.082,80.275,2015-01-21,24.2,29.5,20.1,17.9,70.5,0.0,0,0.0,22.3,8.0,45.5,1017.1,35.0,5.8,250.3,21.7,9.0
13.082,80.275,2015-01-22,24.7,30.8,21.1,20.6,78.6,0.0,0,0.0,22.3,10.5,41.3,1016.7,75.0,5.0,159.7,13.8,7.0
13.082,80.275,2015-01-23,25.7,32.1,23.1,22.3,82.3,0.5,100,4.17,22.3,10.2,48.0,1014.3,60.0,5.5,169.3,14.6,7.0
13.082,80.275,2015-01-24,25.3,34.3,23.1,22.1,82.7,3.0,100,4.17,24.1,9.1,45.2,1014.5,50.9,5.3,172.2,15.0,7.0
13.082,80.275,2015-01-25,24.9,30.9,20.1,20.2,76.5,0.0,0,0.0,22.3,9.4,50.3,1015.8,39.2,6.3,224.7,19.5,8.0
13.082,80.275,2015-01-26,25.2,31.4,21.1,20.0,74.3,0.0,0,0.0,20.5,8.6,64.6,1015.1,43.5,5.6,168.4,14.6,6.0
13.082,80.275,2015-01-27,25.3,30.2,22.1,20.7,76.5,0.0,0,0.0,24.1,9.6,45.0,1013.5,50.8,4.9,140.0,12.0,5.0
13.082,80.275,2015-01-28,25.3,30.9,21.1,20.4,75.2,0.0,0,0.0,22.3,10.7,54.7,1012.3,44.2,4.9,152.1,13.3,5.0
13.082,80.275,2015-01-29,26.3,32.6,23.1,21.2,75.0,0.0,0,0.0,22.3,11.2,64.8,1012.7,42.5,5.3,188.7,16.4,7.0
13.082,80.275,2015-01-30,25.9,32.0,23.1,21.0,75.6,0.0,0,0.0,22.3,10.5,60.3,1014.4,43.3,6.0,222.2,19.3,8.0
13.082,80.275,2015-01-31,25.4,30.9,21.1,20.6,76.2,0.0,0,0.0,24.1,9.6,41.2,1014.8,38.3,5.0,240.9,20.9,9.0
13.082,80.275,2015-02-01,25.4,33.4,21.1,21.0,77.9,0.0,0,0.0,22.3,9.0,60.8,1014.5,39.2,4.8,198.9,17.2,6.0
13.082,80.275,2015-02-02,25.8,31.4,22.1,20.2,72.7,0.0,0,0.0,18.4,10.2,63.4,1015.8,37.5,5.0,234.5,20.3,8.0
13.082,80.275,2015-02-03,25.4,30.9,21.1,19.7,71.6,0.0,0,0.0,22.3,10.8,30.2,1017.2,43.3,5.7,213.2,18.3,8.0
13.082,80.275,2015-02-04,25.3,32.0,22.1,20.8,77.1,0.0,0,0.0,22.3,10.4,17.5,1016.6,47.5,5.0,220.8,19.2,8.0
13.082,80.275,2015-02-05,25.8,31.9,21.1,20.2,73.3,0.0,0,0.0,22.3,9.6,47.8,1015.0,51.7,5.0,240.8,20.9,9.0
13.082,80.275,2015-02-06,26.1,32.0,22.1,20.8,73.8,0.0,0,0.0,22.3,9.9,51.3,1014.5,71.7,5.5,233.8,20.1,8.0
13.082,80.275,2015-02-07,26.1,32.0,22.1,19.9,71.3,0.0,0,0.0,22.3,10.5,63.2,1014.1,33.3,6.0,245.9,21.3,9.0
13.082,80.275,2015-02-08,25.5,32.5,21.1,19.9,73.2,0.0,0,0.0,22.3,9.6,68.2,1013.8,30.3,4.8,244.8,21.2,9.0
13.082,80.275,2015-02-09,25.5,31.4,22.1,19.2,69.4,0.0,0,0.0,24.1,11.0,60.2,1013.8,38.4,5.7,222.5,19.3,9.0
13.082,80.275,2015-02-10,24.8,30.9,22.1,19.7,73.9,0.0,0,0.0,22.3,8.4,36.1,1014.4,59.2,5.1,180.1,15.6,7.0
13.082,80.275,2015-02-11,25.6,33.4,22.1,21.1,77.0,0.0,0,0.0,25.9,10.6,39.0,1013.4,45.0,5.4,196.1,17.0,7.0
13.082,80.275,2015-02-12,26.3,33.1,22.1,21.4,76.3,0.0,0,0.0,22.3,9.4,44.0,1012.8,37.5,4.9,226.1,19.6,8.0
13.082,80.275,2015-02-13,26.5,34.7,23.1,22.0,77.4,0.0,0,0.0,20.5,9.2,88.5,1012.5,36.7,4.4,256.5,22.1,9.0
13.082,80.275,2015-02-14,26.3,35.0,21.1,20.8,74.6,0.0,0,0.0,22.3,8.9,155.5,1011.5,32.1,4.7,269.9,23.3,9.0
13.082,80.275,2015-02-15,26.8,34.6,22.1,19.9,69.7,0.0,0,0.0,22.3,11.0,156.5,1011.5,15.0,5.7,267.9,23.1,9.0
13.082,80.275,2015-02-16,26.6,34.1,22.1,20.5,72.2,0.0,0,0.0,18.4,7.8,124.1,1012.7,25.8,5.4,258.3,22.4,9.0
13.082,80.275,2015-02-17,26.0,34.3,21.1,20.9,75.2,0.0,0,0.0,18.4,7.8,130.6,1012.4,32.5,5.3,256.0,22.0,9.0
13.082,80.275,2015-02-18,26.2,32.6,21.1,19.8,70.9,0.0,0,0.0,16.6,9.6,170.4,1011.8,25.8,5.3,270.0,23.4,9.0
13.082,80.275,2015-02-19,25.8,33.1,21.1,20.2,72.7,0.0,0,0.0,18.4,9.4,157.2,1011.7,22.5,5.8,277.8,23.8,9.0
13.082,80.275,2015-02-20,25.7,32.6,21.1,20.3,73.7,0.0,0,0.0,22.3,9.1,84.0,1012.5,24.6,5.4,269.5,23.2,9.0
13.082,80.275,2015-02-21,26.1,31.9,22.1,20.3,72.5,0.0,0,0.0,18.4,8.3,71.5,1012.8,30.0,5.8,271.6,23.5,9.0
13.082,80.275,2015-02-22,26.3,32.5,22.1,19.8,70.8,0.0,0,0.0,18.4,8.6,67.2,1013.0,19.2,5.2,276.1,23.8,10.0
13.082,80.275,2015-02-23,26.1,31.9,21.1,19.9,71.0,0.0,0,0.0,18.4,7.4,84.1,1013.3,17.5,5.6,274.9,23.8,10.0
13.082,80.275,2015-02-24,25.9,33.5,21.1,19.5,71.6,0.0,0,0.0,18.4,8.5,95.2,1012.4,30.4,4.9,283.5,24.5,10.0
13.082,80.275,2015-02-25,25.6,31.9,20.1,18.4,69.9,0.0,0,0.0,20.5,8.3,106.3,1010.9,32.9,5.8,277.6,24.0,10.0
13.082,80.275,2015-02-26,26.4,34.3,21.1,21.5,75.6,0.0,0,0.0,18.4,9.5,113.1,1009.6,42.5,6.1,258.9,22.3,9.0
13.082,80.275,2015-02-27,27.8,36.7,24.1,23.8,79.4,0.0,0,0.0,24.1,11.9,123.5,1009.9,46.7,5.7,210.7,18.2,8.0
13.082,80.275,2015-02-28,28.0,36.7,26.1,23.9,78.7,0.0,0,0.0,27.7,14.5,122.3,1010.2,44.9,6.1,194.8,16.9,7.0
13.082,80.275,2015-03-01,28.4,35.6,26.1,23.3,74.2,0.0,0,0.0,25.9,14.9,131.7,1010.5,46.7,6.1,215.5,18.6,8.0
13.082,80.275,2015-03-02,28.5,35.6,26.1,23.5,75.1,0.0,0,0.0,25.9,13.2,128.3,1011.7,50.8,6.4,209.9,18.2,8.0
13.082,80.275,2015-03-03,28.3,36.9,25.1,23.3,75.4,0.0,0,0.0,20.5,8.5,130.0,1011.0,37.8,6.1,231.8,19.9,9.0
13.082,80.275,2015-03-04,28.9,38.2,24.1,23.2,72.9,0.0,0,0.0,25.9,13.1,154.2,1010.5,38.3,6.3,239.2,20.6,9.0
13.082,80.275,2015-03-05,29.1,40.7,25.1,25.0,79.0,0.0,0,0.0,22.3,12.1,124.2,1011.6,44.2,6.1,236.2,20.4,9.0
13.082,80.275,2015-03-06,29.0,36.9,25.1,24.1,76.1,0.0,0,0.0,20.5,11.2,97.1,1012.7,36.7,7.1,217.9,18.8,9.0
13.082,80.275,2015-03-07,28.6,36.9,25.1,23.4,74.8,0.0,0,0.0,24.1,10.2,102.8,1012.5,40.8,6.5,235.0,20.3,9.0
13.082,80.275,2015-03-08,28.4,36.9,24.1,23.1,74.0,0.0,0,0.0,22.3,11.1,121.6,1013.2,41.7,5.9,236.1,20.4,9.0
13.082,80.275,2015-03-09,28.3,37.1,25.1,23.0,74.7,0.0,0,0.0,22.3,10.5,81.6,1014.2,36.7,5.4,261.4,22.5,9.0
13.082,80.275,2015-03-10,27.3,33.6,23.1,20.9,70.8,0.0,0,0.0,22.3,9.3,50.8,1014.1,35.8,5.1,263.9,22.9,9.0
13.082,80.275,2015-03-11,27.4,35.0,23.1,21.0,69.4,0.0,0,0.0,22.3,10.1,61.5,1013.6,33.3,6.0,252.5,21.8,9.0
13.082,80.275,2015-03-12,28.3,38.2,25.1,22.6,72.0,0.0,0,0.0,24.1,10.5,58.9,1013.6,38.8,6.0,242.4,21.0,8.0
13.082,80.275,2015-03-13,28.4,35.9,25.1,22.7,73.0,0.0,0,0.0,16.6,9.5,70.9,1013.2,35.8,6.3,270.6,23.4,9.0
13.082,80.275,2015-03-14,28.6,37.1,24.1,22.9,73.0,0.0,0,0.0,24.1,12.2,116.7,1014.0,34.2,5.8,280.0,24.3,10.0
13.082,80.275,2015-03-15,28.5,38.2,25.1,23.5,75.5,0.0,0,0.0,22.3,11.6,107.7,1014.0,38.3,6.7,228.7,19.8,8.0
13.082,80.275,2015-03-16,28.3,36.9,24.1,22.9,73.4,0.0,0,0.0,20.5,9.7,135.3,1013.9,31.1,6.5,276.7,23.9,9.0
13.082,80.275,2015-03-17,27.7,35.0,23.1,22.0,73.5,0.0,0,0.0,20.5,8.1,120.6,1012.7,33.0,5.4,286.2,24.7,10.0
13.082,80.275,2015-03-18,28.7,39.5,22.1,21.8,69.2,0.0,0,0.0,18.4,9.7,151.7,1010.5,22.5,5.8,288.7,24.8,10.0
13.082,80.275,2015-03-19,28.4,38.4,23.1,22.6,73.0,0.0,0,0.0,20.5,10.3,121.8,1011.1,18.8,6.2,291.8,25.3,10.0
13.082,80.275,2015-03-20,28.2,37.1,24.1,23.0,75.1,0.0,0,0.0,18.4,9.7,108.5,1012.3,24.5,5.6,288.4,24.9,10.0
13.082,80.275,2015-03-21,29.1,37.8,24.1,21.2,67.3,0.0,0,0.0,18.4,8.0,123.9,1012.9,11.7,5.5,300.1,25.9,10.0
13.082,80.275,2015-03-22,29.6,40.9,24.1,22.5,68.7,0.0,0,0.0,22.3,9.1,165.3,1011.5,6.3,5.3,300.6,26.0,10.0
13.082,80.275,2015-03-23,29.4,43.5,25.1,24.4,76.2,0.0,0,0.0,22.3,9.5,154.3,1009.9,3.8,5.3,294.7,25.5,10.0
13.082,80.275,2015-03-24,29.4,42.1,25.1,24.5,76.9,0.0,0,0.0,22.3,11.0,161.1,1009.5,1.3,5.0,283.4,24.7,10.0
13.082,80.275,2015-03-25,28.8,39.4,25.1,23.9,75.9,0.0,0,0.0,22.3,10.6,142.5,1010.6,22.8,5.5,276.6,23.9,9.0
13.082,80.275,2015-03-26,28.8,37.1,25.1,23.3,73.5,0.0,0,0.0,18.4,11.2,103.2,1012.5,30.4,5.5,273.7,23.8,9.0
13.082,80.275,2015-03-27,29.1,37.1,25.1,23.1,71.3,0.0,0,0.0,22.3,11.9,89.6,1012.9,35.0,6.3,283.3,24.5,9.0
13.082,80.275,2015-03-28,29.5,39.5,25.1,24.1,74.0,0.0,0,0.0,22.3,12.2,111.9,1011.6,32.4,5.9,287.9,24.8,10.0
13.082,80.275,2015-03-29,29.7,38.4,26.1,23.6,71.4,0.0,0,0.0,22.3,11.5,124.9,1010.1,34.2,6.6,291.7,25.3,10.0
13.082,80.275,2015-03-30,29.9,40.7,26.1,24.1,72.4,0.0,0,0.0,24.1,13.5,130.3,1009.8,38.3,6.6,270.5,23.6,9.0
13.082,80.275,2015-03-31,30.3,40.7,30.8,24.8,73.5,0.0,0,0.0,22.3,12.7,125.8,1010.1,40.0,6.5,248.5,21.4,9.0
13.082,80.275,2015-04-01,30.1,42.1,30.8,25.1,75.9,0.0,0,0.0,22.3,12.4,134.3,1009.9,38.3,6.8,242.4,21.0,8.0
13.082,80.275,2015-04-02,30.6,43.5,30.8,25.0,73.5,0.0,0,0.0,22.3,14.3,174.0,1008.6,32.5,6.9,263.8,22.9,9.0
13.082,80.275,2015-04-03,31.2,46.4,30.8,25.5,73.5,0.0,0,0.0,22.3,15.2,176.8,1006.3,31.3,6.7,290.5,25.0,10.0
13.082,80.275,2015-04-04,31.7,44.8,32.8,25.1,70.3,0.0,0,0.0,25.9,17.1,175.3,1004.5,29.6,6.9,280.1,24.3,10.0
13.082,80.275,2015-04-05,31.2,45.1,33.7,25.8,74.6,0.0,0,0.0,24.1,15.5,164.9,1005.8,35.4,6.7,281.8,24.2,10.0
13.082,80.275,2015-04-06,30.9,42.0,32.8,24.7,71.3,0.0,0,0.0,22.3,15.3,159.8,1006.7,35.0,7.0,276.4,23.9,10.0
13.082,80.275,2015-04-07,30.6,45.1,32.8,25.5,75.2,0.0,0,0.0,22.3,14.1,153.5,1007.5,36.7,6.8,278.2,24.1,10.0
13.082,80.275,2015-04-08,30.6,42.1,32.8,25.3,73.9,0.0,0,0.0,22.3,13.7,145.2,1009.3,38.3,6.8,261.4,22.6,8.0
13.082,80.275,2015-04-09,30.7,42.1,33.7,25.4,74.2,0.2,100,4.17,22.3,12.9,127.6,1009.7,40.9,7.2,247.0,21.3,9.0
13.082,80.275,2015-04-10,30.4,40.7,30.8,24.6,72.7,0.0,0,0.0,24.1,12.3,150.0,1010.2,31.3,7.3,286.2,24.8,10.0
13.082,80.275,2015-04-11,30.4,42.0,26.1,24.4,71.9,0.0,0,0.0,22.3,14.0,155.4,1010.3,35.0,6.5,284.8,24.5,10.0
13.082,80.275,2015-04-12,30.1,39.4,26.1,24.1,71.6,0.0,0,0.0,22.3,12.2,132.3,1011.9,43.3,6.6,268.3,23.2,9.0
13.082,80.275,2015-04-13,29.0,38.2,25.1,23.2,72.2,0.9,100,8.33,22.3,11.6,149.4,1012.0,55.4,5.6,145.2,12.6,7.0
13.082,80.275,2015-04-14,28.5,36.6,23.1,21.4,68.1,0.0,0,0.0,24.1,14.1,95.8,1010.2,53.3,6.8,286.0,24.6,10.0
13.082,80.275,2015-04-15,27.2,34.7,25.1,23.9,82.8,106.0,100,8.33,18.4,8.5,73.3,1010.8,64.6,5.6,176.6,15.3,7.0
13.082,80.275,2015-04-16,28.7,39.4,25.1,24.1,77.5,0.1,100,4.17,18.4,7.4,73.7,1011.5,42.6,5.7,233.7,20.3,9.0
13.082,80.275,2015-04-17,29.5,40.7,26.1,24.6,76.5,0.0,0,0.0,22.3,10.3,63.0,1009.7,40.6,6.1,249.2,21.4,9.0
13.082,80.275,2015-04-18,29.3,39.6,25.1,23.1,71.1,0.0,0,0.0,22.3,12.1,85.3,1007.8,33.3,7.3,285.3,24.8,10.0
13.082,80.275,2015-04-19,30.0,40.7,26.1,24.7,74.3,0.0,0,0.0,18.4,10.2,137.5,1008.0,30.0,7.4,281.7,24.3,9.0
13.082,80.275,2015-04-20,30.6,40.7,30.8,24.9,72.5,0.0,0,0.0,22.3,11.7,110.6,1009.5,35.0,7.5,238.3,20.6,9.0
13.082,80.275,2015-04-21,30.9,42.1,33.7,25.7,74.1,0.2,100,4.17,24.1,12.4,140.1,1009.5,47.1,6.9,229.6,20.0,8.0
13.082,80.275,2015-04-22,31.1,43.5,33.1,25.3,72.5,0.0,0,0.0,22.3,13.7,178.4,1008.5,38.4,6.7,284.4,24.5,9.0
13.082,80.275,2015-04-23,31.6,44.8,35.8,26.1,73.3,0.0,0,0.0,27.7,15.8,178.9,1008.2,30.9,6.5,289.3,25.2,10.0
13.082,80.275,2015-04-24,31.0,43.5,24.1,25.1,71.7,5.0,100,4.17,18.4,12.5,172.2,1009.0,59.0,6.3,270.0,23.2,9.0
13.082,80.275,2015-04-25,29.1,42.1,24.1,23.0,71.5,3.1,100,8.33,22.3,14.0,186.2,1008.4,64.9,6.3,242.6,20.7,9.0
13.082,80.275,2015-04-26,30.9,42.1,33.7,25.1,72.5,0.0,0,0.0,22.3,12.4,155.8,1009.0,56.7,7.1,263.4,22.9,9.0
13.082,80.275,2015-04-27,30.6,42.1,31.4,25.4,74.7,0.0,0,0.0,24.1,11.3,167.1,1010.0,36.7,7.2,245.9,21.3,8.0
13.082,80.275,2015-04-28,30.7,42.1,26.1,24.9,72.3,0.0,0,0.0,20.5,13.2,181.9,1009.3,28.8,7.2,295.8,25.7,10.0
13.082,80.275,2015-04-29,31.2,44.8,33.7,25.8,74.1,0.0,0,0.0,24.1,15.0,174.9,1008.5,35.8,6.3,281.5,24.3,10.0
13.082,80.275,2015-04-30,31.6,46.9,33.7,26.1,73.9,0.0,0,0.0,24.1,16.6,183.4,1008.5,34.2,6.4,300.2,26.0,10.0
13.082,80.275,2015-05-01,32.1,49.6,35.8,26.6,73.4,0.0,0,0.0,22.3,14.5,173.2,1007.6,30.0,6.7,297.8,25.8,10.0
13.082,80.275,2015-05-02,32.3,48.3,35.8,26.1,71.1,0.0,0,0.0,22.3,15.9,179.0,1007.3,37.1,6.2,298.3,25.8,10.0
13.082,80.275,2015-05-03,31.3,46.9,25.1,25.5,72.3,0.0,0,0.0,20.5,13.7,163.0,1007.7,37.2,5.9,292.7,25.2,9.0
13.082,80.275,2015-05-04,31.4,43.7,36.3,26.2,74.5,0.0,0,0.0,20.5,11.7,146.6,1008.3,44.2,5.9,260.4,22.7,9.0
13.082,80.275,2015-05-05,31.1,42.0,33.7,25.3,72.6,0.0,0,0.0,18.4,10.5,132.4,1008.0,40.0,6.3,252.3,22.0,8.0
13.082,80.275,2015-05-06,31.1,43.5,31.4,25.4,72.6,0.0,0,0.0,22.3,10.8,146.3,1007.0,40.8,6.5,252.3,21.9,9.0
13.082,80.275,2015-05-07,31.5,44.8,33.7,25.6,72.3,0.0,0,0.0,25.9,13.3,159.1,1007.8,38.3,6.6,272.5,23.5,9.0
13.082,80.275,2015-05-08,31.8,46.4,33.7,25.8,71.8,0.0,0,0.0,25.9,14.4,173.9,1006.6,30.8,6.2,287.9,24.8,9.0
13.082,80.275,2015-05-09,32.0,44.8,35.8,25.9,71.3,0.0,0,0.0,18.4,13.2,167.8,1005.3,27.9,6.3,277.0,24.1,9.0
13.082,80.275,2015-05-10,31.9,43.5,37.5,26.3,73.3,0.0,0,0.0,16.6,11.8,150.2,1005.7,46.1,6.8,220.1,18.9,7.0
13.082,80.275,2015-05-11,31.2,42.5,35.2,26.1,74.6,0.0,0,0.0,18.4,10.7,163.1,1007.4,75.0,6.0,120.0,10.5,6.0
13.082,80.275,2015-05-12,31.5,45.1,35.8,25.9,72.6,0.0,0,0.0,22.3,12.0,124.4,1007.3,73.7,7.0,263.4,22.9,9.0
13.082,80.275,2015-05-13,29.0,39.0,30.8,25.0,79.4,5.1,100,8.33,14.8,9.4,177.2,1007.2,68.8,5.8,106.3,9.1,6.0
13.082,80.275,2015-05-14,29.1,40.8,31.4,26.4,85.3,15.0,100,8.33,14.8,8.0,86.5,1007.4,66.7,5.6,133.7,11.5,5.0
13.082,80.275,2015-05-15,29.1,43.7,31.4,26.2,85.1,5.0,100,4.17,18.4,7.4,194.4,1007.6,59.6,5.8,188.6,16.2,7.0
13.082,80.275,2015-05-16,28.3,42.5,26.1,25.7,86.1,5.0,100,4.17,14.8,6.0,173.4,1006.1,54.2,5.7,145.1,12.8,7.0
13.082,80.275,2015-05-17,29.7,44.0,26.1,25.5,79.2,0.0,0,0.0,18.4,10.6,212.7,1004.5,64.2,5.8,147.5,12.9,7.0
13.082,80.275,2015-05-18,30.8,45.1,26.1,24.6,71.3,0.0,0,0.0,18.4,12.5,206.4,1004.3,61.7,6.5,227.6,19.6,7.0
13.082,80.275,2015-05-19,32.5,51.0,32.8,26.4,71.6,0.0,0,0.0,24.1,17.2,195.6,1004.3,37.1,6.9,285.2,24.8,9.0
13.082,80.275,2015-05-20,33.2,51.0,33.9,25.6,66.5,0.0,0,0.0,22.3,15.5,201.9,1004.2,28.2,6.5,299.3,25.9,10.0
13.082,80.275,2015-05-21,33.6,48.8,35.8,26.2,67.4,0.0,0,0.0,22.3,16.7,202.6,1004.0,30.0,6.5,291.9,25.0,9.0
13.082,80.275,2015-05-22,33.6,48.8,37.6,26.1,66.0,0.0,0,0.0,22.3,18.2,204.0,1004.2,37.5,6.7,268.2,23.2,9.0
13.082,80.275,2015-05-23,33.9,46.4,36.3,25.7,64.3,0.0,0,0.0,24.1,17.3,218.2,1004.0,39.2,6.4,284.3,24.7,9.0
13.082,80.275,2015-05-24,34.7,51.0,36.3,25.3,60.2,0.0,0,0.0,20.5,15.9,220.5,1004.3,34.2,6.5,293.8,25.4,9.0
13.082,80.275,2015-05-25,34.8,48.3,36.3,24.6,58.9,0.0,0,0.0,22.3,17.3,227.5,1003.9,30.0,6.7,292.9,25.4,9.0
13.082,80.275,2015-05-26,33.7,46.0,36.3,25.0,62.7,0.0,0,0.0,24.1,16.1,222.3,1004.5,40.8,6.2,282.8,24.4,9.0
13.082,80.275,2015-05-27,31.6,46.0,29.3,24.7,67.8,0.0,0,0.0,27.7,19.7,204.2,1004.3,55.0,5.3,261.7,22.6,9.0
13.082,80.275,2015-05-28,32.2,46.0,28.6,22.0,56.4,0.0,0,0.0,29.5,15.2,222.2,1003.3,58.6,6.2,283.8,24.6,9.0
13.082,80.275,2015-05-29,32.9,47.3,34.7,25.3,66.3,0.0,0,0.0,25.9,15.2,192.9,1003.5,30.8,6.1,291.6,25.2,9.0
13.082,80.275,2015-05-30,32.1,43.3,31.4,22.9,59.1,0.0,0,0.0,22.3,12.5,176.1,1004.8,30.8,6.3,293.2,25.5,10.0
13.082,80.275,2015-05-31,32.6,48.3,35.6,25.9,69.2,0.0,0,0.0,18.4,15.4,194.9,1003.9,38.3,6.3,288.8,25.0,9.0
13.082,80.275,2015-06-01,30.0,40.8,31.4,23.7,69.2,0.5,100,4.17,18.4,11.9,179.9,1004.3,76.5,5.5,182.4,15.8,7.0
13.082,80.275,2015-06-02,31.1,43.4,30.2,24.4,70.0,1.2,100,8.33,22.3,11.6,245.8,1005.1,54.2,5.5,232.9,20.0,8.0
13.082,80.275,2015-06-03,30.7,42.0,26.1,23.5,67.3,0.0,0,0.0,18.4,13.2,202.0,1004.9,52.3,6.7,187.8,16.3,8.0
13.082,80.275,2015-06-04,31.6,43.5,35.8,26.1,74.1,0.0,0,0.0,22.3,14.5,171.5,1005.3,30.0,6.5,274.4,23.6,9.0
13.082,80.275,2015-06-05,31.9,46.4,35.8,26.1,72.7,0.0,0,0.0,25.9,14.5,174.0,1005.8,37.5,7.5,268.4,23.0,9.0
13.082,80.275,2015-06-06,31.6,45.1,31.4,24.3,65.9,0.0,0,0.0,20.5,12.7,179.5,1005.3,55.0,6.4,222.3,19.2,8.0
13.082,80.275,2015-06-07,32.6,49.6,35.8,26.0,69.9,0.0,0,0.0,22.3,16.5,184.1,1004.7,73.3,6.5,270.9,23.5,9.0
13.082,80.275,2015-06-08,32.2,43.5,35.8,25.6,69.7,0.0,0,0.0,25.9,17.0,179.0,1005.3,41.7,6.4,256.7,22.2,9.0
13.082,80.275,2015-06-09,32.0,43.5,32.9,24.6,65.9,0.0,0,0.0,22.3,15.2,169.4,1006.1,44.4,7.1,244.6,20.9,8.0
13.082,80.275,2015-06-10,31.2,43.4,26.1,24.5,69.8,0.4,100,4.17,22.3,14.4,236.0,1005.2,57.1,6.6,264.4,22.8,9.0
13.082,80.275,2015-06-11,32.9,45.1,31.4,24.3,62.9,0.0,0,0.0,25.9,16.7,224.0,1004.0,37.5,6.8,271.3,23.4,9.0
13.082,80.275,2015-06-12,31.2,42.1,26.1,24.8,69.6,23.0,100,4.17,18.4,12.3,230.6,1005.3,39.3,6.5,220.8,19.1,8.0
13.082,80.275,2015-06-13,32.2,42.2,35.8,24.9,68.1,0.0,0,0.0,22.3,16.1,198.8,1004.3,35.6,7.4,233.3,20.3,9.0
13.082,80.275,2015-06-14,31.6,44.7,29.3,24.4,67.4,4.0,100,4.17,22.3,14.8,229.7,1003.5,50.8,6.3,243.7,21.2,9.0
13.082,80.275,2015-06-15,32.3,40.9,31.4,22.3,57.5,0.0,0,0.0,20.5,13.7,259.0,1003.0,66.7,6.5,245.0,21.2,9.0
13.082,80.275,2015-06-16,31.5,39.5,31.4,22.2,58.5,0.1,100,4.17,22.3,13.4,257.7,1002.7,56.7,6.5,140.5,12.1,6.0
13.082,80.275,2015-06-17,28.7,36.7,30.2,24.1,76.6,5.0,100,8.33,16.6,10.1,230.3,1002.0,81.7,5.3,58.3,5.0,2.0
13.082,80.275,2015-06-18,28.2,33.7,29.3,23.3,75.2,0.5,100,4.17,14.8,8.4,254.4,1002.4,90.4,4.6,55.9,4.9,2.0
13.082,80.275,2015-06-19,29.1,38.0,26.1,23.9,74.8,0.1,100,4.17,16.6,11.1,238.2,1002.3,90.4,5.3,82.7,7.1,4.0
13.082,80.275,2015-06-20,30.7,38.4,31.4,22.8,63.5,0.0,0,0.0,25.9,16.1,235.6,1001.7,86.7,5.9,111.2,9.6,8.0
13.082,80.275,2015-06-21,32.7,42.4,30.2,21.3,52.1,0.0,0,0.0,37.1,18.5,230.4,1001.9,59.2,6.5,156.9,13.4,5.0
13.082,80.275,2015-06-22,33.4,42.4,30.8,21.3,50.3,0.0,0,0.0,27.7,19.3,225.2,1003.0,42.5,6.5,191.5,16.5,7.0
13.082,80.275,2015-06-23,32.8,43.5,31.4,22.1,54.9,1.6,100,8.33,29.5,16.7,224.8,1004.1,51.7,6.6,235.3,20.3,8.0
13.082,80.275,2015-06-24,32.9,44.8,32.1,23.4,60.2,0.0,0,0.0,24.1,17.3,216.0,1005.1,40.8,7.0,250.2,21.6,8.0
13.082,80.275,2015-06-25,33.8,43.7,33.4,22.6,54.0,0.5,100,4.17,27.7,16.6,219.9,1004.4,45.0,6.8,205.7,17.6,7.0
13.082,80.275,2015-06-26,33.8,42.2,33.4,22.0,51.0,0.0,0,0.0,27.7,16.9,242.6,1003.6,55.0,6.7,180.9,15.7,7.0
13.082,80.275,2015-06-27,33.0,42.4,33.8,22.6,56.2,0.4,100,4.17,26.3,18.3,234.4,1004.0,68.5,5.5,186.4,16.1,6.0
13.082,80.275,2015-06-28,31.6,42.7,31.4,23.2,63.5,28.0,100,12.5,20.5,15.4,223.5,1005.8,53.8,6.0,237.5,20.4,8.0
13.082,80.275,2015-06-29,32.0,42.4,32.1,23.8,64.8,0.0,0,0.0,22.3,15.2,207.6,1007.2,45.0,6.3,247.6,21.3,8.0
13.082,80.275,2015-06-30,31.8,41.5,29.7,23.3,62.7,0.2,100,4.17,25.9,14.2,226.5,1007.2,41.7,6.3,235.0,20.3,8.0
13.082,80.275,2015-07-01,31.9,42.4,32.8,23.7,64.0,0.0,0,0.0,22.3,14.5,214.9,1007.4,55.8,6.6,259.2,22.5,9.0
13.082,80.275,2015-07-02,32.4,41.5,33.7,23.4,61.8,2.0,100,4.17,24.1,15.2,222.7,1007.7,45.8,6.3,265.4,22.9,9.0
13.082,80.275,2015-07-03,32.4,41.5,34.7,23.6,62.1,0.0,0,0.0,22.3,15.2,222.0,1007.3,69.2,6.8,229.2,19.9,8.0
13.082,80.275,2015-07-04,33.3,43.5,33.7,23.4,58.3,0.0,0,0.0,25.9,17.3,244.8,1006.1,40.8,6.8,269.8,23.2,8.0
13.082,80.275,2015-07-05,34.1,44.0,33.4,22.4,52.8,0.0,0,0.0,20.5,15.5,241.8,1004.3,20.8,6.7,271.2,23.6,9.0
13.082,80.275,2015-07-06,33.8,41.6,33.1,22.0,52.9,0.0,0,0.0,27.7,15.5,247.4,1003.5,30.1,6.6,294.1,25.3,9.0
13.082,80.275,2015-07-07,33.2,40.8,31.4,20.9,51.2,0.0,0,0.0,25.9,18.1,235.2,1003.3,32.1,6.7,270.0,23.4,9.0
13.082,80.275,2015-07-08,32.9,42.7,32.6,22.8,57.7,0.0,0,0.0,25.9,17.0,228.7,1003.9,38.8,6.2,239.7,20.7,9.0
13.082,80.275,2015-07-09,33.2,42.7,32.6,22.4,54.9,2.0,100,4.17,22.3,16.9,245.2,1004.5,44.2,6.6,225.8,19.5,8.0
13.082,80.275,2015-07-10,32.8,43.7,33.4,22.9,58.0,0.5,100,4.17,27.7,16.7,247.1,1002.9,56.7,6.1,201.1,17.2,7.0
13.082,80.275,2015-07-11,31.6,43.7,26.1,23.6,65.1,8.0,100,4.17,22.3,13.6,221.0,1003.8,57.5,6.2,195.6,17.0,7.0
13.082,80.275,2015-07-12,32.1,42.4,32.1,23.5,62.8,0.1,100,4.17,22.3,14.6,212.8,1004.2,40.0,6.5,254.0,22.0,9.0
13.082,80.275,2015-07-13,32.5,43.7,30.2,23.6,61.6,0.0,0,0.0,22.3,16.1,217.8,1003.7,43.3,6.5,258.8,22.3,9.0
13.082,80.275,2015-07-14,32.1,42.2,32.1,23.8,63.2,2.0,100,4.17,22.3,13.7,232.6,1002.5,71.7,5.6,216.3,18.7,8.0
13.082,80.275,2015-07-15,30.9,43.7,32.8,24.4,69.6,0.0,0,0.0,20.5,11.1,235.2,1001.7,81.7,5.8,166.3,14.4,6.0
13.082,80.275,2015-07-16,32.0,41.5,32.1,23.1,61.7,0.0,0,0.0,24.1,14.4,241.2,1001.2,36.3,6.1,219.3,19.0,8.0
13.082,80.275,2015-07-17,30.9,42.4,30.8,23.7,68.2,3.0,100,4.17,24.1,14.0,231.3,1001.8,70.8,5.8,205.2,17.8,7.0
13.082,80.275,2015-07-18,30.7,43.5,26.1,24.1,70.5,45.0,100,12.5,20.5,14.0,221.8,1003.0,67.9,6.2,213.6,18.6,8.0
13.082,80.275,2015-07-19,30.6,42.1,26.1,23.6,68.0,0.1,100,4.17,22.3,14.2,249.4,1003.3,77.9,6.3,187.9,16.1,7.0
13.082,80.275,2015-07-20,31.3,42.2,29.7,22.2,59.6,3.0,100,4.17,22.3,16.6,232.2,1002.5,52.6,6.1,170.4,14.6,5.0
13.082,80.275,2015-07-21,31.3,43.4,29.7,23.7,65.9,7.0,100,8.33,24.1,16.4,221.2,1002.9,42.9,6.6,219.8,19.1,8.0
13.082,80.275,2015-07-22,29.1,40.7,26.1,23.9,74.7,25.0,100,4.17,24.1,16.1,218.2,1004.1,58.8,6.2,243.5,21.1,8.0
13.082,80.275,2015-07-23,29.5,43.3,26.1,24.3,75.1,17.0,100,4.17,25.9,14.2,212.6,1005.8,70.4,5.9,251.2,21.7,9.0
13.082,80.275,2015-07-24,30.2,43.3,26.1,24.7,74.3,0.0,0,0.0,20.5,14.1,209.2,1006.5,50.0,6.7,245.7,21.2,8.0
13.082,80.275,2015-07-25,31.1,42.1,32.8,24.8,70.8,0.0,0,0.0,24.1,14.2,220.5,1005.9,44.2,6.5,225.3,19.4,9.0
13.082,80.275,2015-07-26,30.9,40.8,30.2,23.9,68.0,0.0,0,0.0,18.4,14.8,216.8,1006.4,53.8,7.0,166.3,14.6,6.0
13.082,80.275,2015-07-27,29.6,43.3,26.1,24.5,76.4,6.9,100,8.33,22.3,11.6,240.4,1007.4,81.3,5.8,146.4,12.7,5.0
13.082,80.275,2015-07-28,30.0,43.7,26.1,24.1,72.3,13.0,100,4.17,20.5,13.2,232.3,1007.6,80.0,6.3,238.7,20.5,9.0
13.082,80.275,2015-07-29,30.2,40.9,26.1,23.9,70.9,0.0,0,0.0,20.5,14.5,212.8,1006.8,62.5,6.7,250.7,21.7,8.0
13.082,80.275,2015-07-30,31.1,40.8,32.8,24.0,68.1,0.0,0,0.0,18.4,13.7,224.8,1006.8,47.5,6.2,254.1,21.9,9.0
13.082,80.275,2015-07-31,30.8,39.5,32.8,24.2,69.1,0.0,0,0.0,20.5,13.6,223.1,1006.5,49.2,6.5,194.5,16.6,8.0
13.082,80.275,2015-08-01,29.4,42.1,24.1,24.6,76.9,56.0,100,4.17,20.5,7.8,241.9,1007.3,80.0,5.3,197.6,17.2,7.0
13.082,80.275,2015-08-02,28.5,40.7,25.1,24.5,79.7,9.4,100,12.5,18.4,9.4,237.8,1007.3,79.6,6.0,108.7,9.2,5.0
13.082,80.275,2015-08-03,30.9,42.1,32.8,24.9,71.6,8.6,100,4.17,16.6,11.1,215.1,1005.8,75.0,6.0,236.4,20.4,8.0
13.082,80.275,2015-08-04,30.1,44.8,25.1,23.8,70.4,46.0,100,4.17,16.6,9.7,241.3,1005.5,74.5,6.2,214.6,18.6,8.0
13.082,80.275,2015-08-05,29.2,42.1,24.1,24.3,76.6,30.2,100,12.5,22.3,9.8,195.1,1005.4,72.5,5.7,217.2,18.6,8.0
13.082,80.275,2015-08-06,30.8,42.1,30.8,24.0,68.2,0.4,100,4.17,22.3,13.3,264.4,1004.1,45.8,6.9,215.7,18.6,9.0
13.082,80.275,2015-08-07,30.3,42.0,30.8,24.5,71.7,6.0,100,4.17,15.5,11.6,217.4,1003.9,55.6,6.1,196.1,16.9,7.0
13.082,80.275,2015-08-08,30.9,43.3,30.2,24.6,71.5,0.1,100,4.17,22.3,9.2,268.0,1003.9,80.4,6.3,214.8,18.5,8.0
13.082,80.275,2015-08-09,31.4,42.1,32.8,24.3,67.2,0.0,0,0.0,22.3,11.8,227.0,1002.1,68.3,6.8,203.0,17.6,7.0
13.082,80.275,2015-08-10,31.4,42.1,32.1,24.0,65.9,1.0,100,4.17,22.3,13.3,245.8,1001.7,61.7,6.7,196.3,16.7,7.0
13.082,80.275,2015-08-11,30.5,42.0,30.8,24.6,72.1,0.0,0,0.0,18.4,9.3,198.6,1003.4,73.3,6.5,193.9,16.8,7.0
13.082,80.275,2015-08-12,30.6,39.5,32.1,23.9,68.3,0.1,100,4.17,18.4,10.7,251.3,1004.5,71.7,6.3,165.5,14.2,6.0
13.082,80.275,2015-08-13,31.1,42.0,30.8,24.1,66.9,0.0,0,0.0,14.8,9.3,238.6,1004.8,37.5,6.2,213.0,18.3,8.0
13.082,80.275,2015-08-14,30.7,42.1,30.8,25.1,73.4,0.0,0,0.0,20.5,9.0,151.8,1005.0,40.8,6.3,263.4,22.7,9.0
13.082,80.275,2015-08-15,31.4,45.1,32.1,25.2,71.0,0.0,0,0.0,18.4,9.8,181.2,1006.0,37.9,6.5,240.6,20.9,9.0
13.082,80.275,2015-08-16,29.4,42.3,26.1,25.4,79.7,10.0,100,8.33,16.6,9.1,248.3,1007.7,63.3,6.8,222.2,19.1,7.0
13.082,80.275,2015-08-17,30.6,43.5,30.2,25.4,75.0,0.0,0,0.0,14.8,7.9,175.3,1006.9,35.4,7.1,245.2,21.1,9.0
13.082,80.275,2015-08-18,30.7,43.7,31.4,25.8,75.8,0.0,0,0.0,13.0,8.1,155.8,1007.7,38.3,6.4,239.9,20.8,8.0
13.082,80.275,2015-08-19,31.0,40.7,34.7,25.3,72.5,0.0,0,0.0,22.3,11.0,160.7,1008.4,35.8,6.8,239.8,20.6,7.0
13.082,80.275,2015-08-20,30.9,48.3,29.7,25.4,73.2,0.0,0,0.0,18.4,11.9,192.2,1008.0,42.5,6.7,262.3,22.7,9.0
13.082,80.275,2015-08-21,27.6,40.8,24.1,24.6,84.4,33.0,100,16.67,13.0,7.7,220.7,1008.5,94.0,5.3,247.0,21.5,9.0
13.082,80.275,2015-08-22,27.9,39.3,24.1,24.5,82.7,0.9,100,4.17,18.4,8.9,249.1,1007.2,81.7,6.4,100.0,8.6,3.0
13.082,80.275,2015-08-23,29.4,40.7,25.1,24.4,75.8,0.9,100,4.17,18.4,10.4,279.0,1006.5,68.3,6.7,156.4,13.3,6.0
13.082,80.275,2015-08-24,30.5,42.0,26.1,23.9,68.8,0.0,0,0.0,22.3,12.0,256.8,1006.9,43.3,7.1,234.8,20.0,8.0
13.082,80.275,2015-08-25,31.1,40.9,30.8,23.8,66.4,0.0,0,0.0,24.1,10.2,263.7,1006.0,40.8,6.7,265.4,22.9,9.0
13.082,80.275,2015-08-26,31.4,40.8,32.8,24.1,66.3,0.0,0,0.0,18.4,11.5,229.7,1004.6,45.0,6.6,184.6,16.0,7.0
13.082,80.275,2015-08-27,29.1,39.3,26.1,24.4,76.1,0.8,100,4.17,20.5,12.8,229.8,1004.8,90.4,5.6,179.8,15.6,7.0
13.082,80.275,2015-08-28,30.0,39.5,29.7,24.1,71.7,0.4,100,4.17,18.4,10.3,234.5,1005.5,73.3,6.8,204.9,17.8,7.0
13.082,80.275,2015-08-29,31.0,40.9,30.8,24.1,69.1,0.0,0,0.0,18.4,10.4,228.5,1005.3,29.2,6.9,278.4,24.0,10.0
13.082,80.275,2015-08-30,31.4,43.5,32.8,24.9,69.4,1.0,100,4.17,18.4,11.2,216.0,1006.2,60.8,6.2,260.3,22.4,9.0
13.082,80.275,2015-08-31,30.1,43.5,25.1,24.8,75.2,1.0,100,4.17,22.3,10.7,238.5,1007.3,53.3,6.4,251.6,21.7,9.0
13.082,80.275,2015-09-01,31.8,44.8,33.7,25.4,70.2,0.0,0,0.0,18.4,11.7,205.4,1006.2,34.6,6.3,263.7,22.8,9.0
13.082,80.275,2015-09-02,31.3,46.9,31.4,25.2,71.1,0.0,0,0.0,18.4,12.4,188.4,1005.8,38.8,6.0,247.2,21.3,9.0
13.082,80.275,2015-09-03,30.2,42.1,30.2,25.6,76.9,0.0,0,0.0,18.4,13.0,199.4,1007.4,68.3,6.2,229.6,19.8,8.0
13.082,80.275,2015-09-04,30.9,43.7,33.7,25.8,75.4,0.0,0,0.0,20.5,13.4,153.0,1009.3,42.5,6.2,261.1,22.6,9.0
13.082,80.275,2015-09-05,30.6,43.7,31.4,26.1,77.9,0.0,0,0.0,18.4,11.8,163.7,1010.0,37.5,6.0,241.8,20.9,9.0
13.082,80.275,2015-09-06,31.2,43.3,32.8,25.3,72.2,0.0,0,0.0,22.3,14.8,196.2,1009.2,39.2,6.8,250.6,21.5,9.0
13.082,80.275,2015-09-07,28.9,37.9,26.1,24.1,75.4,0.0,0,0.0,20.5,12.2,223.4,1009.6,85.0,6.0,160.5,14.0,7.0
13.082,80.275,2015-09-08,29.6,39.5,26.1,24.5,76.4,0.4,100,4.17,22.3,14.2,218.7,1008.8,60.0,6.4,207.1,17.9,8.0
13.082,80.275,2015-09-09,30.3,40.7,30.2,24.6,72.8,0.0,0,0.0,16.6,12.0,199.2,1008.1,60.0,6.4,198.3,17.1,8.0
13.082,80.275,2015-09-10,28.9,40.7,24.1,24.8,79.7,34.2,100,8.33,37.1,9.6,221.5,1008.0,90.0,5.7,204.5,17.8,8.0
13.082,80.275,2015-09-11,30.1,39.4,31.4,25.1,76.4,0.5,100,4.17,16.6,9.5,242.7,1007.1,85.0,5.9,126.0,10.9,5.0
13.082,80.275,2015-09-12,30.2,38.4,31.4,24.0,70.6,0.0,0,0.0,14.8,10.5,253.3,1007.0,80.4,6.3,159.0,13.7,6.0
13.082,80.275,2015-09-13,30.6,40.9,30.8,24.0,69.6,0.1,100,4.17,22.3,15.1,214.7,1007.2,35.8,6.9,240.8,20.9,9.0
13.082,80.275,2015-09-14,30.4,40.7,30.2,23.7,68.7,0.0,0,0.0,27.7,12.4,232.7,1006.2,60.8,6.0,181.7,15.6,7.0
13.082,80.275,2015-09-15,31.5,40.9,30.2,23.2,62.8,0.0,0,0.0,25.9,14.2,251.2,1004.7,57.5,6.3,158.4,13.7,6.0
13.082,80.275,2015-09-16,32.0,42.1,31.4,22.9,59.6,0.0,0,0.0,22.3,14.2,250.1,1002.7,33.3,6.3,254.2,22.0,9.0
13.082,80.275,2015-09-17,31.7,42.1,30.8,23.4,62.9,5.0,100,4.17,20.5,13.7,253.2,1002.3,49.2,6.4,232.6,19.9,9.0
13.082,80.275,2015-09-18,30.9,40.8,30.8,24.0,68.1,0.0,0,0.0,20.5,12.2,222.7,1003.3,64.2,6.0,213.3,18.5,7.0
13.082,80.275,2015-09-19,30.5,40.8,30.8,25.5,76.0,0.9,100,4.17,14.8,8.1,202.8,1004.5,86.7,6.1,147.0,12.8,5.0
13.082,80.275,2015-09-20,31.1,42.3,33.7,25.7,74.6,0.0,0,0.0,18.4,12.0,202.0,1004.8,73.7,6.5,218.5,18.9,8.0
13.082,80.275,2015-09-21,29.7,39.5,25.1,24.6,76.7,30.0,100,8.33,14.8,8.7,226.8,1006.4,58.8,6.5,257.1,22.3,9.0
13.082,80.275,2015-09-22,30.6,42.3,33.7,26.0,77.3,0.0,0,0.0,18.4,11.4,155.5,1007.1,40.0,6.4,244.7,21.0,8.0
13.082,80.275,2015-09-23,31.0,43.5,34.7,25.8,75.1,0.0,0,0.0,18.4,11.0,166.3,1008.4,35.4,6.3,264.9,23.0,9.0
13.082,80.275,2015-09-24,31.0,45.1,31.4,25.8,74.9,0.0,0,0.0,22.3,12.8,177.0,1007.8,38.3,6.3,271.6,23.5,9.0
13.082,80.275,2015-09-25,31.3,45.1,32.8,25.6,73.5,0.0,0,0.0,18.4,12.2,183.2,1006.2,35.4,6.6,266.8,23.0,9.0
13.082,80.275,2015-09-26,30.5,43.7,26.1,25.2,74.8,0.0,0,0.0,18.4,11.9,262.6,1006.5,47.5,6.0,262.6,22.6,9.0
13.082,80.275,2015-09-27,30.1,43.7,30.8,25.7,78.1,0.0,0,0.0,18.4,8.6,261.7,1006.6,51.9,5.6,232.3,20.0,8.0
13.082,80.275,2015-09-28,29.6,40.7,30.2,24.8,76.1,1.0,100,4.17,18.4,9.3,96.2,1006.4,71.3,5.4,234.7,20.1,8.0
13.082,80.275,2015-09-29,28.1,40.8,26.1,24.7,81.9,0.0,0,0.0,18.4,7.6,136.8,1007.0,76.7,5.7,120.1,10.3,6.0
13.082,80.275,2015-09-30,29.3,40.7,26.1,24.9,78.2,0.1,100,4.17,18.4,6.2,103.6,1008.6,76.7,5.4,217.0,18.6,7.0
13.082,80.275,2015-10-01,28.6,39.3,26.1,25.5,83.5,1.6,100,12.5,18.4,8.5,167.3,1009.8,78.3,5.5,194.0,16.7,8.0
13.082,80.275,2015-10-02,30.3,43.5,26.1,25.2,75.4,13.0,100,4.17,22.3,12.2,213.9,1010.2,60.8,6.4,222.7,19.1,8.0
13.082,80.275,2015-10-03,28.0,40.8,25.1,25.3,86.0,12.0,100,8.33,16.6,8.5,259.2,1010.2,82.5,5.8,167.8,14.5,6.0
13.082,80.275,2015-10-04,29.8,43.7,26.1,25.6,79.1,0.4,100,4.17,25.9,10.1,263.4,1009.2,60.8,5.7,175.6,15.1,6.0
13.082,80.275,2015-10-05,27.4,42.3,25.1,25.0,87.5,15.6,100,4.17,24.1,7.9,251.7,1009.0,73.8,4.9,159.1,13.6,5.0
13.082,80.275,2015-10-06,29.5,42.1,25.1,24.8,77.4,0.0,0,0.0,14.8,9.6,216.9,1007.6,43.9,6.7,239.6,20.6,9.0
13.082,80.275,2015-10-07,29.5,42.3,26.1,25.1,78.5,13.0,100,8.33,18.4,10.5,219.2,1007.8,60.3,6.8,238.2,20.5,9.0
13.082,80.275,2015-10-08,29.4,44.0,26.1,25.6,81.5,15.0,100,8.33,16.6,10.3,205.8,1008.2,71.7,5.5,224.1,19.3,8.0
13.082,80.275,2015-10-09,29.6,42.5,26.1,25.8,80.8,0.0,0,0.0,14.8,8.7,210.3,1007.9,88.3,6.1,200.7,17.2,7.0
13.082,80.275,2015-10-10,30.1,43.5,26.1,25.5,77.9,0.2,100,4.17,18.4,9.3,215.9,1008.6,67.5,6.1,213.5,18.5,8.0
13.082,80.275,2015-10-11,28.8,39.0,25.1,24.8,79.7,19.0,100,4.17,22.3,9.7,226.2,1010.1,66.7,6.1,212.8,18.2,8.0
13.082,80.275,2015-10-12,30.4,43.5,31.4,25.7,77.1,0.0,0,0.0,20.5,7.7,209.3,1010.7,50.0,6.0,251.1,21.8,8.0
13.082,80.275,2015-10-13,29.6,43.7,26.1,25.2,78.2,0.0,0,0.0,14.8,7.1,159.1,1010.7,40.8,6.2,252.6,21.7,9.0
13.082,80.275,2015-10-14,29.8,42.0,25.1,24.7,76.2,0.0,0,0.0,16.6,6.5,163.0,1011.0,32.5,5.6,256.1,22.2,9.0
13.082,80.275,2015-10-15,29.4,43.7,25.1,25.0,78.1,0.0,0,0.0,18.4,7.9,145.5,1010.9,31.7,5.9,253.6,21.9,9.0
13.082,80.275,2015-10-16,29.0,39.4,25.1,24.1,76.0,0.0,0,0.0,18.4,8.3,76.6,1011.1,31.7,5.5,240.4,20.6,8.0
13.082,80.275,2015-10-17,29.1,42.1,25.1,24.5,77.3,0.0,0,0.0,18.4,8.5,62.2,1011.6,24.2,5.7,213.2,18.4,7.0
13.082,80.275,2015-10-18,29.6,40.7,26.1,24.8,76.7,0.0,0,0.0,18.4,7.8,57.6,1012.0,37.1,5.2,217.1,18.7,9.0
13.082,80.275,2015-10-19,29.6,42.3,30.8,25.9,81.1,3.0,100,8.33,22.3,9.7,65.4,1011.6,45.0,5.5,231.7,20.1,8.0
13.082,80.275,2015-10-20,29.8,42.1,26.1,25.1,77.2,0.0,0,0.0,22.3,7.4,83.1,1010.2,37.5,5.8,225.8,19.5,8.0
13.082,80.275,2015-10-21,29.5,40.7,30.8,24.5,75.4,0.0,0,0.0,18.4,8.5,72.8,1009.8,35.8,6.0,240.8,20.6,8.0
13.082,80.275,2015-10-22,28.5,38.2,25.1,22.6,72.6,0.0,0,0.0,20.5,6.8,44.9,1010.8,33.3,5.7,267.0,23.1,9.0
13.082,80.275,2015-10-23,26.3,35.2,24.1,23.5,84.9,5.0,100,8.33,22.3,6.2,62.4,1010.6,67.9,4.0,190.4,16.4,8.0
13.082,80.275,2015-10-24,27.6,36.9,24.1,23.2,78.9,0.0,0,0.0,14.8,6.1,52.0,1010.3,45.8,5.2,253.6,21.7,9.0
13.082,80.275,2015-10-25,28.4,39.4,25.1,23.7,76.8,0.0,0,0.0,20.5,6.9,41.9,1011.1,41.7,5.4,195.1,17.0,7.0
13.082,80.275,2015-10-26,28.4,38.2,25.1,23.8,77.5,0.4,100,4.17,22.3,8.3,51.4,1011.6,46.6,6.0,236.0,20.2,9.0
13.082,80.275,2015-10-27,28.8,39.4,26.1,24.2,77.3,0.5,100,4.17,22.3,10.1,22.1,1011.1,70.8,5.4,163.0,14.0,7.0
13.082,80.275,2015-10-28,27.4,40.8,23.1,25.0,87.7,27.5,100,12.5,14.8,5.4,89.7,1011.2,80.8,4.2,152.2,13.1,6.0
13.082,80.275,2015-10-29,27.3,36.3,25.1,25.1,88.3,13.0,100,4.17,14.8,5.7,19.7,1010.4,73.3,4.9,154.7,13.3,6.0
13.082,80.275,2015-10-30,26.9,37.9,25.1,25.4,91.9,23.0,100,8.33,14.8,4.6,223.5,1009.3,57.5,4.5,92.1,7.9,5.0
13.082,80.275,2015-10-31,26.9,37.9,24.1,25.3,91.4,10.0,100,4.17,18.4,6.0,203.1,1009.7,81.3,4.8,69.8,6.2,3.0
13.082,80.275,2015-11-01,26.9,40.8,25.1,25.1,90.8,88.0,100,8.33,11.2,3.7,323.6,1010.7,75.4,4.6,107.6,9.4,7.0
13.082,80.275,2015-11-02,27.9,39.3,24.1,24.9,84.2,12.0,100,8.33,14.8,6.9,218.1,1011.7,76.3,5.5,112.0,9.6,5.0
13.082,80.275,2015-11-03,27.7,40.8,26.1,25.6,89.0,0.4,100,8.33,20.5,5.5,134.4,1011.8,76.8,4.7,192.3,16.6,8.0
13.082,80.275,2015-11-04,28.2,39.3,25.1,25.5,86.1,3.0,100,4.17,18.4,7.4,35.2,1010.9,65.0,4.9,203.5,17.6,8.0
13.082,80.275,2015-11-05,27.8,39.0,26.1,26.0,90.6,0.2,100,4.17,13.0,3.1,20.0,1010.5,65.0,4.9,191.5,16.5,7.0
13.082,80.275,2015-11-06,28.6,40.8,26.1,25.5,83.8,0.0,0,0.0,22.3,8.2,29.2,1009.5,49.2,6.0,202.3,17.5,8.0
13.082,80.275,2015-11-07,27.1,36.3,25.1,25.3,90.3,0.512,100,4.17,15.1,5.8,9.4,1010.4,67.0,4.9,158.8,13.8,6.0
13.082,80.275,2015-11-08,25.8,30.8,25.1,25.1,96.1,175.0,100,45.83,24.1,12.8,14.5,1009.5,88.3,3.2,52.6,4.4,3.0
13.082,80.275,2015-11-09,26.3,31.4,25.1,24.9,92.5,192.0,100,25.0,37.1,24.9,52.1,1004.4,94.2,2.5,42.8,3.7,2.0
13.082,80.275,2015-11-10,26.2,34.7,25.1,24.1,88.5,28.0,100,12.5,25.9,14.8,130.8,1004.7,90.4,4.1,143.8,12.4,6.0
13.082,80.275,2015-11-11,26.7,34.7,24.1,25.2,91.7,74.0,100,8.33,16.6,8.3,70.5,1009.2,91.5,3.4,131.0,11.2,5.0
13.082,80.275,2015-11-12,27.4,39.3,24.1,25.5,90.2,31.0,100,8.33,18.4,7.6,31.0,1011.0,81.7,4.8,150.7,13.0,5.0
13.082,80.275,2015-11-13,25.4,26.1,25.1,24.9,97.3,122.0,100,20.83,16.6,6.8,358.0,1011.9,97.5,2.2,61.2,5.3,4.0
13.082,80.275,2015-11-14,26.5,32.9,24.1,23.9,85.8,0.0,0,0.0,18.4,9.0,4.0,1009.8,90.4,3.7,134.6,11.6,6.0
13.082,80.275,2015-11-15,25.1,26.5,24.0,24.3,95.5,45.3,100,95.83,19.8,12.3,359.5,1008.7,100.0,1.5,45.0,3.9,2.0
13.082,80.275,2015-11-16,25.8,38.0,24.0,25.2,96.4,117.7,100,100.0,27.7,13.0,30.8,1006.7,90.8,3.2,21.1,1.8,2.0
13.082,80.275,2015-11-17,25.3,31.8,24.0,22.7,86.1,0.2,100,8.33,13.0,8.3,280.5,1008.0,80.1,6.1,100.6,8.8,4.0
13.082,80.275,2015-11-18,25.5,32.6,24.0,23.7,89.7,10.1,100,45.83,13.0,5.5,321.4,1009.0,88.0,6.2,158.6,13.8,6.0
13.082,80.275,2015-11-19,26.3,35.5,25.0,25.5,95.9,29.9,100,100.0,13.0,2.7,32.9,1010.5,94.0,2.8,81.1,6.9,4.0
13.082,80.275,2015-11-20,27.2,37.6,24.0,25.0,88.8,14.8,100,100.0,20.5,8.8,63.4,1011.2,84.8,4.7,139.6,12.2,6.0
13.082,80.275,2015-11-21,27.3,37.6,25.0,25.5,90.1,6.4,100,87.5,22.3,8.9,47.9,1011.0,83.4,4.1,177.3,15.3,7.0
13.082,80.275,2015-11-22,27.0,38.7,25.0,25.4,91.3,19.1,100,100.0,25.9,10.9,46.2,1011.1,79.4,4.7,114.1,9.9,4.0
13.082,80.275,2015-11-23,26.3,39.0,24.0,24.8,92.3,16.2,100,100.0,18.4,10.6,68.4,1012.2,95.5,3.2,142.1,12.2,6.0
13.082,80.275,2015-11-24,26.8,36.4,24.0,24.0,85.6,2.0,100,54.17,18.4,7.1,30.4,1012.5,58.4,5.6,183.0,15.7,7.0
13.082,80.275,2015-11-25,27.3,34.4,24.0,23.4,80.8,0.8,100,16.67,16.6,6.7,11.0,1012.1,58.0,4.7,196.7,17.0,7.0
13.082,80.275,2015-11-26,27.3,34.0,26.0,23.9,82.2,3.3,100,62.5,18.4,10.0,26.9,1012.0,86.4,4.4,163.9,14.1,7.0
13.082,80.275,2015-11-27,26.8,34.4,24.0,22.3,77.2,0.1,100,4.17,18.4,9.3,33.6,1011.0,63.8,6.3,218.3,18.8,8.0
13.082,80.275,2015-11-28,26.5,35.0,23.0,23.2,83.0,0.3,100,8.33,14.8,5.9,9.6,1012.7,59.6,4.5,175.7,15.1,7.0
13.082,80.275,2015-11-29,27.4,37.6,25.0,25.0,87.4,17.4,100,100.0,25.9,11.3,49.5,1013.2,85.3,3.8,140.9,12.3,6.0
13.082,80.275,2015-11-30,26.0,35.5,24.0,24.7,92.6,12.0,100,95.83,18.4,8.4,22.1,1013.6,93.0,4.0,84.6,7.4,3.0
13.082,80.275,2015-12-01,25.2,26.0,24.0,24.5,95.8,49.1,100,100.0,27.7,11.0,33.2,1012.3,100.0,2.0,35.6,3.0,2.0
13.082,80.275,2015-12-02,25.1,30.5,24.0,23.8,92.9,52.2,100,91.67,13.3,9.3,64.0,1012.1,99.5,3.9,24.1,2.0,1.0
13.082,80.275,2015-12-03,25.1,32.6,23.0,23.6,91.3,24.1,100,100.0,18.4,10.2,39.1,1011.9,95.0,3.7,44.1,3.7,2.0
13.082,80.275,2015-12-04,25.8,34.4,23.0,23.9,89.5,9.2,100,95.83,25.9,15.3,32.5,1011.8,94.5,3.4,105.3,9.1,4.0
13.082,80.275,2015-12-05,25.5,31.8,24.0,23.4,88.4,10.0,100,95.83,22.3,10.1,44.3,1012.0,89.9,4.0,95.6,8.3,5.0
13.082,80.275,2015-12-06,25.4,26.0,24.0,24.1,92.4,20.9,100,100.0,22.3,10.5,29.9,1012.6,92.0,3.0,86.2,7.4,4.0
13.082,80.275,2015-12-07,26.9,35.0,25.0,23.1,80.0,0.5,100,16.67,22.3,9.4,25.7,1012.9,75.0,4.7,184.5,15.9,7.0
13.082,80.275,2015-12-08,26.1,31.9,24.0,22.2,79.9,1.9,100,16.67,18.4,8.7,4.7,1013.6,73.8,4.9,188.1,16.3,8.0
13.082,80.275,2015-12-09,26.4,36.1,24.0,24.4,89.0,6.0,100,8.33,20.5,10.1,29.3,1013.7,94.4,4.3,94.1,8.2,4.0
13.082,80.275,2015-12-10,27.1,34.0,25.0,23.3,80.6,1.6,100,41.67,18.4,6.1,14.1,1013.7,63.3,5.6,150.5,12.9,7.0
13.082,80.275,2015-12-11,27.3,42.1,24.0,24.3,84.1,1.5,100,45.83,13.0,4.4,78.5,1012.0,45.9,5.6,143.7,12.4,6.0
13.082,80.275,2015-12-12,27.7,39.1,24.0,23.7,79.9,0.0,0,0.0,13.0,2.8,90.5,1011.5,45.4,6.1,185.0,15.9,7.0
13.082,80.275,2015-12-13,27.0,36.7,23.0,22.3,76.8,0.0,0,0.0,11.2,3.5,81.0,1011.7,33.5,7.1,215.5,18.6,8.0
13.082,80.275,2015-12-14,26.4,35.0,24.0,23.2,82.8,0.0,0,0.0,13.0,4.1,57.4,1012.5,38.2,6.1,164.7,14.4,6.0
13.082,80.275,2015-12-15,25.9,35.4,22.0,21.7,79.1,0.0,0,0.0,11.2,3.2,75.7,1012.6,33.5,5.4,195.5,16.9,7.0
13.082,80.275,2015-12-16,25.9,35.7,21.0,20.8,75.0,0.0,0,0.0,11.2,3.5,73.4,1014.0,38.0,6.4,193.7,16.8,7.0
13.082,80.275,2015-12-17,26.7,35.7,22.9,22.1,76.5,0.0,0,0.0,14.8,3.6,77.9,1013.0,37.6,6.0,173.4,15.0,7.0
13.082,80.275,2015-12-18,27.1,37.8,23.0,23.0,78.9,0.0,0,0.0,13.0,4.2,81.4,1013.5,37.7,6.0,199.5,17.3,7.0
13.082,80.275,2015-12-19,27.6,37.8,24.0,23.5,79.0,0.4,100,16.67,18.4,5.1,74.3,1015.2,35.1,6.1,194.9,16.7,8.0
13.082,80.275,2015-12-20,27.3,36.7,24.0,22.7,77.2,0.0,0,0.0,14.8,5.0,64.5,1015.4,27.3,6.3,200.1,17.3,7.0
13.082,80.275,2015-12-21,27.1,36.4,22.5,21.3,72.9,0.0,0,0.0,11.2,2.3,106.6,1013.7,26.6,6.5,215.7,18.7,8.0
13.082,80.275,2015-12-22,27.2,36.7,23.0,22.6,76.8,0.2,100,8.33,11.2,3.8,88.0,1015.4,27.6,6.1,203.0,17.5,7.0
13.082,80.275,2015-12-23,27.7,36.7,25.0,22.8,75.4,0.0,0,0.0,13.0,5.4,65.9,1015.6,36.8,5.9,200.1,17.1,7.0
13.082,80.275,2015-12-24,27.2,36.7,23.9,22.4,75.9,0.0,0,0.0,18.4,5.6,66.4,1014.7,30.8,5.5,208.1,17.8,7.0
13.082,80.275,2015-12-25,26.9,34.8,23.0,21.8,74.7,0.1,100,4.17,14.8,5.2,46.8,1014.8,38.3,5.4,213.7,18.2,8.0
13.082,80.275,2015-12-26,26.1,33.2,24.0,21.7,78.3,1.7,100,50.0,20.5,9.5,2.5,1015.2,45.9,4.8,181.1,15.7,7.0
13.082,80.275,2015-12-27,26.5,35.4,23.0,22.1,77.4,0.9,100,29.17,27.7,12.2,53.7,1016.1,55.4,4.4,200.8,17.2,7.0
13.082,80.275,2015-12-28,26.7,34.4,24.0,21.4,73.4,0.0,0,0.0,22.3,10.1,20.8,1017.9,53.0,5.4,195.8,16.9,8.0
13.082,80.275,2015-12-29,26.3,33.6,23.0,20.7,72.2,0.0,0,0.0,20.5,6.9,14.7,1016.7,39.3,6.0,216.3,18.7,8.0
13.082,80.275,2015-12-30,25.8,33.6,21.0,20.5,74.2,0.0,0,0.0,18.4,6.1,38.4,1015.5,35.8,6.1,215.2,18.6,8.0
13.082,80.275,2015-12-31,26.0,32.9,21.0,20.1,71.3,0.0,0,0.0,22.3,8.3,37.0,1017.0,40.5,5.7,209.1,18.1,8.0
13.082,80.275,2016-01-01,26.6,31.9,23.0,20.0,68.0,0.0,0,0.0,22.3,8.2,29.9,1016.9,55.2,6.0,195.0,17.0,8.0
13.082,80.275,2016-01-02,25.9,33.7,22.0,20.3,72.4,0.0,0,0.0,22.3,6.1,18.9,1016.8,35.7,5.2,215.0,18.7,8.0
13.082,80.275,2016-01-03,26.0,34.9,21.0,20.8,74.5,0.0,0,0.0,13.0,5.2,54.3,1015.6,23.5,5.5,235.5,20.3,8.0
13.082,80.275,2016-01-04,26.2,34.2,22.0,20.3,71.6,0.0,0,0.0,18.4,5.6,45.5,1015.5,28.7,5.8,239.4,20.5,8.0
13.082,80.275,2016-01-05,26.0,33.0,22.0,19.9,70.8,0.0,0,0.0,18.4,5.5,42.6,1014.8,38.8,5.8,217.4,18.7,7.0
13.082,80.275,2016-01-06,26.3,32.4,22.0,19.5,67.7,0.0,0,0.0,22.3,8.3,40.1,1014.9,34.2,5.7,199.6,17.1,7.0
13.082,80.275,2016-01-07,26.1,31.9,22.0,19.3,67.2,0.0,0,0.0,22.3,6.5,51.8,1015.5,36.1,6.1,218.6,19.0,8.0
13.082,80.275,2016-01-08,26.0,32.4,23.0,19.3,67.8,0.0,0,0.0,18.4,6.6,21.6,1015.6,37.6,5.8,214.6,18.5,7.0
13.082,80.275,2016-01-09,25.3,30.8,21.8,19.1,70.0,0.0,0,0.0,14.8,5.3,58.2,1013.7,32.7,5.7,224.1,19.4,8.0
13.082,80.275,2016-01-10,25.0,30.4,20.0,18.1,67.6,0.0,0,0.0,13.0,4.0,67.2,1014.8,27.1,6.1,232.3,20.1,8.0
13.082,80.275,2016-01-11,25.1,32.4,21.0,18.5,68.4,0.0,0,0.0,14.8,5.0,63.3,1015.1,28.5,6.2,231.5,19.9,8.0
13.082,80.275,2016-01-12,25.0,30.8,21.0,18.3,68.2,0.0,0,0.0,14.8,4.8,56.4,1013.5,25.3,5.4,234.4,20.2,8.0
13.082,80.275,2016-01-13,25.1,31.9,20.0,18.6,69.3,0.0,0,0.0,18.4,5.8,74.3,1012.8,30.5,5.2,222.5,19.2,7.0
13.082,80.275,2016-01-14,25.2,31.9,21.0,18.2,66.9,0.0,0,0.0,18.4,7.7,54.3,1013.0,25.2,4.6,235.9,20.2,8.0
13.082,80.275,2016-01-15,25.5,32.4,20.0,18.1,64.8,0.0,0,0.0,16.6,5.5,65.7,1012.4,32.5,6.0,199.0,17.1,7.0
13.082,80.275,2016-01-16,24.9,31.9,20.0,17.8,66.8,0.0,0,0.0,14.8,4.8,54.3,1011.8,21.7,5.9,234.5,20.1,8.0
13.082,80.275,2016-01-17,24.8,31.3,21.0,18.6,70.1,0.0,0,0.0,11.2,4.1,58.4,1011.7,31.7,5.9,227.3,19.5,8.0
13.082,80.275,2016-01-18,26.1,33.0,22.0,19.7,69.2,0.0,0,0.0,18.4,6.2,84.0,1010.9,38.1,6.2,189.2,16.2,6.0
13.082,80.275,2016-01-19,27.2,34.6,23.0,21.0,69.6,0.0,0,0.0,14.8,6.3,98.4,1010.9,48.3,5.9,193.9,16.7,7.0
13.082,80.275,2016-01-20,27.5,34.1,25.0,22.3,73.3,0.0,0,0.0,13.0,5.3,80.7,1011.7,66.4,5.1,71.0,6.1,3.0
13.082,80.275,2016-01-21,28.0,35.8,25.6,21.8,70.2,0.0,0,0.0,14.8,6.4,63.7,1012.6,50.8,5.0,143.5,12.3,6.0
13.082,80.275,2016-01-22,26.9,35.8,24.0,22.8,78.6,0.0,0,0.0,14.8,7.3,45.9,1013.4,58.6,4.4,164.5,14.1,7.0
13.082,80.275,2016-01-23,27.0,34.1,25.0,22.3,76.2,1.0,100,4.17,22.3,12.0,39.2,1014.3,75.0,5.2,185.2,16.0,7.0
13.082,80.275,2016-01-24,27.1,33.3,25.0,22.0,73.9,0.0,0,0.0,22.3,12.8,54.4,1014.7,61.0,5.7,198.9,17.2,7.0
13.082,80.275,2016-01-25,26.6,34.6,23.0,20.8,71.5,0.0,0,0.0,18.4,6.3,72.3,1013.6,45.1,5.8,216.4,18.8,8.0
13.082,80.275,2016-01-26,26.3,33.7,22.0,20.6,71.7,0.0,0,0.0,14.8,4.9,84.7,1013.1,30.8,5.1,218.1,18.8,8.0
13.082,80.275,2016-01-27,26.5,33.7,22.0,20.1,69.2,0.0,0,0.0,14.8,4.7,88.2,1012.9,29.7,5.0,244.6,21.2,8.0
13.082,80.275,2016-01-28,26.4,35.8,22.0,20.7,72.3,0.0,0,0.0,11.2,4.9,113.2,1013.1,25.4,5.3,251.0,21.7,9.0
13.082,80.275,2016-01-29,26.2,34.9,22.0,20.9,74.3,0.0,0,0.0,13.0,4.2,82.9,1014.0,23.3,5.8,242.6,21.1,9.0
13.082,80.275,2016-01-30,26.2,36.1,22.0,21.0,75.1,0.0,0,0.0,18.4,4.5,55.2,1013.8,32.5,5.3,238.5,20.6,9.0
13.082,80.275,2016-01-31,26.3,34.2,22.8,20.4,72.6,0.0,0,0.0,11.2,5.2,74.7,1013.4,32.6,5.3,233.7,20.2,8.0
13.082,80.275,2016-02-01,26.0,33.8,21.0,20.2,72.9,0.0,0,0.0,18.4,4.3,64.8,1013.3,33.6,5.3,250.6,21.6,9.0
13.082,80.275,2016-02-02,25.9,32.0,20.0,19.4,71.6,0.0,0,0.0,9.4,3.3,100.2,1013.7,14.0,5.7,252.4,21.7,9.0
13.082,80.275,2016-02-03,26.1,32.9,22.0,20.1,72.8,0.0,0,0.0,11.2,3.1,82.2,1012.9,24.9,5.8,242.2,20.8,9.0
13.082,80.275,2016-02-04,26.4,32.7,22.0,20.6,73.0,0.0,0,0.0,11.2,5.0,79.8,1013.1,21.2,5.7,253.5,21.8,9.0
13.082,80.275,2016-02-05,27.2,34.2,23.0,20.6,69.7,0.0,0,0.0,16.6,6.7,89.9,1012.8,44.2,5.5,244.2,21.0,9.0
13.082,80.275,2016-02-06,26.0,32.6,23.0,20.9,74.4,0.0,0,0.0,14.8,5.4,73.7,1011.4,42.1,5.4,208.5,18.1,8.0
13.082,80.275,2016-02-07,27.3,36.8,23.0,21.5,71.5,0.0,0,0.0,14.8,7.1,72.3,1012.8,51.5,5.6,231.2,20.1,8.0
13.082,80.275,2016-02-08,27.0,35.8,24.0,21.6,73.6,0.0,0,0.0,18.4,5.6,71.4,1012.3,35.0,5.4,244.1,21.2,9.0
13.082,80.275,2016-02-09,26.2,33.8,23.0,21.2,75.8,0.0,0,0.0,14.8,5.2,84.6,1012.3,25.3,5.2,258.7,22.2,9.0
13.082,80.275,2016-02-10,27.2,34.3,22.0,20.9,71.9,0.0,0,0.0,18.4,6.9,122.0,1011.7,20.7,5.5,255.8,22.1,9.0
13.082,80.275,2016-02-11,27.4,33.5,23.0,19.9,66.3,0.0,0,0.0,18.4,7.1,165.0,1011.2,27.0,5.9,252.1,21.8,9.0
13.082,80.275,2016-02-12,26.9,34.2,23.0,20.8,71.2,0.0,0,0.0,13.0,6.4,133.8,1011.1,29.1,5.9,245.0,21.3,8.0
13.082,80.275,2016-02-13,27.1,34.0,23.0,21.6,73.4,0.0,0,0.0,13.0,5.6,109.9,1011.8,38.7,5.3,250.0,21.6,9.0
13.082,80.275,2016-02-14,26.3,32.3,23.0,20.7,72.9,0.0,0,0.0,16.6,6.0,108.7,1012.2,38.0,5.8,251.9,22.0,9.0
13.082,80.275,2016-02-15,26.8,34.3,22.7,21.4,73.3,0.0,0,0.0,18.4,7.9,78.2,1013.4,37.9,5.2,201.8,17.3,7.0
13.082,80.275,2016-02-16,27.1,34.9,23.0,21.6,73.7,0.0,0,0.0,20.5,7.0,59.2,1013.8,36.8,5.6,253.1,21.9,9.0
13.082,80.275,2016-02-17,27.8,34.9,24.0,22.0,71.7,0.0,0,0.0,18.4,9.0,56.6,1013.6,41.3,5.8,172.0,14.9,6.0
13.082,80.275,2016-02-18,28.0,34.6,24.0,21.6,70.0,0.0,0,0.0,22.3,8.3,62.1,1013.7,31.8,6.0,256.1,22.2,9.0
13.082,80.275,2016-02-19,27.6,34.9,24.0,22.6,75.4,0.0,0,0.0,16.4,6.5,69.9,1014.4,31.2,5.9,263.2,22.7,9.0
13.082,80.275,2016-02-20,28.3,39.3,24.0,23.6,76.8,0.0,0,0.0,18.4,7.3,105.6,1014.0,29.7,5.6,265.0,22.9,9.0
13.082,80.275,2016-02-21,28.6,38.1,25.5,23.7,75.9,0.0,0,0.0,18.4,7.7,134.0,1012.7,28.6,5.8,257.5,22.2,9.0
13.082,80.275,2016-02-22,28.1,37.0,25.0,22.9,74.6,0.0,0,0.0,22.3,8.6,152.1,1013.2,27.3,6.2,265.2,23.1,9.0
13.082,80.275,2016-02-23,27.8,34.9,23.6,21.0,67.9,0.0,0,0.0,18.4,8.1,148.8,1012.7,25.9,6.2,263.8,22.7,9.0
13.082,80.275,2016-02-24,28.0,34.2,23.0,20.8,66.5,0.0,0,0.0,18.5,10.6,150.5,1011.6,22.5,6.9,271.3,23.4,9.0
13.082,80.275,2016-02-25,28.4,38.7,24.0,23.0,73.5,0.0,0,0.0,20.5,10.2,133.8,1012.0,32.2,6.6,218.8,18.9,7.0
13.082,80.275,2016-02-26,28.8,36.8,26.7,23.1,71.8,0.0,0,0.0,24.1,12.2,111.0,1013.7,39.7,6.7,225.9,19.4,8.0
13.082,80.275,2016-02-27,28.3,37.1,24.0,23.2,74.5,0.0,0,0.0,18.4,8.7,83.5,1014.6,43.0,6.4,210.5,18.3,7.0
13.082,80.275,2016-02-28,28.9,37.7,26.0,23.8,74.7,0.0,0,0.0,22.3,11.3,83.9,1015.4,44.3,6.8,233.0,20.1,9.0
13.082,80.275,2016-02-29,28.6,36.8,25.0,22.8,71.6,0.0,0,0.0,18.4,8.1,81.8,1015.3,50.5,6.3,208.2,17.9,8.0
13.082,80.275,2016-03-01,28.7,37.7,25.0,23.0,72.2,0.0,0,0.0,18.4,8.3,89.6,1013.6,41.4,6.0,235.6,20.3,8.0
13.082,80.275,2016-03-02,28.5,36.4,25.0,22.6,71.2,0.0,0,0.0,16.6,7.4,82.8,1013.6,39.0,6.3,231.6,20.0,8.0
13.082,80.275,2016-03-03,28.4,35.8,25.0,21.6,67.9,0.0,0,0.0,22.3,7.5,76.3,1014.2,39.1,6.3,255.0,21.9,9.0
13.082,80.275,2016-03-04,27.8,37.1,24.0,22.3,73.2,0.0,0,0.0,18.4,7.2,74.6,1012.9,41.3,6.4,251.1,21.7,9.0
13.082,80.275,2016-03-05,28.6,38.1,24.0,22.5,71.0,0.0,0,0.0,18.4,7.9,102.1,1011.7,35.0,6.1,257.5,22.3,9.0
13.082,80.275,2016-03-06,28.2,36.8,24.0,22.4,72.0,0.0,0,0.0,18.4,7.6,109.8,1011.6,26.8,5.6,266.8,23.0,9.0
13.082,80.275,2016-03-07,28.9,38.1,24.0,22.1,67.8,0.0,0,0.0,14.8,6.2,107.4,1011.1,42.8,5.8,258.1,22.3,9.0
13.082,80.275,2016-03-08,29.1,38.1,24.0,22.0,66.3,0.0,0,0.0,14.8,6.0,102.4,1010.6,33.6,5.6,257.9,22.2,9.0
13.082,80.275,2016-03-09,28.6,38.1,24.0,22.2,69.0,0.0,0,0.0,16.6,5.9,115.2,1010.7,35.8,5.7,266.1,22.8,9.0
13.082,80.275,2016-03-10,29.6,40.6,25.9,23.5,70.1,0.0,0,0.0,13.0,5.5,111.0,1011.5,35.0,6.0,232.8,20.1,8.0
13.082,80.275,2016-03-11,29.6,42.0,25.0,23.6,71.3,0.0,0,0.0,18.4,6.1,122.0,1011.7,32.9,6.1,270.6,23.2,9.0
13.082,80.275,2016-03-12,29.8,43.5,26.0,24.2,72.9,0.0,0,0.0,20.5,8.1,136.1,1011.0,50.3,6.4,263.3,22.6,9.0
13.082,80.275,2016-03-13,29.6,44.9,26.0,24.4,74.1,0.0,0,0.0,18.4,9.6,154.2,1010.8,60.4,6.4,261.0,22.4,8.0
13.082,80.275,2016-03-14,29.5,41.5,26.0,24.0,73.2,0.0,0,0.0,22.3,10.4,151.1,1011.1,51.7,6.3,262.8,22.7,9.0
13.082,80.275,2016-03-15,29.5,40.6,26.0,23.6,71.5,0.0,0,0.0,22.3,9.5,140.6,1010.9,33.0,6.5,261.3,22.4,9.0
13.082,80.275,2016-03-16,29.7,42.0,26.0,24.2,73.0,0.0,0,0.0,18.4,8.6,133.6,1010.2,42.9,6.1,256.3,22.3,9.0
13.082,80.275,2016-03-17,29.6,42.7,30.6,24.8,76.0,0.0,0,0.0,18.4,8.8,131.1,1010.7,39.2,6.4,220.9,18.9,8.0
13.082,80.275,2016-03-18,29.4,40.3,29.6,23.5,71.4,0.0,0,0.0,18.6,6.8,136.1,1010.5,24.5,6.4,282.8,24.5,10.0
13.082,80.275,2016-03-19,29.8,40.6,25.0,22.5,67.9,0.0,0,0.0,18.4,7.9,166.9,1009.9,10.3,6.5,292.1,25.1,10.0
13.082,80.275,2016-03-20,30.5,46.3,26.0,24.2,71.0,0.0,0,0.0,18.4,8.9,171.4,1009.9,8.7,6.9,285.5,24.8,10.0
13.082,80.275,2016-03-21,31.4,43.2,26.0,23.5,66.3,0.0,0,0.0,13.0,8.0,181.4,1008.8,18.2,6.5,295.9,25.6,10.0
13.082,80.275,2016-03-22,31.5,45.7,31.6,24.5,68.9,0.0,0,0.0,18.4,11.4,168.6,1007.2,39.1,6.4,271.7,23.4,10.0
13.082,80.275,2016-03-23,30.9,46.0,32.3,25.3,73.3,0.0,0,0.0,18.4,13.0,164.0,1008.6,19.9,6.1,284.1,24.4,10.0
13.082,80.275,2016-03-24,30.3,43.5,31.8,25.1,74.4,0.0,0,0.0,16.6,9.5,139.7,1010.9,33.2,6.4,290.5,25.2,10.0
13.082,80.275,2016-03-25,29.3,40.6,25.0,23.7,72.9,0.0,0,0.0,18.4,9.3,146.5,1012.8,25.1,6.4,295.8,25.6,10.0
13.082,80.275,2016-03-26,29.2,38.1,25.0,23.1,70.7,0.0,0,0.0,16.6,9.3,150.2,1012.0,25.9,6.6,294.9,25.5,10.0
13.082,80.275,2016-03-27,29.0,37.0,24.0,22.2,68.2,0.0,0,0.0,18.4,8.6,144.8,1011.7,20.4,6.3,285.2,24.8,9.0
13.082,80.275,2016-03-28,29.0,39.3,24.0,22.8,70.0,0.0,0,0.0,18.4,7.7,106.8,1011.9,31.4,6.3,272.8,23.6,9.0
13.082,80.275,2016-03-29,30.4,42.0,26.0,24.9,73.7,0.0,0,0.0,22.3,9.0,127.7,1012.0,37.2,6.3,251.6,21.9,9.0
13.082,80.275,2016-03-30,30.2,39.9,26.0,24.0,70.8,0.0,0,0.0,18.4,10.1,138.1,1011.8,29.6,6.9,273.3,23.9,10.0
13.082,80.275,2016-03-31,30.0,40.9,26.0,24.3,72.3,0.0,0,0.0,18.4,11.2,138.7,1010.7,32.8,6.9,277.1,23.8,9.0
13.082,80.275,2016-04-01,30.2,40.6,30.6,24.1,71.3,0.0,0,0.0,24.1,10.1,146.1,1008.8,26.1,6.6,282.0,24.4,10.0
13.082,80.275,2016-04-02,30.4,42.1,30.6,24.5,72.1,0.0,0,0.0,18.4,9.2,139.5,1009.2,25.4,6.6,290.2,25.0,10.0
13.082,80.275,2016-04-03,30.6,43.3,30.6,24.6,71.8,0.0,0,0.0,20.5,10.0,158.7,1010.2,32.9,6.8,287.9,25.0,10.0
13.082,80.275,2016-04-04,30.6,43.2,30.6,24.6,71.7,0.0,0,0.0,18.4,9.2,164.8,1009.1,23.0,6.9,294.4,25.5,10.0
13.082,80.275,2016-04-05,30.6,40.7,30.1,23.8,69.0,0.0,0,0.0,18.4,10.4,163.9,1008.5,22.1,6.8,301.1,26.0,10.0
13.082,80.275,2016-04-06,30.3,44.9,26.0,25.1,74.6,0.0,0,0.0,18.4,9.9,137.0,1009.3,27.3,6.8,258.5,22.3,9.0
13.082,80.275,2016-04-07,30.9,43.3,33.6,25.7,75.0,0.0,0,0.0,24.1,10.9,136.6,1008.8,35.3,6.6,252.5,21.9,9.0
13.082,80.275,2016-04-08,31.0,44.9,34.5,25.5,73.1,0.0,0,0.0,22.3,11.6,137.6,1008.9,38.7,6.9,239.6,20.4,8.0
13.082,80.275,2016-04-09,30.6,41.1,32.1,24.5,71.0,0.0,0,0.0,22.3,9.3,126.9,1009.5,40.9,6.8,276.0,23.9,10.0
13.082,80.275,2016-04-10,30.4,41.9,30.6,24.2,71.1,0.0,0,0.0,20.5,8.3,141.3,1010.5,21.1,6.7,295.8,25.5,10.0
13.082,80.275,2016-04-11,30.4,44.7,26.0,24.3,72.0,0.0,0,0.0,18.4,9.1,147.5,1009.2,32.6,6.8,296.9,25.6,10.0
13.082,80.275,2016-04-12,31.2,45.3,31.2,26.0,75.0,0.0,0,0.0,22.3,11.8,151.4,1007.6,31.8,6.7,282.6,24.5,9.0
13.082,80.275,2016-04-13,32.3,51.5,35.6,26.4,72.5,0.0,0,0.0,18.4,12.9,162.9,1005.5,22.7,6.6,301.3,26.2,10.0
13.082,80.275,2016-04-14,32.4,46.8,37.4,25.9,70.2,0.0,0,0.0,20.3,13.6,164.3,1005.9,23.2,6.3,293.0,25.4,10.0
13.082,80.275,2016-04-15,32.0,43.3,36.8,25.7,71.0,0.0,0,0.0,18.4,12.7,146.6,1008.0,27.2,6.7,269.4,23.2,9.0
13.082,80.275,2016-04-16,31.6,44.7,35.3,25.7,71.8,0.0,0,0.0,22.3,11.9,161.1,1007.6,23.5,6.8,275.3,23.8,9.0
13.082,80.275,2016-04-17,31.5,43.3,35.0,25.8,72.6,0.0,0,0.0,20.5,12.6,155.7,1007.1,34.3,6.9,278.5,24.0,10.0
13.082,80.275,2016-04-18,31.3,43.3,35.4,25.5,72.5,0.0,0,0.0,22.3,12.8,140.0,1007.7,45.8,6.8,267.2,23.0,9.0
13.082,80.275,2016-04-19,31.1,42.1,34.8,25.1,71.2,0.0,0,0.0,24.1,12.4,142.4,1008.4,35.7,7.1,233.8,20.2,8.0
13.082,80.275,2016-04-20,31.5,44.7,32.7,25.3,70.8,0.0,0,0.0,24.1,11.3,148.7,1009.2,32.8,7.1,273.0,23.7,9.0
13.082,80.275,2016-04-21,32.3,46.0,35.6,25.9,70.5,0.0,0,0.0,22.3,13.8,169.1,1007.7,26.9,6.9,300.8,26.0,10.0
13.082,80.275,2016-04-22,33.4,50.3,36.8,25.5,66.2,0.0,0,0.0,24.1,15.6,173.7,1006.2,22.6,6.8,305.6,26.4,10.0
13.082,80.275,2016-04-23,33.5,49.5,36.0,25.4,64.0,0.0,0,0.0,22.3,15.1,175.5,1004.6,23.2,6.5,291.0,25.1,10.0
13.082,80.275,2016-04-24,33.0,52.9,37.4,26.7,70.5,0.0,0,0.0,24.2,15.9,160.0,1003.5,29.5,6.3,297.2,25.5,10.0
13.082,80.275,2016-04-25,32.9,46.0,38.0,25.3,65.9,0.0,0,0.0,22.3,16.4,161.8,1005.3,32.5,6.9,298.0,25.8,10.0
13.082,80.275,2016-04-26,31.9,44.9,36.4,25.7,70.7,0.0,0,0.0,22.3,13.0,150.8,1007.9,37.0,6.5,275.5,23.9,9.0
13.082,80.275,2016-04-27,31.5,44.9,35.3,25.8,72.6,0.0,0,0.0,20.5,11.4,156.1,1007.7,37.1,6.9,253.3,22.0,9.0
13.082,80.275,2016-04-28,31.9,46.0,34.5,25.3,70.2,0.0,0,0.0,18.4,10.8,171.6,1007.3,29.4,6.7,289.5,25.1,10.0
13.082,80.275,2016-04-29,31.9,46.0,33.6,25.6,70.9,0.0,0,0.0,22.3,11.4,164.8,1007.7,26.3,7.0,291.9,25.2,10.0
13.082,80.275,2016-04-30,31.5,44.7,33.6,25.4,71.7,0.0,0,0.0,22.3,11.1,160.4,1007.9,27.0,6.7,292.7,25.3,10.0
13.082,80.275,2016-05-01,32.2,45.8,32.8,24.6,67.6,0.0,0,0.0,22.3,12.6,160.4,1007.1,24.4,6.8,288.0,24.8,10.0
13.082,80.275,2016-05-02,32.1,44.5,32.7,24.9,67.9,0.0,0,0.0,24.1,13.7,166.3,1006.9,22.7,6.8,301.9,26.2,10.0
13.082,80.275,2016-05-03,32.4,46.0,35.6,25.9,70.3,0.0,0,0.0,22.3,13.6,164.9,1006.8,32.4,7.3,293.9,25.7,10.0
13.082,80.275,2016-05-04,32.4,46.0,37.2,25.8,69.7,0.0,0,0.0,22.3,12.0,149.4,1007.3,32.3,6.9,278.7,24.2,9.0
13.082,80.275,2016-05-05,31.9,44.7,35.6,25.6,70.7,0.0,0,0.0,22.3,10.0,146.9,1007.8,36.7,6.8,284.6,24.7,10.0
13.082,80.275,2016-05-06,31.9,44.0,35.6,25.0,68.6,0.0,0,0.0,18.4,8.2,145.1,1007.8,46.0,6.8,256.8,22.4,9.0
13.082,80.275,2016-05-07,31.8,44.4,34.5,24.9,67.6,0.0,0,0.0,20.5,12.1,138.7,1007.4,51.2,6.6,265.2,22.8,8.0
13.082,80.275,2016-05-08,32.1,44.7,35.1,25.3,68.4,0.0,0,0.0,20.4,9.5,141.4,1008.2,28.9,6.8,275.4,24.0,10.0
13.082,80.275,2016-05-09,32.1,44.8,37.0,25.9,70.3,0.0,0,0.0,18.4,9.5,137.8,1007.8,49.3,6.7,272.9,23.6,9.0
13.082,80.275,2016-05-10,32.4,46.0,37.4,25.9,69.5,0.0,0,0.0,22.3,9.2,124.0,1007.9,46.8,6.8,255.6,22.1,9.0
13.082,80.275,2016-05-11,32.1,43.5,36.7,25.9,70.5,0.0,0,0.0,20.5,7.3,140.4,1007.1,60.8,6.5,244.9,21.1,8.0
13.082,80.275,2016-05-12,32.6,43.4,34.1,24.4,63.8,0.0,0,0.0,22.3,12.0,160.2,1005.3,42.0,6.7,270.6,23.4,10.0
13.082,80.275,2016-05-13,32.4,45.2,35.4,24.9,65.9,0.0,0,0.0,22.3,12.0,150.7,1005.2,38.1,6.9,294.6,25.4,9.0
13.082,80.275,2016-05-14,32.2,43.9,35.6,25.3,68.3,0.0,0,0.0,24.1,11.2,144.8,1006.5,31.4,7.0,291.1,25.3,9.0
13.082,80.275,2016-05-15,32.5,42.7,37.2,25.0,66.1,0.0,0,0.0,18.4,8.4,94.5,1006.8,40.6,7.6,273.7,23.6,9.0
13.082,80.275,2016-05-16,31.0,42.0,31.2,25.7,74.1,2.488,100,12.5,18.4,9.4,61.2,1004.4,83.0,5.7,149.6,13.0,5.0
13.082,80.275,2016-05-17,26.1,31.2,25.0,25.3,95.4,165.76,100,33.33,18.4,8.8,317.2,1001.1,99.8,2.9,36.8,3.2,2.0
13.082,80.275,2016-05-18,25.9,31.2,25.0,25.0,94.8,135.272,100,33.33,27.7,14.0,264.3,998.2,100.0,3.1,36.0,3.1,1.0
13.082,80.275,2016-05-19,28.4,37.9,25.0,23.0,73.7,11.16,100,4.17,22.3,15.9,230.2,1000.4,90.5,5.2,109.8,9.4,6.0
13.082,80.275,2016-05-20,30.4,42.5,26.0,23.2,66.2,0.0,0,0.0,18.4,13.3,225.9,1001.2,68.8,6.7,207.5,18.0,8.0
13.082,80.275,2016-05-21,32.8,46.7,33.6,24.8,64.3,0.0,0,0.0,18.4,10.6,209.4,1002.8,43.2,6.6,265.0,23.1,9.0
13.082,80.275,2016-05-22,33.7,44.7,35.1,24.0,59.7,0.0,0,0.0,18.4,10.9,211.5,1003.8,34.6,6.7,294.4,25.4,10.0
13.082,80.275,2016-05-23,33.7,46.8,36.2,24.5,61.1,0.0,0,0.0,22.3,12.4,226.2,1004.2,26.6,7.0,290.4,24.9,10.0
13.082,80.275,2016-05-24,34.0,46.0,36.8,24.5,60.8,0.0,0,0.0,22.3,14.0,209.0,1004.1,23.9,6.9,295.3,25.4,10.0
13.082,80.275,2016-05-25,34.5,46.3,36.9,24.4,59.0,0.0,0,0.0,22.3,12.4,221.8,1003.4,22.8,7.4,290.2,25.2,10.0
13.082,80.275,2016-05-26,34.0,46.9,35.5,24.4,59.2,0.0,0,0.0,22.3,11.6,207.2,1003.7,32.5,7.3,295.3,25.4,10.0
13.082,80.275,2016-05-27,32.7,46.0,34.1,25.5,67.3,0.0,0,0.0,18.6,11.9,187.4,1005.0,48.7,6.4,259.1,22.3,9.0
13.082,80.275,2016-05-28,32.7,45.8,30.8,23.3,58.8,0.0,0,0.0,20.5,12.3,222.8,1005.0,33.5,6.8,293.5,25.4,9.0
13.082,80.275,2016-05-29,32.5,42.1,32.0,22.6,56.8,0.0,0,0.0,18.4,9.7,237.3,1004.7,48.2,7.0,278.8,23.9,9.0
13.082,80.275,2016-05-30,32.9,44.5,35.6,24.7,64.2,0.0,0,0.0,18.4,11.1,199.8,1004.0,52.6,6.9,285.3,24.6,9.0
13.082,80.275,2016-05-31,32.7,43.9,33.6,24.6,63.4,0.0,0,0.0,18.4,10.5,180.2,1004.9,44.4,6.8,290.4,25.1,9.0
13.082,80.275,2016-06-01,32.7,46.7,33.3,24.1,61.6,0.0,0,0.0,18.4,10.7,226.4,1005.1,39.3,6.8,283.0,24.4,9.0
13.082,80.275,2016-06-02,31.5,44.7,31.3,23.9,64.8,0.0,0,0.0,16.6,10.1,210.5,1004.8,49.2,6.6,262.1,22.7,9.0
13.082,80.275,2016-06-03,31.8,46.0,32.7,25.0,68.6,0.0,0,0.0,18.4,9.2,208.7,1004.2,51.8,6.4,261.1,22.4,8.0
13.082,80.275,2016-06-04,31.2,41.5,33.6,24.7,69.2,0.0,0,0.0,18.4,10.7,250.0,1003.9,47.3,6.7,188.1,16.2,7.0
13.082,80.275,2016-06-05,31.6,43.5,31.9,24.8,68.5,0.0,0,0.0,18.4,9.4,187.1,1004.6,47.7,6.6,243.4,21.1,8.0
13.082,80.275,2016-06-06,30.9,43.5,26.0,24.8,71.1,0.0,0,0.0,21.4,10.5,193.7,1004.7,67.2,6.5,169.4,14.7,6.0
13.082,80.275,2016-06-07,29.6,44.8,24.0,25.3,79.2,60.784,100,16.67,18.4,8.6,193.9,1004.9,76.2,5.9,181.3,15.7,6.0
13.082,80.275,2016-06-08,29.0,45.3,30.2,25.8,83.5,46.432,100,8.33,18.4,6.4,215.0,1004.6,77.8,5.4,163.0,14.1,6.0
13.082,80.275,2016-06-09,30.7,42.3,30.1,25.1,73.4,0.0,0,0.0,18.4,9.3,204.6,1004.9,49.5,6.7,194.4,16.9,7.0
13.082,80.275,2016-06-10,31.8,43.5,32.7,24.9,68.3,0.0,0,0.0,18.4,11.4,195.8,1005.1,44.4,7.0,255.8,22.1,9.0
13.082,80.275,2016-06-11,32.3,44.6,31.3,23.9,62.6,0.0,0,0.0,20.5,11.5,219.3,1005.1,42.3,6.9,271.3,23.5,9.0
13.082,80.275,2016-06-12,32.3,42.3,32.0,23.3,60.3,0.0,0,0.0,20.5,13.0,229.9,1005.2,43.2,7.0,277.9,24.0,9.0
13.082,80.275,2016-06-13,33.1,43.9,33.3,23.4,58.2,0.0,0,0.0,22.3,11.8,241.8,1005.4,42.8,6.9,235.3,20.3,8.0
13.082,80.275,2016-06-14,33.2,43.2,31.4,22.4,53.7,0.0,0,0.0,20.5,12.1,247.5,1004.5,43.3,6.9,258.0,22.4,9.0
13.082,80.275,2016-06-15,33.0,40.6,30.8,20.9,49.9,0.0,0,0.0,24.1,15.2,248.0,1003.1,42.4,6.7,204.8,17.7,8.0
13.082,80.275,2016-06-16,32.5,42.2,31.9,22.5,56.3,0.0,0,0.0,24.1,12.7,237.1,1002.1,51.8,6.9,263.8,23.0,9.0
13.082,80.275,2016-06-17,32.2,40.7,32.6,23.2,59.8,0.0,0,0.0,22.3,11.1,230.4,1001.7,40.4,6.8,216.5,18.8,8.0
13.082,80.275,2016-06-18,31.3,39.9,32.0,23.4,63.3,0.0,0,0.0,14.8,8.9,218.5,1002.4,63.3,6.6,193.2,16.7,7.0
13.082,80.275,2016-06-19,30.7,42.0,29.6,24.1,68.9,0.0,0,0.0,18.4,10.2,192.2,1002.6,73.0,6.6,260.8,22.6,9.0
13.082,80.275,2016-06-20,29.5,40.6,24.9,24.5,75.3,9.512,100,4.17,18.4,8.1,198.7,1002.9,58.1,6.1,178.8,15.5,7.0
13.082,80.275,2016-06-21,29.3,42.0,26.0,24.2,75.1,0.0,0,0.0,18.4,7.3,241.1,1003.1,46.7,6.7,192.4,16.5,8.0
13.082,80.275,2016-06-22,29.3,40.6,26.0,24.6,76.3,2.744,100,4.17,18.4,8.4,242.6,1004.3,68.3,6.5,170.9,14.8,8.0
13.082,80.275,2016-06-23,28.6,38.0,26.0,23.9,76.3,0.074,100,4.17,22.3,13.5,233.3,1004.1,85.2,5.7,134.2,11.7,5.0
13.082,80.275,2016-06-24,30.4,39.4,28.8,22.6,63.8,0.0,0,0.0,18.4,9.7,236.8,1003.0,70.9,6.5,105.2,8.9,5.0
13.082,80.275,2016-06-25,28.7,35.1,26.0,23.2,72.3,0.451,100,4.17,18.4,11.1,238.1,1004.0,81.4,5.8,177.6,15.4,7.0
13.082,80.275,2016-06-26,28.2,38.4,24.6,23.0,74.8,6.173,100,12.5,21.4,10.1,236.1,1004.4,91.5,5.5,122.1,10.4,5.0
13.082,80.275,2016-06-27,28.3,40.3,25.0,23.8,77.7,22.184,100,8.33,20.5,6.9,235.9,1002.8,87.3,6.3,153.2,13.1,5.0
13.082,80.275,2016-06-28,28.3,40.6,24.0,23.9,78.3,21.792,100,8.33,18.4,7.6,227.1,1003.1,85.3,5.6,69.8,6.1,2.0
13.082,80.275,2016-06-29,27.3,36.5,25.0,24.1,83.1,9.72,100,12.5,18.4,10.0,219.2,1003.8,97.0,4.8,104.4,9.0,5.0
13.082,80.275,2016-06-30,29.9,39.5,29.2,23.0,66.9,0.0,0,0.0,22.3,13.3,214.7,1003.2,82.8,6.5,186.6,16.3,7.0
13.082,80.275,2016-07-01,31.3,43.3,29.2,22.9,61.9,0.0,0,0.0,22.3,12.6,227.9,1002.6,64.1,6.9,196.4,17.2,7.0
13.082,80.275,2016-07-02,31.2,41.9,31.4,23.3,63.5,0.102,100,4.17,22.3,13.8,222.4,1002.9,55.6,6.1,201.3,17.5,8.0
13.082,80.275,2016-07-03,30.9,42.2,30.7,23.9,67.2,2.232,100,4.17,16.6,9.6,209.2,1004.2,49.8,6.6,187.2,16.3,7.0
13.082,80.275,2016-07-04,31.6,43.2,32.7,24.6,67.5,0.0,0,0.0,16.6,8.8,208.7,1004.7,47.5,6.9,172.4,15.1,8.0
13.082,80.275,2016-07-05,31.2,43.4,32.7,24.4,68.4,0.0,0,0.0,18.4,8.3,219.1,1004.5,68.7,6.6,158.5,13.7,6.0
13.082,80.275,2016-07-06,31.1,44.0,25.7,24.4,69.4,15.0,100,4.17,18.4,11.1,235.4,1004.2,59.7,6.2,195.3,17.0,7.0
13.082,80.275,2016-07-07,29.6,41.2,25.0,24.2,74.2,21.136,100,8.33,14.8,7.7,227.8,1004.2,91.7,5.9,139.7,12.1,5.0
13.082,80.275,2016-07-08,30.7,41.9,26.3,23.8,68.4,4.464,100,4.17,24.1,11.9,225.0,1003.2,66.2,6.5,209.8,17.9,8.0
13.082,80.275,2016-07-09,31.7,42.2,30.7,22.1,57.4,0.0,0,0.0,27.7,15.0,230.1,1002.9,54.7,7.0,213.6,18.5,7.0
13.082,80.275,2016-07-10,32.0,40.9,30.7,21.8,55.4,0.0,0,0.0,20.4,13.7,242.9,1002.5,51.6,6.9,198.7,17.1,6.0
13.082,80.275,2016-07-11,32.3,41.0,30.8,20.9,51.6,0.0,0,0.0,24.1,15.0,243.7,1002.4,45.6,6.9,225.2,19.5,9.0
13.082,80.275,2016-07-12,32.7,42.4,29.7,20.9,50.8,0.0,0,0.0,27.7,13.5,246.4,1003.7,55.7,6.6,214.6,18.6,8.0
13.082,80.275,2016-07-13,31.8,44.8,30.1,22.7,59.5,0.0,0,0.0,22.3,11.8,237.7,1004.3,44.3,6.8,0.0,0.0,0.0
13.082,80.275,2016-07-14,31.9,43.0,31.4,23.4,62.0,0.744,100,4.17,18.4,11.1,206.0,1003.8,40.4,6.4,269.9,23.2,9.0
13.082,80.275,2016-07-15,31.0,42.8,31.9,24.5,69.1,0.0,0,0.0,18.4,8.8,206.4,1004.4,45.4,6.2,243.4,20.9,8.0
13.082,80.275,2016-07-16,30.5,43.9,29.6,23.4,66.5,0.0,0,0.0,18.4,11.1,199.3,1005.9,45.4,6.9,266.4,23.0,9.0
13.082,80.275,2016-07-17,30.0,42.8,26.0,24.5,73.1,0.0,0,0.0,18.4,6.6,174.4,1007.6,53.9,5.5,226.8,19.5,8.0
13.082,80.275,2016-07-18,29.8,42.0,24.6,24.1,73.0,36.786,100,12.5,16.6,10.1,228.5,1006.9,65.5,6.2,225.1,19.4,9.0
13.082,80.275,2016-07-19,28.1,37.0,25.0,24.0,79.6,5.098,100,12.5,20.5,7.8,259.4,1006.8,84.5,5.6,83.5,7.3,4.0
13.082,80.275,2016-07-20,29.2,38.1,24.0,23.8,74.0,4.694,100,4.17,18.4,7.2,247.2,1005.4,86.4,6.0,139.3,12.0,6.0
13.082,80.275,2016-07-21,29.4,37.2,29.4,22.9,68.4,0.595,100,4.17,18.4,9.8,233.9,1004.4,90.5,5.9,190.0,16.2,7.0
13.082,80.275,2016-07-22,29.4,39.4,28.8,22.8,68.4,0.0,0,0.0,22.3,11.5,245.9,1003.6,84.0,6.2,132.8,11.6,6.0
13.082,80.275,2016-07-23,29.1,34.8,26.0,22.4,67.7,0.149,100,4.17,18.4,8.8,227.1,1003.9,87.3,6.2,129.2,11.1,5.0
13.082,80.275,2016-07-24,30.6,40.6,30.1,24.1,70.1,0.0,0,0.0,16.6,9.9,207.5,1003.8,56.3,6.5,190.9,16.3,7.0
13.082,80.275,2016-07-25,29.6,40.6,26.1,24.3,74.1,0.0,0,0.0,22.3,10.9,164.2,1004.8,55.8,7.1,221.9,19.2,8.0
13.082,80.275,2016-07-26,29.2,39.3,26.0,23.6,72.5,0.0,0,0.0,16.6,10.1,179.7,1004.8,48.3,6.3,179.1,15.5,6.0
13.082,80.275,2016-07-27,29.7,40.6,30.6,25.1,76.9,0.0,0,0.0,18.4,8.9,155.9,1005.4,48.4,6.3,239.5,20.7,9.0
13.082,80.275,2016-07-28,30.0,41.9,29.7,24.7,74.2,0.1,100,4.17,18.4,8.7,149.1,1005.3,47.1,6.2,239.1,20.6,8.0
13.082,80.275,2016-07-29,29.5,40.6,24.0,24.0,73.2,2.0,100,8.33,22.3,10.0,239.2,1004.5,75.0,7.0,216.5,18.7,8.0
13.082,80.275,2016-07-30,29.1,38.6,24.4,23.3,71.7,4.0,100,4.17,14.8,8.6,230.6,1004.8,79.8,5.7,153.1,13.1,6.0
13.082,80.275,2016-07-31,29.2,37.5,25.5,23.5,72.4,1.488,100,4.17,16.6,8.2,219.1,1005.7,74.0,6.7,182.4,15.7,8.0
13.082,80.275,2016-08-01,29.9,39.4,30.1,22.5,65.4,0.1,100,4.17,20.5,9.9,237.0,1004.7,68.0,6.2,123.9,10.8,6.0
13.082,80.275,2016-08-02,30.3,36.8,29.5,20.6,56.5,3.72,100,4.17,22.3,12.5,237.7,1002.7,60.6,6.5,193.6,16.6,7.0
13.082,80.275,2016-08-03,31.4,38.5,28.5,19.9,50.7,0.0,0,0.0,25.9,15.3,242.6,1002.2,53.9,6.9,213.6,18.5,7.0
13.082,80.275,2016-08-04,31.5,38.5,29.7,20.6,52.8,0.0,0,0.0,22.3,13.2,244.7,1003.3,50.8,6.7,162.5,13.9,7.0
13.082,80.275,2016-08-05,31.7,37.8,30.8,20.9,53.2,0.0,0,0.0,18.4,13.6,234.4,1004.1,66.2,6.6,149.8,12.8,7.0
13.082,80.275,2016-08-06,32.2,43.3,30.7,21.8,55.1,0.0,0,0.0,20.5,11.7,235.4,1004.4,53.3,6.9,223.0,19.2,9.0
13.082,80.275,2016-08-07,32.1,40.3,31.4,22.1,56.7,0.2,100,4.17,22.3,11.4,243.6,1005.5,45.4,7.0,246.4,21.4,9.0
13.082,80.275,2016-08-08,31.3,42.1,30.7,22.9,62.6,1.744,100,8.33,22.3,11.0,227.4,1006.0,45.0,6.5,255.4,22.1,9.0
13.082,80.275,2016-08-09,31.0,44.1,31.3,23.8,67.1,1.28,100,4.17,22.3,10.9,215.0,1005.8,58.4,6.4,244.4,21.0,9.0
13.082,80.275,2016-08-10,30.9,40.8,30.1,23.0,64.8,7.84,100,8.33,18.4,10.7,220.3,1005.9,53.0,6.5,261.4,22.5,9.0
13.082,80.275,2016-08-11,31.3,42.1,31.6,23.4,64.9,2.232,100,4.17,16.6,10.7,218.2,1006.7,47.4,6.6,265.5,22.9,9.0
13.082,80.275,2016-08-12,31.7,40.9,32.7,23.4,63.1,0.0,0,0.0,18.4,12.4,232.9,1006.6,45.2,6.8,267.6,23.2,9.0
13.082,80.275,2016-08-13,30.8,40.8,29.6,23.8,68.2,0.917,100,4.17,18.4,11.7,215.3,1005.5,61.9,6.4,228.9,19.7,8.0
13.082,80.275,2016-08-14,31.1,41.9,26.0,23.3,65.1,0.0,0,0.0,18.4,12.3,228.5,1004.8,51.6,6.6,251.5,21.8,9.0
13.082,80.275,2016-08-15,32.3,40.1,30.1,21.8,55.4,0.0,0,0.0,18.4,11.2,243.9,1003.8,48.1,6.8,256.7,22.0,9.0
13.082,80.275,2016-08-16,32.9,39.3,30.1,19.9,47.7,0.0,0,0.0,18.8,13.8,249.1,1002.8,38.6,7.1,225.5,19.5,8.0
13.082,80.275,2016-08-17,32.3,39.6,30.8,20.4,50.2,0.0,0,0.0,18.5,12.2,254.4,1002.4,34.5,6.7,245.8,21.1,8.0
13.082,80.275,2016-08-18,32.0,41.2,31.4,22.3,58.3,0.0,0,0.0,18.4,13.0,216.6,1003.0,43.0,6.8,261.3,22.5,9.0
13.082,80.275,2016-08-19,32.0,41.4,33.5,22.7,59.9,0.0,0,0.0,18.4,11.8,212.5,1003.6,44.6,7.1,265.1,22.9,9.0
13.082,80.275,2016-08-20,31.8,44.9,31.3,23.8,64.1,0.0,0,0.0,20.5,11.8,178.5,1003.8,44.2,6.4,248.9,21.4,9.0
13.082,80.275,2016-08-21,31.7,43.3,31.9,24.5,67.0,0.0,0,0.0,18.4,10.2,178.7,1004.5,40.3,6.4,257.8,22.3,8.0
13.082,80.275,2016-08-22,32.0,42.5,35.5,24.6,66.8,0.0,0,0.0,18.4,10.6,188.3,1005.1,49.0,6.1,250.7,21.7,8.0
13.082,80.275,2016-08-23,31.0,42.0,26.0,24.4,69.4,0.77,100,8.33,18.4,11.3,196.2,1005.0,56.8,6.3,247.8,21.3,9.0
13.082,80.275,2016-08-24,30.8,43.3,25.0,23.6,67.7,2.0,100,4.17,22.3,11.1,177.6,1004.2,54.6,6.7,258.0,22.1,9.0
13.082,80.275,2016-08-25,29.9,38.3,31.9,23.9,71.5,0.623,100,4.17,18.4,8.5,226.8,1004.6,75.6,6.0,177.7,15.2,6.0
13.082,80.275,2016-08-26,28.9,37.9,25.0,24.2,76.5,8.048,100,4.17,14.8,6.2,228.6,1004.7,86.4,5.3,131.9,11.5,4.0
13.082,80.275,2016-08-27,28.1,41.2,26.0,24.6,81.8,14.223,100,8.33,13.0,7.7,206.8,1004.6,92.1,5.1,84.6,7.4,3.0
13.082,80.275,2016-08-28,29.3,40.5,30.1,24.6,76.6,0.1,100,4.17,11.2,4.7,213.2,1004.9,68.4,6.0,147.5,12.9,6.0
13.082,80.275,2016-08-29,29.5,39.5,30.1,24.6,76.0,0.0,0,0.0,14.8,7.2,223.3,1004.1,67.6,6.0,182.5,15.7,7.0
13.082,80.275,2016-08-30,28.3,41.9,26.0,24.7,82.2,10.628,100,12.5,18.4,8.9,216.3,1003.3,88.3,5.7,125.3,10.9,4.0
13.082,80.275,2016-08-31,28.2,39.2,24.0,25.0,83.6,6.328,100,4.17,20.5,9.2,211.8,1004.5,81.1,6.3,117.9,10.3,5.0
13.082,80.275,2016-09-01,29.3,44.9,24.3,24.5,76.9,18.0,100,8.33,22.3,9.3,214.2,1005.7,69.9,6.4,221.5,19.1,7.0
13.082,80.275,2016-09-02,28.8,41.9,24.8,24.4,78.9,59.337,100,8.33,14.8,6.6,212.8,1006.2,75.4,5.4,205.3,17.8,8.0
13.082,80.275,2016-09-03,29.1,41.9,25.0,24.3,77.0,32.0,100,4.17,22.3,7.7,251.2,1005.9,84.4,5.9,223.9,19.5,9.0
13.082,80.275,2016-09-04,29.2,38.1,25.0,24.3,76.2,2.232,100,4.17,16.6,6.8,230.2,1007.3,75.9,5.8,155.9,13.4,6.0
13.082,80.275,2016-09-05,30.1,37.0,29.6,23.1,67.4,0.0,0,0.0,18.4,7.8,247.8,1007.8,50.2,6.9,228.2,19.7,8.0
13.082,80.275,2016-09-06,30.5,39.1,29.2,23.0,65.8,0.2,100,4.17,18.4,9.2,240.1,1007.8,44.4,7.0,257.1,22.3,9.0
13.082,80.275,2016-09-07,30.6,39.8,28.8,22.1,61.7,0.0,0,0.0,16.6,10.8,223.4,1006.9,45.9,6.7,258.9,22.4,9.0
13.082,80.275,2016-09-08,31.0,39.3,30.1,23.4,66.2,0.0,0,0.0,14.8,9.5,207.5,1006.5,44.3,6.9,237.5,20.5,8.0
13.082,80.275,2016-09-09,30.4,40.7,30.1,24.2,71.1,0.448,100,8.33,18.4,8.2,178.8,1006.8,56.6,6.2,250.5,21.8,9.0
13.082,80.275,2016-09-10,29.4,43.3,25.0,24.5,77.6,88.918,100,12.5,37.1,8.3,229.6,1005.8,73.8,5.4,233.6,20.3,8.0
13.082,80.275,2016-09-11,28.5,37.7,25.0,23.8,76.3,0.0,0,0.0,14.8,6.8,250.1,1005.3,66.1,6.0,157.3,13.7,6.0
13.082,80.275,2016-09-12,28.9,36.5,29.6,23.3,72.0,0.0,0,0.0,14.8,6.8,232.8,1004.6,62.1,6.4,176.4,15.1,6.0
13.082,80.275,2016-09-13,29.4,37.0,30.1,24.0,73.8,0.149,100,4.17,18.4,6.1,233.2,1004.8,77.1,6.3,163.8,14.1,8.0
13.082,80.275,2016-09-14,28.3,35.8,30.1,24.5,80.0,0.0,0,0.0,16.6,6.5,209.5,1004.8,73.3,5.6,147.4,12.7,5.0
13.082,80.275,2016-09-15,29.3,43.3,25.0,24.5,76.7,1.4,100,8.33,14.8,7.8,209.3,1004.3,70.6,5.8,224.3,19.3,9.0
13.082,80.275,2016-09-16,29.0,39.4,24.0,24.1,76.6,51.708,100,12.5,22.3,9.5,228.5,1004.8,77.1,6.2,237.2,20.4,9.0
13.082,80.275,2016-09-17,27.5,37.7,24.0,24.8,85.7,66.876,100,12.5,14.8,5.4,159.9,1005.2,85.5,5.9,210.3,18.0,9.0
13.082,80.275,2016-09-18,30.1,39.4,26.3,23.9,71.4,0.0,0,0.0,14.8,6.7,209.5,1006.1,65.8,6.5,248.8,21.5,8.0
13.082,80.275,2016-09-19,30.9,46.3,33.6,24.5,70.2,0.149,100,4.17,18.4,6.9,210.9,1006.0,56.6,7.1,230.8,19.9,9.0
13.082,80.275,2016-09-20,28.2,36.0,26.6,24.2,79.3,1.728,100,12.5,14.8,5.3,247.4,1005.0,85.8,5.7,124.3,10.7,4.0
13.082,80.275,2016-09-21,28.2,36.8,24.0,23.2,75.0,3.0,100,4.17,22.3,9.4,273.6,1005.0,79.7,6.3,112.9,9.7,4.0
13.082,80.275,2016-09-22,29.9,39.3,25.0,23.1,68.8,1.0,100,8.33,22.3,11.2,238.7,1005.0,63.8,7.3,214.8,18.6,8.0
13.082,80.275,2016-09-23,30.6,39.4,29.2,23.2,65.2,0.0,0,0.0,22.3,10.6,236.6,1003.2,71.8,7.3,208.8,18.1,9.0
13.082,80.275,2016-09-24,31.2,39.4,30.7,22.5,60.3,0.0,0,0.0,20.5,11.3,231.9,1002.4,61.9,6.7,204.2,17.6,8.0
13.082,80.275,2016-09-25,31.2,40.6,30.7,22.8,62.0,0.0,0,0.0,22.3,11.4,210.0,1003.1,69.3,6.7,203.0,17.5,8.0
13.082,80.275,2016-09-26,31.5,43.5,33.4,24.4,67.1,0.0,0,0.0,18.4,8.9,194.5,1004.6,63.3,6.5,217.9,18.8,8.0
13.082,80.275,2016-09-27,29.9,44.9,26.0,25.3,77.2,0.0,0,0.0,18.4,8.7,180.3,1005.5,74.0,5.4,207.0,17.8,8.0
13.082,80.275,2016-09-28,28.4,40.6,23.4,24.8,81.3,60.174,100,8.33,18.4,8.1,203.7,1005.1,81.7,5.0,204.1,17.5,7.0
13.082,80.275,2016-09-29,27.3,42.1,24.0,24.2,83.9,65.861,100,8.33,18.4,9.3,203.9,1004.5,95.4,5.6,207.8,17.8,8.0
13.082,80.275,2016-09-30,29.5,42.1,25.0,24.5,76.0,0.0,0,0.0,14.8,9.7,222.5,1003.5,58.1,6.3,200.0,17.3,8.0
13.082,80.275,2016-10-01,30.2,40.6,30.1,24.5,72.7,7.44,100,4.17,14.8,6.9,209.4,1004.7,49.6,5.9,232.2,20.2,9.0
13.082,80.275,2016-10-02,30.0,42.1,30.6,25.2,76.5,0.0,0,0.0,14.8,8.8,161.8,1007.1,35.5,6.7,252.3,21.6,9.0
13.082,80.275,2016-10-03,29.7,40.7,31.8,24.8,76.0,0.0,0,0.0,16.6,9.6,158.8,1007.2,43.0,6.4,243.9,21.1,9.0
13.082,80.275,2016-10-04,29.9,40.6,30.6,24.9,75.5,0.0,0,0.0,16.6,8.5,218.3,1006.9,58.6,5.9,213.3,18.4,7.0
13.082,80.275,2016-10-05,30.5,41.9,29.6,24.4,71.0,0.0,0,0.0,13.0,7.5,206.8,1006.3,54.5,6.0,239.8,20.8,9.0
13.082,80.275,2016-10-06,30.8,41.1,32.7,24.9,72.0,0.0,0,0.0,14.8,7.9,179.3,1006.3,37.5,6.4,231.3,20.0,8.0
13.082,80.275,2016-10-07,30.6,43.8,32.7,25.1,74.0,0.372,100,4.17,14.8,6.0,206.9,1006.5,62.9,5.9,202.6,17.4,8.0
13.082,80.275,2016-10-08,31.0,41.4,32.7,24.5,70.3,0.0,0,0.0,16.0,9.0,193.0,1006.8,44.0,6.2,235.0,20.2,9.0
13.082,80.275,2016-10-09,30.4,39.5,30.1,23.7,68.6,0.0,0,0.0,14.8,9.0,201.0,1007.0,52.6,7.0,244.7,21.1,9.0
13.082,80.275,2016-10-10,30.5,41.9,25.9,23.7,68.7,6.464,100,8.33,16.6,10.6,229.9,1006.5,53.8,6.3,225.2,19.4,9.0
13.082,80.275,2016-10-11,29.7,42.0,26.0,24.4,74.2,1.488,100,4.17,18.4,9.3,213.7,1006.5,55.3,6.7,228.8,19.7,8.0
13.082,80.275,2016-10-12,30.6,41.9,29.6,24.1,69.3,0.102,100,4.17,14.8,8.0,221.6,1006.5,71.8,6.1,233.6,20.2,9.0
13.082,80.275,2016-10-13,30.4,39.4,31.9,24.0,70.3,0.0,0,0.0,18.4,6.4,71.5,1007.3,54.6,5.4,218.2,18.6,8.0
13.082,80.275,2016-10-14,29.6,37.9,26.0,23.2,71.0,0.0,0,0.0,14.9,5.6,67.6,1008.0,42.8,5.4,243.7,20.9,9.0
13.082,80.275,2016-10-15,29.1,37.0,25.0,22.4,70.2,0.0,0,0.0,18.4,6.3,38.8,1008.7,38.6,5.7,245.3,21.0,8.0
13.082,80.275,2016-10-16,28.8,36.6,25.0,21.6,67.9,0.0,0,0.0,22.3,5.9,53.4,1009.2,33.2,5.8,262.6,22.6,9.0
13.082,80.275,2016-10-17,28.5,36.5,24.0,21.8,69.2,0.0,0,0.0,13.0,4.6,81.5,1008.4,32.6,5.2,251.1,21.5,9.0
13.082,80.275,2016-10-18,28.9,35.5,24.0,20.9,65.1,0.0,0,0.0,14.8,5.5,37.4,1007.3,28.1,5.5,268.6,23.2,9.0
13.082,80.275,2016-10-19,28.8,38.4,24.0,21.8,68.2,0.0,0,0.0,16.6,4.7,41.5,1006.6,29.1,5.7,260.8,22.5,9.0
13.082,80.275,2016-10-20,28.8,38.1,25.0,22.4,70.2,0.0,0,0.0,16.6,5.1,63.2,1005.7,28.2,5.1,235.9,20.3,8.0
13.082,80.275,2016-10-21,28.7,35.3,24.0,20.4,63.7,0.0,0,0.0,13.0,3.9,45.6,1006.9,49.4,5.3,223.3,19.2,8.0
13.082,80.275,2016-10-22,29.1,36.3,25.7,20.1,60.2,0.0,0,0.0,18.4,5.1,80.5,1008.3,56.0,5.0,224.1,19.3,9.0
13.082,80.275,2016-10-23,28.2,36.3,23.0,19.6,61.9,0.0,0,0.0,14.8,3.8,65.9,1008.9,29.5,5.0,229.8,19.8,8.0
13.082,80.275,2016-10-24,28.3,35.1,23.0,18.5,58.3,0.0,0,0.0,18.4,5.5,8.1,1008.7,27.1,5.5,262.6,22.6,9.0
13.082,80.275,2016-10-25,27.9,33.7,22.0,17.7,56.7,0.0,0,0.0,14.8,4.3,17.0,1007.7,28.4,5.7,247.7,21.4,9.0
13.082,80.275,2016-10-26,28.4,35.2,23.0,18.4,56.9,0.0,0,0.0,14.8,6.2,34.3,1007.9,34.5,5.5,245.5,21.3,9.0
13.082,80.275,2016-10-27,28.4,35.0,24.0,19.1,59.2,0.0,0,0.0,14.8,5.3,144.5,1008.8,75.5,5.5,236.4,20.5,9.0
13.082,80.275,2016-10-28,29.1,34.2,26.0,19.6,58.3,0.0,0,0.0,11.2,3.6,67.0,1008.2,87.0,5.1,118.1,10.2,4.0
13.082,80.275,2016-10-29,29.3,38.5,29.6,23.2,70.4,0.0,0,0.0,18.4,7.5,337.8,1007.8,83.5,5.0,175.8,15.0,7.0
13.082,80.275,2016-10-30,27.3,36.2,25.4,24.6,85.4,3.051,100,8.33,16.1,7.8,12.7,1009.2,86.9,4.4,139.2,12.0,5.0
13.082,80.275,2016-10-31,28.3,38.1,25.0,24.0,78.7,0.3,100,4.17,14.8,6.0,39.2,1011.3,62.5,5.5,154.5,13.3,5.0
13.082,80.275,2016-11-01,27.7,39.2,25.0,24.4,83.2,5.208,100,4.17,19.4,7.3,23.1,1010.4,51.5,5.5,192.4,16.6,7.0
13.082,80.275,2016-11-02,26.3,34.5,24.0,24.5,89.7,8.048,100,16.67,18.4,3.1,28.3,1009.7,81.3,4.0,157.6,13.7,5.0
13.082,80.275,2016-11-03,27.1,37.4,24.0,24.7,86.7,14.696,100,12.5,16.6,6.3,353.4,1008.9,74.2,4.5,185.8,16.2,7.0
13.082,80.275,2016-11-04,28.6,38.3,24.0,23.4,75.7,0.0,0,0.0,18.4,6.7,317.6,1007.1,34.5,5.4,235.6,20.2,8.0
13.082,80.275,2016-11-05,28.5,36.4,25.0,22.4,72.1,0.0,0,0.0,18.4,5.6,45.5,1006.9,30.4,5.2,238.3,20.6,8.0
13.082,80.275,2016-11-06,28.4,38.1,23.0,22.3,71.2,0.0,0,0.0,14.8,6.1,74.7,1008.5,30.0,4.8,211.0,18.2,8.0
13.082,80.275,2016-11-07,28.0,37.9,24.0,23.3,77.0,2.232,100,4.17,20.5,5.1,57.7,1010.4,42.3,4.1,213.5,18.5,7.0
13.082,80.275,2016-11-08,27.0,33.3,24.0,20.8,70.8,0.0,0,0.0,14.8,7.2,40.9,1011.0,34.1,4.5,226.9,19.5,8.0
13.082,80.275,2016-11-09,26.4,31.8,22.0,17.6,61.0,0.0,0,0.0,14.8,6.3,23.6,1012.1,20.0,5.2,258.4,22.3,9.0
13.082,80.275,2016-11-10,26.3,32.4,21.0,17.7,61.0,0.0,0,0.0,18.4,5.3,39.1,1011.6,23.4,5.5,246.4,21.2,9.0
13.082,80.275,2016-11-11,26.6,33.0,22.0,19.4,65.7,0.0,0,0.0,14.8,5.0,55.5,1010.9,34.6,4.9,224.8,19.2,8.0
13.082,80.275,2016-11-12,27.4,35.6,23.0,21.7,72.0,0.0,0,0.0,13.0,7.0,24.0,1011.1,41.8,5.0,196.1,16.9,7.0
13.082,80.275,2016-11-13,27.9,39.1,25.0,24.4,81.9,7.954,100,12.5,16.6,6.4,62.7,1012.2,71.9,5.1,161.7,14.0,6.0
13.082,80.275,2016-11-14,28.5,37.5,25.0,23.9,77.2,0.0,0,0.0,14.8,6.7,75.0,1011.8,40.1,6.9,213.0,18.4,8.0
13.082,80.275,2016-11-15,28.4,36.8,25.0,23.7,77.0,0.0,0,0.0,13.0,6.4,55.5,1011.8,35.3,6.9,219.0,18.9,8.0
13.082,80.275,2016-11-16,28.5,37.9,25.0,23.9,76.7,13.546,100,4.17,18.4,9.0,41.1,1011.3,44.9,5.5,214.3,18.5,8.0
13.082,80.275,2016-11-17,28.1,35.5,25.0,23.0,74.7,5.0,100,4.17,22.3,11.5,42.5,1011.5,50.8,5.1,218.3,18.9,8.0
13.082,80.275,2016-11-18,27.1,33.2,24.0,21.4,72.4,0.0,0,0.0,20.3,8.4,24.8,1010.5,40.5,5.2,215.9,18.6,8.0
13.082,80.275,2016-11-19,26.5,32.7,23.0,21.1,73.4,0.0,0,0.0,18.4,6.9,30.3,1009.7,49.0,4.8,163.9,14.2,6.0
13.082,80.275,2016-11-20,26.3,33.1,23.0,21.0,73.7,0.0,0,0.0,14.8,6.1,18.1,1010.1,42.9,5.2,171.0,14.7,6.0
13.082,80.275,2016-11-21,26.5,33.7,23.0,20.9,72.3,0.0,0,0.0,18.4,7.8,20.7,1010.4,49.0,5.2,207.4,17.9,8.0
13.082,80.275,2016-11-22,26.1,32.1,22.0,20.1,70.8,0.0,0,0.0,50.3,8.7,25.8,1010.3,27.4,4.8,210.9,18.3,8.0
13.082,80.275,2016-11-23,26.0,31.4,21.0,18.2,65.2,0.0,0,0.0,22.3,8.2,51.0,1010.5,23.5,5.1,240.4,20.8,9.0
13.082,80.275,2016-11-24,25.7,31.4,22.0,18.6,66.5,0.0,0,0.0,18.4,5.0,44.0,1011.1,35.1,4.9,214.1,18.4,8.0
13.082,80.275,2016-11-25,25.9,32.4,21.0,18.7,65.8,0.0,0,0.0,19.4,7.8,26.0,1010.3,30.5,4.7,229.8,19.8,8.0
13.082,80.275,2016-11-26,25.7,33.0,21.0,19.0,68.1,0.0,0,0.0,16.2,5.2,32.4,1011.3,34.9,4.5,229.9,19.8,8.0
13.082,80.275,2016-11-27,25.2,31.4,20.0,18.4,69.5,0.0,0,0.0,15.7,4.4,23.2,1010.8,16.4,4.8,244.5,21.0,9.0
13.082,80.275,2016-11-28,24.5,32.3,19.0,20.1,77.9,0.0,0,0.0,13.0,4.1,77.7,1010.9,21.0,3.9,217.2,19.0,8.0
13.082,80.275,2016-11-29,24.6,32.0,20.0,20.3,78.6,0.0,0,0.0,14.8,4.2,36.0,1011.9,25.2,3.5,215.1,18.6,8.0
13.082,80.275,2016-11-30,25.5,32.4,21.0,20.4,74.9,0.0,0,0.0,18.4,8.1,359.8,1011.4,46.6,4.5,182.5,15.8,7.0
13.082,80.275,2016-12-01,24.4,26.0,23.0,22.4,88.8,58.882,100,20.83,18.4,10.4,343.8,1009.0,84.3,3.0,49.4,4.4,2.0
13.082,80.275,2016-12-02,26.1,35.1,22.0,23.0,83.3,41.072,100,16.67,22.3,12.3,100.3,1010.4,87.9,3.9,111.9,9.8,5.0
13.082,80.275,2016-12-03,25.6,32.7,23.0,24.1,91.7,51.488,100,20.83,18.4,5.5,80.2,1012.4,81.6,3.8,168.9,14.7,7.0
13.082,80.275,2016-12-04,26.4,36.2,24.0,24.2,88.1,6.054,100,8.33,22.3,5.4,50.6,1013.3,54.8,4.9,148.2,12.6,5.0
13.082,80.275,2016-12-05,27.1,35.5,24.0,23.1,79.9,2.232,100,4.17,18.4,6.9,33.9,1012.2,50.4,5.0,198.8,17.3,7.0
13.082,80.275,2016-12-06,26.2,31.4,23.0,19.2,67.8,0.0,0,0.0,20.3,7.0,15.9,1011.7,36.7,5.8,223.4,19.3,8.0
13.082,80.275,2016-12-07,25.4,33.2,22.0,21.8,80.9,0.3,100,4.17,11.2,4.8,0.6,1011.2,72.5,4.4,152.3,13.3,6.0
13.082,80.275,2016-12-08,26.1,32.7,23.0,21.9,78.8,0.0,0,0.0,14.8,5.4,23.8,1010.8,42.1,5.1,211.1,18.2,8.0
13.082,80.275,2016-12-09,25.4,30.3,22.0,19.1,70.9,0.0,0,0.0,14.8,4.6,1.2,1009.5,23.8,5.0,230.3,20.0,8.0
13.082,80.275,2016-12-10,24.7,29.2,20.0,17.0,64.6,0.0,0,0.0,20.5,7.2,342.7,1008.4,56.2,5.1,219.5,19.0,8.0
13.082,80.275,2016-12-11,24.6,29.7,21.0,16.5,62.1,0.154,100,4.17,18.4,10.6,290.4,1006.2,72.9,4.4,137.3,11.9,5.0
13.082,80.275,2016-12-12,22.3,25.0,20.9,20.9,91.9,306.153,100,29.17,101.9,40.7,251.7,998.2,100.0,2.0,12.3,1.1,0.0
13.082,80.275,2016-12-13,25.7,33.6,22.0,23.1,86.1,19.184,100,8.33,27.7,12.2,127.8,1007.3,76.0,5.3,152.1,13.3,6.0
13.082,80.275,2016-12-14,26.1,34.1,22.8,22.9,83.6,0.0,0,0.0,14.8,6.3,104.9,1010.4,46.9,6.0,202.9,17.5,7.0
13.082,80.275,2016-12-15,26.4,34.1,23.0,22.5,80.7,1.0,100,4.17,16.6,6.1,40.5,1011.4,39.1,5.4,187.2,16.3,7.0
13.082,80.275,2016-12-16,26.8,33.2,24.0,21.6,74.0,0.0,0,0.0,18.4,12.5,50.9,1013.0,48.2,5.3,201.0,17.2,8.0
13.082,80.275,2016-12-17,25.7,33.6,23.0,21.5,78.5,0.0,0,0.0,16.6,6.3,40.9,1013.3,37.3,5.0,190.9,16.6,7.0
13.082,80.275,2016-12-18,25.3,31.3,22.0,20.6,76.6,0.0,0,0.0,18.4,5.9,27.0,1012.9,35.7,5.1,190.8,16.4,7.0
13.082,80.275,2016-12-19,25.2,30.3,21.0,20.0,74.1,0.0,0,0.0,22.3,8.5,22.5,1012.9,25.2,5.1,222.3,19.2,8.0
13.082,80.275,2016-12-20,25.8,33.3,23.0,21.2,76.2,0.0,0,0.0,22.3,7.6,13.0,1012.5,41.3,4.7,177.0,15.3,6.0
13.082,80.275,2016-12-21,26.1,33.3,23.0,21.7,77.8,0.0,0,0.0,13.0,4.8,20.4,1013.0,39.8,4.7,202.6,17.5,7.0
13.082,80.275,2016-12-22,25.2,30.1,21.9,18.6,70.1,0.0,0,0.0,20.5,7.3,8.6,1012.0,21.2,5.0,231.4,20.0,8.0
13.082,80.275,2016-12-23,24.3,30.8,19.0,17.9,69.7,0.0,0,0.0,16.6,7.3,58.9,1011.1,23.4,5.2,234.6,20.1,8.0
13.082,80.275,2016-12-24,23.7,29.8,19.0,17.9,71.6,0.0,0,0.0,22.3,7.2,52.0,1010.1,29.6,5.1,229.4,19.8,8.0
13.082,80.275,2016-12-25,24.4,29.5,20.0,18.0,69.0,0.0,0,0.0,18.4,5.7,53.4,1011.2,25.8,5.0,192.4,16.7,7.0
13.082,80.275,2016-12-26,24.8,30.8,20.0,19.4,73.2,0.0,0,0.0,20.5,6.7,4.8,1011.4,23.5,5.0,201.5,17.4,7.0
13.082,80.275,2016-12-27,26.0,33.1,22.0,21.0,74.8,0.0,0,0.0,22.3,10.6,4.0,1011.5,47.9,5.4,209.9,18.1,8.0
13.082,80.275,2016-12-28,26.2,32.6,23.9,20.5,72.0,0.0,0,0.0,27.7,9.6,37.6,1012.1,53.2,5.3,208.0,17.9,7.0
13.082,80.275,2016-12-29,25.2,30.8,21.0,19.2,70.5,0.0,0,0.0,22.3,6.9,33.4,1012.7,27.2,5.1,221.7,19.0,8.0
13.082,80.275,2016-12-30,24.8,30.3,21.0,19.1,72.5,0.0,0,0.0,20.5,7.0,36.7,1013.1,27.2,4.6,195.3,17.0,7.0
13.082,80.275,2016-12-31,24.8,30.5,20.0,19.1,72.0,0.0,0,0.0,18.4,8.1,25.5,1012.6,24.4,4.7,226.7,19.4,8.0
13.082,80.275,2017-01-01,25.8,33.0,22.0,20.3,73.1,0.256,100,4.17,18.4,8.4,33.0,1012.4,40.3,5.2,190.3,16.5,6.0
13.082,80.275,2017-01-02,25.8,34.6,22.0,20.8,75.0,0.0,0,0.0,13.0,7.0,26.6,1012.9,37.4,5.8,208.1,17.8,8.0
13.082,80.275,2017-01-03,25.3,30.9,21.0,19.2,71.5,0.0,0,0.0,11.2,5.3,23.6,1012.5,29.1,6.1,231.9,20.0,8.0
13.082,80.275,2017-01-04,24.9,31.9,20.0,19.7,74.8,0.0,0,0.0,13.0,5.7,25.1,1012.2,27.0,4.9,232.7,20.0,8.0
13.082,80.275,2017-01-05,25.2,31.0,21.0,20.2,75.6,0.0,0,0.0,11.2,4.5,35.8,1011.6,21.6,5.0,205.2,17.7,7.0
13.082,80.275,2017-01-06,24.9,30.9,21.0,19.6,73.8,0.0,0,0.0,18.4,6.6,53.9,1011.3,25.6,4.7,209.7,18.0,8.0
13.082,80.275,2017-01-07,25.4,31.9,21.0,18.8,68.7,0.0,0,0.0,14.8,6.4,68.8,1010.2,20.4,5.5,235.2,20.4,8.0
13.082,80.275,2017-01-08,24.7,29.5,20.0,17.7,66.8,0.0,0,0.0,14.8,5.9,60.7,1009.9,23.0,5.8,243.9,20.9,9.0
13.082,80.275,2017-01-09,24.0,29.5,20.0,17.6,69.4,0.0,0,0.0,14.8,5.3,47.1,1010.2,28.6,5.8,239.8,20.6,8.0
13.082,80.275,2017-01-10,24.6,31.9,20.0,18.6,70.5,0.0,0,0.0,11.2,4.3,95.4,1010.5,27.4,5.5,238.2,20.6,8.0
13.082,80.275,2017-01-11,24.7,31.3,20.0,19.4,73.9,0.0,0,0.0,11.2,5.0,79.8,1010.9,28.5,5.7,229.7,20.0,8.0
13.082,80.275,2017-01-12,24.9,31.3,21.0,20.0,75.5,0.0,0,0.0,14.8,5.6,76.8,1010.3,36.7,5.3,210.9,18.3,8.0
13.082,80.275,2017-01-13,25.3,31.0,22.0,19.7,73.0,0.0,0,0.0,13.0,5.8,60.4,1010.9,30.5,4.4,226.5,19.5,8.0
13.082,80.275,2017-01-14,25.3,30.8,21.0,19.0,70.1,0.0,0,0.0,18.4,6.4,57.4,1012.1,30.2,5.3,228.5,19.7,8.0
13.082,80.275,2017-01-15,25.2,31.4,22.0,19.7,72.3,0.0,0,0.0,14.8,6.3,57.4,1013.7,35.9,5.4,201.0,17.4,7.0
13.082,80.275,2017-01-16,24.5,29.8,21.0,18.8,72.0,0.0,0,0.0,16.5,5.5,59.4,1013.7,33.0,5.0,229.6,19.8,8.0
13.082,80.275,2017-01-17,24.0,29.2,20.0,17.5,68.7,0.0,0,0.0,11.2,5.0,48.7,1013.5,31.4,5.1,248.1,21.5,9.0
13.082,80.275,2017-01-18,25.1,29.5,21.0,17.4,63.2,0.0,0,0.0,18.4,8.0,46.9,1014.4,39.3,5.7,205.0,17.8,8.0
13.082,80.275,2017-01-19,25.7,30.7,21.0,18.3,64.4,0.0,0,0.0,22.3,11.1,47.5,1014.4,39.6,6.1,157.2,13.7,6.0
13.082,80.275,2017-01-20,26.2,30.8,23.0,20.3,70.4,0.0,0,0.0,18.4,9.8,17.8,1013.5,55.7,5.3,173.3,14.9,6.0
13.082,80.275,2017-01-21,27.4,34.1,26.0,21.8,72.0,0.0,0,0.0,22.3,13.9,35.1,1014.1,57.8,5.5,202.2,17.4,8.0
13.082,80.275,2017-01-22,26.7,33.0,23.0,20.3,69.2,0.0,0,0.0,25.9,12.7,35.6,1015.4,37.8,5.5,218.8,19.0,8.0
13.082,80.275,2017-01-23,25.7,31.5,22.0,19.8,72.2,0.0,0,0.0,21.1,7.4,27.7,1014.9,33.8,5.3,217.7,18.8,8.0
13.082,80.275,2017-01-24,25.9,32.5,22.0,20.4,72.7,0.0,0,0.0,22.3,9.6,41.6,1014.4,37.9,5.6,227.0,19.6,8.0
13.082,80.275,2017-01-25,26.6,31.8,23.0,20.2,68.5,0.0,0,0.0,15.6,10.2,42.6,1014.7,46.3,5.5,220.4,19.2,8.0
13.082,80.275,2017-01-26,26.8,33.3,25.0,22.2,76.1,0.2,100,4.17,15.5,9.1,34.6,1014.8,60.3,5.5,130.3,11.2,5.0
13.082,80.275,2017-01-27,26.7,34.0,25.0,23.8,84.8,8.693,100,8.33,22.3,9.3,53.6,1013.8,62.0,5.0,138.7,12.0,6.0
13.082,80.275,2017-01-28,26.8,34.1,25.0,23.5,82.8,0.074,100,4.17,15.6,8.2,59.4,1013.6,55.0,6.3,180.8,15.5,6.0
13.082,80.275,2017-01-29,26.3,34.1,23.0,22.4,80.1,0.0,0,0.0,14.8,5.7,45.6,1014.3,38.8,5.6,223.6,19.4,8.0
13.082,80.275,2017-01-30,25.7,33.3,22.0,21.3,78.0,0.0,0,0.0,13.0,5.6,58.0,1014.2,36.9,6.0,242.4,21.0,8.0
13.082,80.275,2017-01-31,25.7,31.9,22.0,20.2,73.9,0.0,0,0.0,11.2,4.5,74.0,1013.9,29.3,5.6,234.3,20.1,8.0
13.082,80.275,2017-02-01,25.3,32.4,21.0,19.5,72.0,0.0,0,0.0,11.2,5.3,89.0,1014.4,22.0,5.7,250.3,21.6,9.0
13.082,80.275,2017-02-02,25.1,31.9,21.1,19.6,73.0,0.0,0,0.0,16.1,5.8,55.6,1015.9,36.2,6.0,239.3,20.7,9.0
13.082,80.275,2017-02-03,25.6,31.3,22.0,19.7,71.4,0.0,0,0.0,11.5,4.9,34.1,1015.5,32.8,5.7,246.2,21.3,9.0
13.082,80.275,2017-02-04,25.4,30.8,21.0,18.9,69.4,0.0,0,0.0,20.2,6.9,68.6,1014.3,28.1,5.3,254.0,22.0,9.0
13.082,80.275,2017-02-05,25.5,30.4,21.9,17.8,64.4,0.0,0,0.0,13.0,4.7,62.0,1013.9,26.7,5.1,255.5,22.0,9.0
13.082,80.275,2017-02-06,26.1,32.0,20.0,16.7,59.4,0.0,0,0.0,11.2,4.7,99.1,1013.5,23.8,5.5,267.3,23.0,9.0
13.082,80.275,2017-02-07,25.7,32.9,20.0,17.5,63.6,0.0,0,0.0,14.8,5.5,87.2,1013.2,15.2,5.4,270.5,23.3,9.0
13.082,80.275,2017-02-08,25.6,31.6,20.0,17.5,65.1,0.0,0,0.0,18.4,5.7,104.9,1013.9,13.9,5.6,263.5,22.8,9.0
13.082,80.275,2017-02-09,25.1,30.4,20.0,18.0,67.3,0.0,0,0.0,13.0,4.3,70.8,1013.6,24.2,5.5,265.7,22.9,9.0
13.082,80.275,2017-02-10,25.1,31.0,20.0,16.8,62.2,0.0,0,0.0,13.0,4.9,70.3,1012.9,18.5,5.6,262.8,22.7,9.0
13.082,80.275,2017-02-11,25.4,30.4,20.9,17.6,63.6,0.0,0,0.0,11.2,5.6,77.8,1014.2,27.2,5.3,253.3,22.0,9.0
13.082,80.275,2017-02-12,25.6,30.4,22.0,17.8,63.7,0.0,0,0.0,17.4,7.1,65.7,1015.4,37.4,6.1,190.3,16.5,6.0
13.082,80.275,2017-02-13,26.6,33.0,22.0,20.2,68.7,0.0,0,0.0,14.8,7.5,54.1,1016.6,35.9,6.6,213.7,18.5,8.0
13.082,80.275,2017-02-14,28.0,34.9,26.0,21.4,68.1,0.0,0,0.0,28.3,12.7,45.3,1017.6,46.0,6.4,244.7,21.3,9.0
13.082,80.275,2017-02-15,27.0,33.0,23.0,20.0,67.0,0.0,0,0.0,22.3,10.0,35.3,1017.9,34.8,6.5,259.6,22.5,9.0
13.082,80.275,2017-02-16,26.8,31.4,22.0,17.9,59.3,0.0,0,0.0,16.6,8.8,59.6,1016.2,30.9,6.2,262.7,22.6,9.0
13.082,80.275,2017-02-17,26.1,30.4,21.0,17.5,60.6,0.0,0,0.0,22.3,6.7,60.4,1015.0,21.0,5.5,271.4,23.3,9.0
13.082,80.275,2017-02-18,25.6,31.5,21.0,19.0,68.1,0.0,0,0.0,10.3,5.0,65.5,1015.4,22.9,5.7,267.4,23.0,9.0
13.082,80.275,2017-02-19,25.9,33.7,21.0,20.2,72.7,0.0,0,0.0,14.8,4.9,86.7,1014.1,26.2,5.2,270.0,23.3,9.0
13.082,80.275,2017-02-20,27.3,37.7,22.0,20.9,71.0,0.0,0,0.0,15.8,6.6,189.1,1010.8,16.5,6.2,275.0,23.7,9.0
13.082,80.275,2017-02-21,27.9,37.0,23.8,22.0,73.0,0.0,0,0.0,14.8,7.5,164.2,1010.1,14.0,5.7,278.3,24.0,9.0
13.082,80.275,2017-02-22,27.4,39.4,23.5,22.6,76.5,0.0,0,0.0,14.8,7.1,122.2,1010.9,16.2,5.9,264.2,22.8,10.0
13.082,80.275,2017-02-23,27.7,37.0,24.0,22.3,74.0,0.0,0,0.0,16.9,7.3,137.4,1012.3,27.2,5.9,268.0,23.1,9.0
13.082,80.275,2017-02-24,26.8,34.2,22.0,21.5,74.2,0.0,0,0.0,14.7,6.0,109.2,1013.3,22.9,6.1,265.9,22.9,9.0
13.082,80.275,2017-02-25,26.3,33.8,22.0,21.3,75.1,0.0,0,0.0,13.8,6.3,77.5,1013.3,33.3,6.3,272.9,23.6,9.0
13.082,80.275,2017-02-26,25.9,33.3,23.0,21.7,78.5,0.0,0,0.0,13.0,6.3,71.8,1011.7,44.4,5.6,258.5,22.3,9.0
13.082,80.275,2017-02-27,26.4,33.7,23.0,21.7,76.3,0.0,0,0.0,14.8,6.2,64.5,1012.6,38.3,5.5,250.3,21.6,9.0
13.082,80.275,2017-02-28,26.4,34.9,22.9,20.9,73.4,0.0,0,0.0,17.4,6.0,56.8,1013.0,32.1,5.7,273.1,23.5,10.0
13.082,80.275,2017-03-01,26.2,34.2,21.9,20.8,74.4,0.0,0,0.0,16.5,5.7,59.1,1012.8,32.3,4.9,281.5,24.1,10.0
13.082,80.275,2017-03-02,26.7,34.0,23.0,21.2,73.4,0.0,0,0.0,18.4,7.9,56.8,1011.7,38.4,5.5,255.1,22.0,9.0
13.082,80.275,2017-03-03,27.3,35.3,22.0,21.7,72.9,0.0,0,0.0,14.8,7.1,69.8,1009.4,29.0,5.7,241.4,20.8,8.0
13.082,80.275,2017-03-04,28.7,38.0,26.0,23.7,75.3,0.0,0,0.0,16.6,8.6,114.6,1009.1,48.8,6.2,181.2,15.7,7.0
13.082,80.275,2017-03-05,28.9,39.2,26.0,24.2,76.5,0.0,0,0.0,16.3,9.8,148.6,1008.6,43.9,6.6,217.0,18.6,8.0
13.082,80.275,2017-03-06,29.4,40.6,30.4,24.6,76.0,0.0,0,0.0,21.3,12.7,146.6,1008.0,36.5,6.7,232.5,20.0,9.0
13.082,80.275,2017-03-07,29.6,42.1,31.7,25.2,78.0,0.0,0,0.0,23.0,14.0,134.2,1008.2,44.0,6.3,213.6,18.6,8.0
13.082,80.275,2017-03-08,29.4,42.1,30.6,24.5,75.5,0.0,0,0.0,20.3,11.6,143.2,1008.4,51.8,6.4,230.6,19.7,9.0
13.082,80.275,2017-03-09,29.4,40.6,30.5,24.7,76.4,0.0,0,0.0,18.4,11.4,146.5,1007.8,46.9,6.3,233.4,20.1,8.0
13.082,80.275,2017-03-10,29.9,40.6,30.6,24.7,74.6,0.0,0,0.0,25.4,13.9,162.9,1008.0,43.4,6.8,217.7,18.9,8.0
13.082,80.275,2017-03-11,30.7,40.7,31.9,24.0,69.2,0.0,0,0.0,18.4,11.6,158.1,1009.3,45.6,6.9,218.4,19.1,7.0
13.082,80.275,2017-03-12,30.6,42.0,32.2,24.6,72.0,0.0,0,0.0,20.3,10.7,146.8,1009.9,37.3,7.1,242.4,20.8,8.0
13.082,80.275,2017-03-13,29.9,40.6,31.7,24.9,75.4,0.0,0,0.0,27.0,11.9,133.7,1010.8,38.1,6.7,241.9,20.8,8.0
13.082,80.275,2017-03-14,29.9,39.4,32.9,25.0,75.2,0.0,0,0.0,22.4,11.0,119.1,1011.7,51.6,6.7,215.1,18.5,9.0
13.082,80.275,2017-03-15,29.7,38.8,30.6,24.0,72.6,0.0,0,0.0,15.4,9.1,96.9,1012.2,44.7,7.3,241.8,20.9,9.0
13.082,80.275,2017-03-16,29.3,36.8,26.0,23.0,69.8,0.0,0,0.0,18.4,9.3,124.8,1011.8,34.0,6.4,246.8,21.3,9.0
13.082,80.275,2017-03-17,29.4,40.6,26.0,23.5,71.4,0.0,0,0.0,18.6,10.0,138.7,1010.5,29.8,6.3,267.2,23.0,9.0
13.082,80.275,2017-03-18,29.6,39.5,29.8,23.6,70.9,0.0,0,0.0,27.7,11.8,146.5,1011.0,34.4,6.3,269.5,23.2,10.0
13.082,80.275,2017-03-19,29.6,43.3,26.0,24.4,74.6,0.0,0,0.0,18.4,11.9,151.3,1011.3,27.8,5.7,278.3,24.1,10.0
13.082,80.275,2017-03-20,30.3,43.2,31.1,24.7,73.9,0.0,0,0.0,19.4,11.3,160.2,1010.4,36.7,6.4,269.0,23.2,9.0
13.082,80.275,2017-03-21,30.5,43.3,32.2,25.1,74.4,0.0,0,0.0,18.4,10.4,132.6,1011.8,34.3,6.1,230.1,19.8,9.0
13.082,80.275,2017-03-22,29.6,40.6,26.0,24.0,72.9,0.0,0,0.0,13.3,7.9,93.4,1012.1,33.3,6.3,268.3,23.3,9.0
13.082,80.275,2017-03-23,29.3,40.6,25.0,22.4,67.8,0.0,0,0.0,12.9,7.1,118.3,1011.4,26.1,5.9,293.7,25.3,10.0
13.082,80.275,2017-03-24,28.7,35.8,24.0,21.2,65.8,0.0,0,0.0,18.4,7.2,137.6,1011.3,12.2,6.2,303.7,26.2,10.0
13.082,80.275,2017-03-25,28.6,38.3,23.0,22.1,69.0,0.0,0,0.0,14.8,8.1,143.7,1011.4,10.1,6.0,303.9,26.2,10.0
13.082,80.275,2017-03-26,28.7,36.1,24.0,21.8,67.9,0.0,0,0.0,14.8,6.8,117.3,1011.7,13.0,6.0,303.6,26.2,10.0
13.082,80.275,2017-03-27,28.9,36.6,24.0,21.7,66.7,0.0,0,0.0,18.4,9.9,146.1,1012.0,12.7,6.4,300.3,26.0,10.0
13.082,80.275,2017-03-28,29.5,40.6,25.0,23.7,72.0,0.0,0,0.0,18.4,9.7,138.4,1012.1,32.1,6.5,290.0,25.1,10.0
13.082,80.275,2017-03-29,29.7,40.2,26.0,23.8,71.5,0.0,0,0.0,16.5,7.7,139.9,1011.2,20.0,6.5,277.7,24.1,10.0
13.082,80.275,2017-03-30,30.2,40.6,26.0,24.2,71.5,0.0,0,0.0,14.8,7.9,131.6,1011.3,16.6,6.8,293.8,25.5,10.0
13.082,80.275,2017-03-31,30.4,42.1,26.0,24.7,72.8,0.0,0,0.0,18.4,8.9,137.5,1012.1,20.4,6.5,278.5,24.1,9.0
13.082,80.275,2017-04-01,30.1,43.3,26.0,24.3,72.4,0.0,0,0.0,20.3,8.4,154.4,1010.7,19.7,6.6,298.7,25.9,10.0
13.082,80.275,2017-04-02,30.3,43.5,26.0,24.5,73.2,0.0,0,0.0,19.9,10.3,169.2,1009.5,21.7,6.6,289.9,25.1,10.0
13.082,80.275,2017-04-03,31.0,43.3,32.3,24.9,71.5,0.0,0,0.0,18.9,10.8,145.1,1009.9,20.3,6.3,277.3,23.9,9.0
13.082,80.275,2017-04-04,30.8,44.0,34.7,25.8,75.6,0.0,0,0.0,22.3,11.9,147.0,1010.5,32.7,6.5,250.0,21.6,8.0
13.082,80.275,2017-04-05,31.3,44.7,34.4,25.8,73.7,0.0,0,0.0,19.3,11.7,150.6,1009.3,35.7,6.3,278.1,24.1,10.0
13.082,80.275,2017-04-06,31.3,47.6,34.6,26.0,74.5,0.0,0,0.0,16.5,11.1,154.9,1008.3,29.8,6.1,290.2,25.0,10.0
13.082,80.275,2017-04-07,31.3,47.6,33.6,25.7,74.1,0.0,0,0.0,19.1,12.3,151.1,1008.4,27.1,6.0,292.4,25.2,10.0
13.082,80.275,2017-04-08,30.9,43.2,32.7,25.4,73.7,0.0,0,0.0,20.0,11.7,155.5,1008.5,31.8,6.0,291.1,25.1,10.0
13.082,80.275,2017-04-09,31.0,46.3,32.8,25.5,73.8,0.0,0,0.0,22.3,11.9,154.5,1008.5,33.8,6.4,286.8,24.8,10.0
13.082,80.275,2017-04-10,31.3,42.9,33.0,25.1,72.1,0.0,0,0.0,20.5,11.9,161.7,1007.7,36.0,5.9,288.2,24.8,10.0
13.082,80.275,2017-04-11,31.3,44.9,35.1,25.9,74.6,0.0,0,0.0,17.5,9.7,144.5,1007.4,23.7,6.4,293.5,25.3,10.0
13.082,80.275,2017-04-12,31.0,44.9,34.3,26.0,75.5,0.0,0,0.0,18.4,8.7,123.7,1008.4,33.9,6.0,291.9,25.2,10.0
13.082,80.275,2017-04-13,30.5,43.3,31.2,25.2,74.4,0.0,0,0.0,16.6,8.1,128.5,1008.7,32.5,6.3,287.3,24.8,10.0
13.082,80.275,2017-04-14,29.8,40.6,26.0,24.8,75.5,0.0,0,0.0,16.6,7.3,127.9,1008.2,35.7,6.2,274.6,23.7,9.0
13.082,80.275,2017-04-15,30.4,42.0,26.0,24.7,73.0,0.0,0,0.0,14.8,6.8,150.6,1006.5,25.6,5.7,296.5,25.6,10.0
13.082,80.275,2017-04-16,32.2,46.3,33.2,25.2,69.8,0.0,0,0.0,22.3,13.3,174.6,1005.4,17.3,6.0,303.2,26.2,10.0
13.082,80.275,2017-04-17,33.2,45.0,34.4,24.8,66.1,0.0,0,0.0,18.4,11.8,173.3,1006.1,22.3,5.9,299.8,26.1,10.0
13.082,80.275,2017-04-18,32.5,48.1,36.2,25.6,68.0,0.0,0,0.0,18.4,13.6,160.1,1006.5,12.1,6.1,300.4,26.0,10.0
13.082,80.275,2017-04-19,32.1,50.8,35.6,26.5,73.1,0.0,0,0.0,22.7,14.8,156.9,1007.4,27.7,5.6,300.4,26.0,10.0
13.082,80.275,2017-04-20,31.9,52.9,33.8,26.1,72.2,0.0,0,0.0,22.3,14.6,160.0,1006.9,34.4,5.2,287.1,24.7,10.0
13.082,80.275,2017-04-21,32.4,48.1,35.1,25.2,67.5,0.0,0,0.0,18.4,12.9,168.0,1007.2,33.3,6.1,270.3,23.5,10.0
13.082,80.275,2017-04-22,32.8,47.3,34.3,25.1,65.2,0.0,0,0.0,20.3,12.5,155.9,1006.7,18.1,5.5,294.7,25.6,10.0
13.082,80.275,2017-04-23,32.9,54.3,36.2,25.9,67.7,0.0,0,0.0,20.2,13.4,166.2,1006.7,23.9,6.3,293.9,25.5,10.0
13.082,80.275,2017-04-24,32.6,51.3,37.3,26.8,73.0,0.0,0,0.0,14.8,11.0,149.8,1007.1,27.0,6.4,299.5,25.9,10.0
13.082,80.275,2017-04-25,32.3,50.2,35.5,26.6,72.4,0.0,0,0.0,20.6,12.0,157.9,1007.6,28.0,6.2,297.5,25.9,10.0
13.082,80.275,2017-04-26,32.1,49.5,35.4,26.3,72.4,0.0,0,0.0,20.5,11.8,155.5,1007.8,28.8,5.8,302.8,26.3,10.0
13.082,80.275,2017-04-27,32.4,44.7,35.3,25.5,69.0,0.0,0,0.0,23.1,14.6,153.4,1008.3,30.1,6.1,305.5,26.5,10.0
13.082,80.275,2017-04-28,32.2,47.6,35.3,25.8,70.3,0.0,0,0.0,22.3,12.6,155.5,1008.9,26.3,5.9,299.4,26.1,10.0
13.082,80.275,2017-04-29,32.3,44.7,33.6,24.6,65.0,0.0,0,0.0,16.6,10.2,151.8,1008.8,25.9,6.7,301.1,26.1,10.0
13.082,80.275,2017-04-30,32.1,46.0,36.4,25.5,69.3,0.0,0,0.0,22.3,13.7,151.6,1008.8,34.8,6.5,291.5,25.3,10.0
13.082,80.275,2017-05-01,31.6,40.6,34.3,24.4,67.4,0.0,0,0.0,19.5,13.4,155.0,1009.7,34.3,6.5,288.9,24.9,10.0
13.082,80.275,2017-05-02,31.2,43.2,34.5,25.0,70.7,0.0,0,0.0,22.3,11.8,139.5,1010.8,33.7,6.8,282.2,24.5,10.0
13.082,80.275,2017-05-03,31.1,41.0,32.5,24.4,68.6,0.0,0,0.0,22.9,11.1,150.1,1010.7,34.0,6.8,289.4,25.1,10.0
13.082,80.275,2017-05-04,31.3,43.2,30.1,24.7,69.2,0.0,0,0.0,22.3,10.9,146.9,1010.2,27.4,6.8,288.7,25.1,10.0
13.082,80.275,2017-05-05,31.7,43.3,33.8,25.2,69.9,0.0,0,0.0,22.3,10.5,162.1,1010.0,28.6,6.7,289.6,25.1,9.0
13.082,80.275,2017-05-06,32.3,49.5,35.5,25.8,70.2,0.0,0,0.0,22.3,14.4,151.0,1010.2,29.2,6.5,295.3,25.6,10.0
13.082,80.275,2017-05-07,32.1,44.5,36.6,25.6,69.6,0.0,0,0.0,19.4,11.5,149.8,1010.5,35.1,6.3,279.0,24.0,9.0
13.082,80.275,2017-05-08,32.1,47.3,30.1,23.5,61.4,0.0,0,0.0,21.0,10.8,146.9,1009.0,30.3,6.3,275.8,23.9,9.0
13.082,80.275,2017-05-09,32.2,45.8,31.7,24.4,65.2,0.0,0,0.0,25.0,12.9,162.6,1007.4,39.1,6.2,286.8,24.8,10.0
13.082,80.275,2017-05-10,30.9,40.6,30.7,23.6,66.1,0.0,0,0.0,18.4,9.5,112.1,1008.4,34.6,5.9,267.4,23.0,9.0
13.082,80.275,2017-05-11,30.6,40.6,34.1,25.1,73.2,0.23,100,4.17,13.0,7.0,144.7,1008.8,36.4,6.1,264.6,22.9,9.0
13.082,80.275,2017-05-12,31.6,48.1,33.6,25.7,71.8,0.0,0,0.0,18.4,9.7,119.8,1008.7,29.5,7.1,268.4,23.1,9.0
13.082,80.275,2017-05-13,31.8,44.7,35.3,25.3,69.5,0.0,0,0.0,18.4,9.1,152.4,1007.4,31.1,6.7,284.7,24.8,9.0
13.082,80.275,2017-05-14,33.1,50.3,35.9,26.1,68.2,0.0,0,0.0,20.5,11.1,153.6,1005.7,29.4,6.4,298.0,25.8,10.0
13.082,80.275,2017-05-15,34.2,49.5,37.0,25.2,62.0,0.0,0,0.0,22.3,12.7,181.4,1004.0,27.5,6.4,289.9,24.9,10.0
13.082,80.275,2017-05-16,34.7,50.0,34.6,24.7,58.7,0.0,0,0.0,18.4,12.3,160.7,1002.8,22.1,6.7,301.5,26.0,10.0
13.082,80.275,2017-05-17,34.7,50.3,35.6,25.0,59.1,0.074,100,4.17,18.4,11.7,179.8,1002.9,36.1,6.4,288.0,24.8,10.0
13.082,80.275,2017-05-18,35.3,51.4,34.0,23.0,49.8,0.0,0,0.0,22.3,12.9,206.5,1003.8,29.6,6.5,277.7,23.9,9.0
13.082,80.275,2017-05-19,33.8,48.5,31.3,22.3,52.4,0.0,0,0.0,22.3,13.2,211.6,1005.0,26.6,6.8,286.4,24.8,10.0
13.082,80.275,2017-05-20,34.5,53.0,33.0,23.1,52.8,0.0,0,0.0,18.4,11.2,172.8,1004.0,24.8,6.8,291.2,25.3,9.0
13.082,80.275,2017-05-21,33.6,44.6,31.9,22.7,54.9,0.0,0,0.0,14.8,10.8,174.7,1003.6,32.4,6.7,243.0,21.1,8.0
13.082,80.275,2017-05-22,33.2,50.8,37.6,26.5,69.0,0.0,0,0.0,18.4,10.3,154.7,1004.4,31.1,6.8,297.7,25.7,10.0
13.082,80.275,2017-05-23,33.0,47.1,30.8,22.3,54.7,0.0,0,0.0,20.5,10.7,160.7,1004.8,31.6,6.1,286.1,24.7,9.0
13.082,80.275,2017-05-24,33.6,49.5,37.4,25.9,66.4,0.0,0,0.0,25.9,12.4,172.0,1003.9,41.1,6.3,215.5,18.7,8.0
13.082,80.275,2017-05-25,33.0,49.5,38.6,26.3,68.7,0.0,0,0.0,22.3,8.9,145.6,1003.3,46.8,6.1,269.2,23.3,9.0
13.082,80.275,2017-05-26,33.8,48.7,35.2,24.4,59.4,0.0,0,0.0,18.4,10.4,193.2,1002.9,41.3,6.6,246.9,21.5,9.0
13.082,80.275,2017-05-27,32.7,46.0,33.6,24.1,61.9,0.0,0,0.0,22.3,12.1,207.0,1003.1,45.7,6.7,229.4,19.8,9.0
13.082,80.275,2017-05-28,34.5,46.8,35.8,24.2,56.4,0.0,0,0.0,22.3,10.6,218.5,1002.7,40.3,6.3,246.3,21.2,8.0
13.082,80.275,2017-05-29,35.5,46.1,36.8,21.8,46.7,0.0,0,0.0,33.0,15.0,253.5,1001.8,39.3,6.5,262.4,22.5,9.0
13.082,80.275,2017-05-30,34.9,45.9,34.1,22.1,50.0,2.232,100,4.17,25.9,16.3,224.2,1001.8,30.0,6.5,280.5,24.3,10.0
13.082,80.275,2017-05-31,34.1,45.9,34.1,22.6,53.1,0.0,0,0.0,25.9,14.8,207.9,1003.0,30.8,6.4,276.0,23.7,9.0
13.082,80.275,2017-06-01,33.5,47.3,35.7,24.1,60.0,0.0,0,0.0,27.7,13.5,165.8,1003.6,19.6,6.5,271.7,23.6,9.0
13.082,80.275,2017-06-02,32.5,46.3,35.4,25.2,66.3,0.0,0,0.0,22.3,13.7,148.6,1004.5,30.2,7.0,284.8,24.5,9.0
13.082,80.275,2017-06-03,33.9,46.5,36.9,24.4,60.1,0.0,0,0.0,22.3,12.4,178.3,1004.9,28.2,7.3,265.5,23.0,9.0
13.082,80.275,2017-06-04,33.7,43.3,33.9,23.0,55.0,0.0,0,0.0,22.3,13.3,171.6,1005.1,25.7,7.3,278.5,24.0,9.0
13.082,80.275,2017-06-05,34.4,46.1,36.5,23.8,57.8,0.026,100,4.17,24.1,12.7,207.3,1004.5,37.2,6.9,260.9,22.5,9.0
13.082,80.275,2017-06-06,32.4,46.3,25.9,23.4,61.0,13.488,100,8.33,25.9,13.7,237.9,1005.3,46.6,6.4,245.7,21.2,9.0
13.082,80.275,2017-06-07,30.0,38.1,26.0,23.2,68.2,8.928,100,4.17,25.9,13.2,247.0,1006.6,55.6,6.3,98.2,8.5,4.0
13.082,80.275,2017-06-08,31.5,39.8,30.1,21.8,57.2,0.0,0,0.0,26.8,13.0,271.1,1005.2,54.3,6.4,147.5,12.6,6.0
13.082,80.275,2017-06-09,33.1,42.1,32.9,21.7,51.9,0.0,0,0.0,24.1,15.7,242.1,1003.9,62.3,6.2,170.8,14.7,6.0
13.082,80.275,2017-06-10,33.8,43.5,32.7,21.7,49.7,0.0,0,0.0,25.9,16.8,236.9,1003.6,56.4,6.8,193.0,16.7,8.0
13.082,80.275,2017-06-11,33.4,42.3,33.7,21.7,51.3,0.595,100,4.17,29.5,18.0,227.9,1003.9,60.1,6.6,172.6,14.9,5.0
13.082,80.275,2017-06-12,33.4,46.2,33.2,22.7,55.3,0.0,0,0.0,25.9,14.5,206.5,1004.3,52.2,7.0,154.3,13.2,5.0
13.082,80.275,2017-06-13,33.1,44.6,34.9,24.3,61.9,0.0,0,0.0,24.1,15.6,191.4,1004.3,46.2,7.4,196.3,16.8,6.0
13.082,80.275,2017-06-14,32.9,45.1,35.5,24.9,64.8,0.574,100,4.17,22.3,15.3,189.0,1005.2,33.5,6.7,243.7,21.1,8.0
13.082,80.275,2017-06-15,32.3,43.5,33.6,24.1,63.8,0.0,0,0.0,20.5,13.4,196.5,1006.0,45.7,6.9,175.3,15.1,6.0
13.082,80.275,2017-06-16,31.5,42.1,31.3,24.1,66.3,0.5,100,4.17,22.3,12.9,201.1,1006.2,49.8,6.4,168.3,14.8,5.0
13.082,80.275,2017-06-17,32.1,44.7,33.6,24.9,67.5,2.232,100,4.17,20.5,11.8,180.0,1005.9,47.9,6.7,245.9,21.2,9.0
13.082,80.275,2017-06-18,32.0,42.1,34.1,24.4,65.7,0.0,0,0.0,17.5,11.9,181.7,1005.1,46.1,7.0,262.2,23.0,8.0
13.082,80.275,2017-06-19,30.4,42.6,25.0,24.7,73.8,26.899,100,16.67,27.7,11.8,205.7,1005.1,58.2,5.8,226.3,19.7,7.0
13.082,80.275,2017-06-20,28.9,40.6,25.0,24.9,80.6,10.208,100,8.33,16.6,10.2,202.3,1006.1,60.8,5.6,125.7,10.8,5.0
13.082,80.275,2017-06-21,31.6,43.3,29.6,23.8,65.1,0.0,0,0.0,18.4,12.3,219.5,1005.6,44.9,6.2,220.0,19.0,9.0
13.082,80.275,2017-06-22,31.7,41.1,33.6,24.0,65.8,0.0,0,0.0,20.5,12.4,210.0,1005.9,48.9,6.5,213.9,18.5,8.0
13.082,80.275,2017-06-23,32.0,44.9,24.8,24.0,65.2,21.0,100,4.17,27.7,16.2,208.6,1004.9,41.1,6.5,230.0,19.9,9.0
13.082,80.275,2017-06-24,29.8,41.9,25.0,24.4,74.9,26.16,100,12.5,18.4,11.4,213.1,1003.5,60.9,5.9,135.8,11.7,6.0
13.082,80.275,2017-06-25,31.2,40.8,30.9,23.2,63.8,0.223,100,4.17,22.3,13.2,206.8,1002.3,51.7,6.4,147.6,12.7,5.0
13.082,80.275,2017-06-26,32.2,40.9,32.2,22.9,58.9,0.298,100,4.17,22.3,14.0,204.3,1003.6,42.4,6.6,201.5,17.4,8.0
13.082,80.275,2017-06-27,32.1,41.5,32.0,22.7,58.4,0.0,0,0.0,24.1,15.9,209.9,1004.6,49.1,6.5,166.7,14.4,7.0
13.082,80.275,2017-06-28,32.3,43.2,31.4,21.6,54.2,0.0,0,0.0,24.1,14.0,227.9,1005.2,55.3,6.6,225.9,19.5,8.0
13.082,80.275,2017-06-29,33.4,44.1,31.4,21.3,50.3,0.0,0,0.0,22.3,15.0,229.8,1005.0,40.0,6.9,250.9,21.6,9.0
13.082,80.275,2017-06-30,33.0,40.9,33.7,22.5,55.6,2.0,100,4.17,20.5,13.7,220.4,1004.0,54.1,6.4,217.1,18.7,8.0
13.082,80.275,2017-07-01,32.6,39.4,33.5,22.5,56.4,0.0,0,0.0,22.3,13.2,217.2,1004.2,51.2,6.5,175.7,15.1,6.0
13.082,80.275,2017-07-02,32.9,43.3,33.3,23.0,57.7,0.0,0,0.0,25.9,13.7,210.9,1004.6,46.2,6.7,167.7,14.5,6.0
13.082,80.275,2017-07-03,32.5,43.2,32.7,23.7,61.5,0.5,100,4.17,22.3,12.0,226.1,1005.6,46.1,6.4,220.3,19.0,7.0
13.082,80.275,2017-07-04,32.2,40.8,31.3,23.1,60.1,2.232,100,4.17,18.4,10.5,227.3,1006.2,54.5,6.8,232.3,19.9,8.0
13.082,80.275,2017-07-05,33.1,43.6,32.7,23.2,57.8,0.0,0,0.0,27.7,15.2,219.8,1005.7,49.8,7.3,244.7,21.0,8.0
13.082,80.275,2017-07-06,32.2,42.3,24.0,22.8,59.7,15.0,100,4.17,30.5,16.1,213.5,1005.8,40.7,6.6,216.9,18.8,8.0
13.082,80.275,2017-07-07,29.4,42.0,24.0,24.4,75.9,35.72,100,12.5,18.4,7.7,223.1,1006.2,59.6,6.1,173.7,15.1,6.0
13.082,80.275,2017-07-08,30.2,38.1,31.5,23.8,69.1,3.72,100,4.17,16.6,8.4,216.7,1006.1,50.8,6.1,154.1,13.2,6.0
13.082,80.275,2017-07-09,30.6,41.1,23.3,23.5,68.1,28.0,100,4.17,20.3,13.8,204.2,1006.0,54.2,6.0,198.9,17.2,6.0
13.082,80.275,2017-07-10,30.1,44.5,24.7,24.5,73.8,80.497,100,8.33,18.4,10.8,205.3,1006.6,53.9,6.5,249.2,21.4,8.0
13.082,80.275,2017-07-11,31.5,39.9,25.3,24.3,67.4,15.0,100,4.17,24.1,11.7,237.4,1006.2,50.2,6.7,221.4,19.0,8.0
13.082,80.275,2017-07-12,27.3,35.8,24.0,24.2,83.7,51.821,100,16.67,25.9,10.6,249.8,1007.1,79.4,4.7,111.7,9.5,3.0
13.082,80.275,2017-07-13,30.1,41.3,26.0,23.6,69.4,0.2,100,4.17,18.4,10.5,226.7,1005.9,61.5,6.4,160.3,13.8,7.0
13.082,80.275,2017-07-14,29.8,37.4,30.1,22.7,65.9,0.744,100,4.17,16.6,11.5,218.7,1005.9,71.5,6.2,107.4,9.3,4.0
13.082,80.275,2017-07-15,30.0,37.9,30.1,22.7,65.2,0.374,100,8.33,14.8,8.0,220.9,1006.1,72.1,6.2,158.4,13.7,7.0
13.082,80.275,2017-07-16,30.3,39.3,30.1,23.3,67.2,0.0,0,0.0,22.3,8.9,210.1,1005.1,69.6,6.4,121.5,10.3,5.0
13.082,80.275,2017-07-17,30.8,39.3,31.3,22.9,63.2,0.0,0,0.0,18.4,10.7,218.2,1003.6,67.7,6.3,128.9,11.1,6.0
13.082,80.275,2017-07-18,31.5,40.8,32.0,22.7,60.6,0.0,0,0.0,25.9,13.4,235.2,1003.3,64.5,6.4,150.2,12.9,7.0
13.082,80.275,2017-07-19,30.6,43.2,26.0,22.4,62.9,0.455,100,12.5,24.1,13.8,210.1,1003.6,53.0,6.4,204.2,17.7,8.0
13.082,80.275,2017-07-20,32.1,43.1,30.2,23.3,61.3,2.158,100,4.17,25.9,15.1,201.7,1003.9,45.0,6.6,195.6,16.9,8.0
13.082,80.275,2017-07-21,32.3,43.2,29.8,21.3,53.6,0.0,0,0.0,22.3,13.9,199.2,1004.5,30.8,7.0,226.2,19.6,9.0
13.082,80.275,2017-07-22,32.3,44.5,32.6,23.4,60.2,0.0,0,0.0,25.9,14.4,216.7,1005.0,36.1,7.0,230.7,19.8,8.0
13.082,80.275,2017-07-23,32.6,44.0,35.2,24.0,62.2,0.0,0,0.0,22.3,14.4,193.0,1004.9,43.0,6.8,242.7,21.1,9.0
13.082,80.275,2017-07-24,32.6,43.3,33.6,23.6,61.3,0.0,0,0.0,22.3,11.1,237.0,1005.1,38.1,6.6,233.9,20.2,8.0
13.082,80.275,2017-07-25,32.3,43.0,34.5,23.7,62.0,0.0,0,0.0,20.5,11.2,228.2,1004.3,38.7,6.7,256.2,22.3,9.0
13.082,80.275,2017-07-26,32.2,43.2,26.0,23.9,63.3,26.0,100,4.17,22.3,12.7,244.1,1004.3,46.6,6.4,259.9,22.4,9.0
13.082,80.275,2017-07-27,31.2,43.2,30.6,24.5,69.5,12.232,100,8.33,20.5,11.1,222.5,1005.4,33.3,6.2,270.7,23.3,9.0
13.082,80.275,2017-07-28,30.4,43.2,25.0,23.8,69.4,2.0,100,4.17,22.3,13.2,243.2,1006.7,42.4,6.5,261.8,22.5,9.0
13.082,80.275,2017-07-29,30.4,43.3,26.0,25.1,74.9,0.223,100,4.17,14.8,9.9,241.9,1007.3,43.9,6.6,240.5,20.7,9.0
13.082,80.275,2017-07-30,30.9,43.3,30.6,24.8,71.0,0.128,100,4.17,18.4,9.4,240.9,1006.6,46.7,6.2,230.0,19.8,8.0
13.082,80.275,2017-07-31,30.4,42.5,30.7,24.7,71.9,0.0,0,0.0,22.3,12.3,279.3,1006.7,41.3,6.3,223.7,19.1,8.0
13.082,80.275,2017-08-01,31.2,44.7,29.6,24.9,70.3,2.0,100,4.17,18.4,12.3,247.7,1006.7,51.0,5.8,260.2,22.3,9.0
13.082,80.275,2017-08-02,29.6,43.2,25.0,25.3,79.6,27.904,100,16.67,22.3,12.0,233.0,1007.1,60.9,6.2,268.4,23.3,9.0
13.082,80.275,2017-08-03,31.0,40.8,30.1,23.8,67.2,0.0,0,0.0,22.3,11.5,273.5,1005.8,43.5,6.6,257.2,22.2,9.0
13.082,80.275,2017-08-04,31.3,43.2,32.7,24.1,66.6,0.7,100,4.17,18.4,10.6,292.8,1003.8,54.3,6.3,203.3,17.6,8.0
13.082,80.275,2017-08-05,30.2,40.6,30.1,24.8,74.0,27.808,100,8.33,18.4,11.3,270.8,1002.9,64.3,6.2,186.4,16.0,8.0
13.082,80.275,2017-08-06,30.9,43.2,30.0,24.2,68.6,11.16,100,4.17,18.4,11.5,247.3,1003.0,46.1,6.4,226.9,19.8,8.0
13.082,80.275,2017-08-07,30.4,44.7,26.0,24.3,70.9,6.0,100,4.17,22.3,10.0,266.0,1004.3,59.4,6.3,184.9,15.9,7.0
13.082,80.275,2017-08-08,30.4,43.3,30.0,25.0,73.5,0.0,0,0.0,18.4,10.6,198.4,1005.5,53.1,6.0,216.6,18.6,8.0
13.082,80.275,2017-08-09,30.3,44.9,29.6,24.8,73.3,2.976,100,4.17,22.3,12.1,231.7,1006.3,46.3,6.5,236.1,20.3,8.0
13.082,80.275,2017-08-10,29.9,41.3,26.0,24.8,75.0,4.512,100,8.33,14.8,9.0,142.7,1006.9,44.7,6.6,208.7,17.9,9.0
13.082,80.275,2017-08-11,29.6,45.3,25.0,25.2,78.6,18.851,100,8.33,22.3,10.2,251.9,1006.9,44.3,5.5,238.9,20.4,9.0
13.082,80.275,2017-08-12,30.0,43.3,26.1,24.9,75.4,14.44,100,8.33,22.3,11.7,208.8,1007.4,59.8,6.2,225.6,19.5,8.0
13.082,80.275,2017-08-13,28.1,42.1,24.9,24.8,83.2,17.05,100,12.5,25.9,11.3,260.9,1008.5,72.3,5.2,208.4,18.2,8.0
13.082,80.275,2017-08-14,29.3,43.3,29.6,25.1,78.9,0.0,0,0.0,18.4,7.5,227.8,1009.2,68.5,5.2,221.0,18.9,8.0
13.082,80.275,2017-08-15,28.2,42.0,26.0,24.2,80.0,1.613,100,8.33,14.8,9.3,264.2,1008.5,58.9,5.9,190.5,16.2,7.0
13.082,80.275,2017-08-16,28.3,43.3,25.0,24.1,79.2,14.024,100,4.17,22.3,12.4,256.0,1006.5,50.1,6.2,242.8,21.1,9.0
13.082,80.275,2017-08-17,28.6,40.9,25.5,24.8,81.0,39.416,100,12.5,24.1,10.7,266.3,1004.4,65.9,5.6,192.0,16.6,6.0
13.082,80.275,2017-08-18,28.5,42.0,23.8,24.6,80.4,76.409,100,12.5,27.7,11.0,273.3,1002.9,74.4,5.4,168.9,14.5,9.0
13.082,80.275,2017-08-19,29.4,40.8,25.5,24.8,77.8,13.248,100,8.33,22.3,11.7,258.1,1003.1,64.3,6.0,178.6,15.3,8.0
13.082,80.275,2017-08-20,29.0,39.3,26.0,23.8,74.6,1.488,100,4.17,18.6,11.0,235.8,1003.7,63.7,6.2,161.5,14.0,7.0
13.082,80.275,2017-08-21,29.5,40.6,26.0,24.4,75.3,7.634,100,8.33,22.3,11.8,242.5,1003.7,51.5,6.5,201.9,17.5,8.0
13.082,80.275,2017-08-22,29.6,39.2,32.2,25.4,78.6,0.0,0,0.0,11.2,7.4,238.2,1004.1,67.6,6.1,153.5,13.2,5.0
13.082,80.275,2017-08-23,30.3,44.9,26.0,25.0,74.5,1.536,100,4.17,22.3,10.1,232.8,1004.8,54.6,6.3,231.5,20.1,8.0
13.082,80.275,2017-08-24,28.9,39.2,26.0,24.5,77.4,0.174,100,8.33,18.4,11.0,264.4,1004.9,62.3,5.9,151.0,12.8,6.0
13.082,80.275,2017-08-25,28.1,39.1,24.9,24.9,83.2,6.332,100,12.5,18.4,8.7,254.5,1004.4,70.4,5.4,140.1,12.2,5.0
13.082,80.275,2017-08-26,30.2,43.3,26.0,24.7,73.7,8.0,100,8.33,22.3,12.5,256.8,1002.5,68.6,6.2,237.7,20.4,9.0
13.082,80.275,2017-08-27,28.7,42.1,26.0,25.4,83.1,21.764,100,16.67,22.3,9.6,267.7,1001.7,69.5,5.7,110.6,9.4,5.0
13.082,80.275,2017-08-28,29.7,39.2,30.6,24.4,73.8,0.372,100,4.17,18.4,10.0,251.5,1001.3,58.0,6.1,195.4,16.8,8.0
13.082,80.275,2017-08-29,30.7,42.0,30.9,24.1,68.4,0.0,0,0.0,18.4,11.1,227.0,1002.7,47.4,7.0,180.4,15.5,7.0
13.082,80.275,2017-08-30,30.9,44.7,25.0,24.6,70.9,11.0,100,8.33,22.3,10.3,250.6,1005.4,42.7,7.1,240.3,20.7,9.0
13.082,80.275,2017-08-31,29.3,43.5,24.8,25.3,79.9,11.237,100,8.33,20.5,10.1,260.8,1007.4,55.7,5.9,239.9,20.8,9.0
13.082,80.275,2017-09-01,28.9,43.8,25.0,25.9,84.2,10.512,100,8.33,20.5,7.9,253.9,1007.7,56.9,5.3,234.1,20.1,8.0
13.082,80.275,2017-09-02,29.4,43.5,32.3,25.9,82.3,2.36,100,8.33,13.0,6.3,259.6,1007.5,43.5,5.9,241.5,20.7,9.0
13.082,80.275,2017-09-03,30.0,46.7,26.7,25.5,78.0,0.0,0,0.0,18.4,8.6,233.5,1007.8,36.7,6.6,260.4,22.5,9.0
13.082,80.275,2017-09-04,30.7,44.7,30.0,25.8,76.4,0.0,0,0.0,14.8,8.2,239.5,1007.9,43.2,6.0,250.3,21.4,8.0
13.082,80.275,2017-09-05,31.2,45.7,26.6,26.4,76.5,0.0,0,0.0,14.8,11.1,242.6,1007.3,46.3,5.7,248.0,21.4,9.0
13.082,80.275,2017-09-06,29.8,43.6,25.0,25.3,77.7,0.0,0,0.0,14.9,10.2,245.8,1006.4,38.8,6.0,226.8,19.4,9.0
13.082,80.275,2017-09-07,29.2,42.1,24.0,25.1,79.6,48.232,100,8.33,22.3,11.0,242.3,1006.5,50.2,6.2,237.8,20.7,8.0
13.082,80.275,2017-09-08,29.9,42.1,31.2,25.8,79.2,0.0,0,0.0,14.8,9.5,205.3,1006.8,44.6,6.4,220.3,18.9,7.0
13.082,80.275,2017-09-09,30.0,42.1,32.5,25.6,78.2,0.768,100,4.17,16.6,8.0,196.6,1006.4,58.9,5.6,210.2,18.1,7.0
13.082,80.275,2017-09-10,30.3,40.6,32.7,25.1,74.6,0.0,0,0.0,14.8,8.5,177.9,1006.5,51.2,6.6,237.5,20.5,8.0
13.082,80.275,2017-09-11,30.1,40.6,32.4,25.3,76.3,0.0,0,0.0,14.8,8.3,184.4,1007.5,41.7,6.6,252.4,21.8,9.0
13.082,80.275,2017-09-12,30.1,42.1,33.4,25.8,78.0,11.53,100,12.5,14.8,8.2,194.9,1008.9,42.8,5.8,247.0,21.3,9.0
13.082,80.275,2017-09-13,30.3,45.3,30.9,25.9,78.0,0.0,0,0.0,18.4,10.0,196.5,1008.9,38.6,6.5,249.6,21.4,9.0
13.082,80.275,2017-09-14,29.9,42.3,32.2,26.0,80.3,0.5,100,4.17,16.6,9.3,234.9,1007.7,51.5,6.2,223.3,19.2,9.0
13.082,80.275,2017-09-15,29.8,42.0,30.1,25.0,76.3,0.0,0,0.0,13.0,6.9,250.5,1006.9,57.9,6.1,227.6,19.6,8.0
13.082,80.275,2017-09-16,29.4,40.1,24.7,25.8,81.5,13.0,100,4.17,18.4,8.3,244.1,1006.4,62.5,5.6,140.5,12.1,6.0
13.082,80.275,2017-09-17,27.9,37.7,25.0,24.4,81.7,7.594,100,8.33,22.3,12.9,252.9,1007.6,69.6,5.4,72.1,6.2,3.0
13.082,80.275,2017-09-18,29.2,40.6,25.7,23.8,74.2,9.149,100,8.33,22.3,13.3,263.7,1008.0,62.0,6.1,113.2,9.7,5.0
13.082,80.275,2017-09-19,30.3,40.6,25.6,23.7,69.9,19.344,100,4.17,22.3,9.8,266.4,1007.0,42.6,6.6,227.4,19.6,8.0
13.082,80.275,2017-09-20,30.7,39.6,28.9,23.5,66.7,0.0,0,0.0,20.5,13.5,252.5,1006.2,38.4,6.7,245.0,21.2,8.0
13.082,80.275,2017-09-21,30.9,40.8,28.8,23.3,65.0,0.0,0,0.0,22.3,12.2,246.5,1006.1,37.5,6.9,268.0,23.0,10.0
13.082,80.275,2017-09-22,30.1,40.6,30.1,24.5,72.7,0.223,100,4.17,16.6,7.3,263.4,1007.2,62.6,6.5,216.0,18.7,8.0
13.082,80.275,2017-09-23,30.7,43.5,32.7,25.5,74.7,0.256,100,4.17,18.4,8.7,234.3,1008.2,37.5,6.1,216.2,18.5,8.0
13.082,80.275,2017-09-24,29.1,41.4,25.0,25.9,83.4,23.149,100,12.5,18.4,7.0,248.8,1007.9,54.8,5.0,204.9,17.5,8.0
13.082,80.275,2017-09-25,27.5,36.2,25.7,24.6,84.5,13.243,100,8.33,18.4,9.9,293.8,1006.5,57.9,5.6,177.9,15.3,8.0
13.082,80.275,2017-09-26,28.4,38.8,26.0,25.3,83.7,0.1,100,4.17,11.2,4.2,203.9,1006.1,65.3,4.6,150.9,13.1,7.0
13.082,80.275,2017-09-27,29.0,43.9,26.6,25.0,79.3,0.274,100,8.33,18.4,6.3,258.6,1006.3,69.1,5.0,159.0,13.6,7.0
13.082,80.275,2017-09-28,28.5,40.6,26.0,25.1,82.3,0.7,100,4.17,14.8,6.2,267.4,1005.7,66.5,5.1,191.0,16.5,7.0
13.082,80.275,2017-09-29,29.9,42.0,26.6,25.3,77.6,12.35,100,8.33,20.5,8.5,264.3,1005.7,59.7,6.0,168.6,14.5,6.0
13.082,80.275,2017-09-30,30.1,42.1,32.7,25.8,78.1,0.0,0,0.0,14.8,9.0,246.8,1007.2,66.9,6.1,189.0,16.3,7.0
13.082,80.275,2017-10-01,28.5,43.5,24.0,25.7,85.4,42.386,100,8.33,22.3,9.3,253.0,1007.5,63.3,5.0,228.6,19.9,8.0
13.082,80.275,2017-10-02,29.0,40.6,24.9,24.7,78.6,8.809,100,8.33,14.8,8.9,222.2,1006.6,53.1,6.0,236.3,20.4,8.0
13.082,80.275,2017-10-03,29.9,44.9,25.0,25.5,78.4,39.0,100,4.17,18.4,10.2,239.0,1006.6,55.1,6.1,240.8,20.6,9.0
13.082,80.275,2017-10-04,28.4,43.5,24.7,25.0,82.8,33.016,100,8.33,18.4,10.1,277.6,1006.9,54.1,5.7,226.5,19.6,9.0
13.082,80.275,2017-10-05,28.3,42.1,26.0,25.4,84.8,23.0,100,4.17,18.4,6.6,231.9,1005.9,61.0,5.4,185.2,16.1,8.0
13.082,80.275,2017-10-06,29.0,40.6,25.6,25.2,80.7,1.488,100,4.17,14.8,8.2,228.2,1005.8,49.2,6.1,223.5,19.4,8.0
13.082,80.275,2017-10-07,30.3,43.5,33.4,26.3,79.7,1.28,100,4.17,18.4,9.1,193.3,1006.0,46.2,6.3,222.5,19.0,8.0
13.082,80.275,2017-10-08,30.0,42.3,32.1,26.0,79.3,0.149,100,4.17,18.4,11.3,191.2,1006.1,46.4,6.2,230.0,19.9,9.0
13.082,80.275,2017-10-09,30.4,43.3,33.3,26.0,77.8,0.074,100,4.17,16.6,9.8,183.6,1005.7,41.2,6.1,211.8,18.3,8.0
13.082,80.275,2017-10-10,30.2,43.3,25.8,25.2,75.3,5.282,100,8.33,18.4,8.8,130.8,1005.3,42.0,5.3,251.0,21.6,9.0
13.082,80.275,2017-10-11,30.6,43.5,31.2,25.9,76.8,2.67,100,4.17,14.8,8.7,169.1,1005.7,50.7,5.9,224.5,19.4,8.0
13.082,80.275,2017-10-12,28.6,37.4,25.6,25.6,84.2,1.718,100,4.17,14.8,7.4,253.5,1006.4,56.0,5.4,174.5,15.0,7.0
13.082,80.275,2017-10-13,28.1,36.3,30.6,25.7,87.1,1.321,100,8.33,7.6,5.1,241.7,1005.8,67.5,4.3,107.4,9.2,5.0
13.082,80.275,2017-10-14,28.7,42.3,30.2,25.7,84.3,0.0,0,0.0,14.8,5.8,250.7,1005.6,64.0,4.7,65.8,5.8,3.0
13.082,80.275,2017-10-15,29.0,38.8,26.5,25.0,79.3,0.0,0,0.0,14.8,8.5,277.2,1006.0,54.6,5.9,134.7,11.5,6.0
13.082,80.275,2017-10-16,27.1,33.6,25.0,25.0,88.1,16.716,100,16.67,16.6,9.4,291.9,1006.6,71.1,5.1,89.1,7.7,4.0
13.082,80.275,2017-10-17,26.8,33.6,25.0,25.3,91.9,3.002,100,8.33,16.6,8.3,268.6,1005.9,73.9,4.7,89.4,7.6,4.0
13.082,80.275,2017-10-18,29.5,42.1,25.6,25.0,78.1,0.149,100,4.17,11.2,4.9,298.4,1005.0,53.6,4.3,98.9,8.7,4.0
13.082,80.275,2017-10-19,30.5,40.8,26.2,24.3,71.6,0.0,0,0.0,14.8,7.5,252.4,1005.5,42.5,5.3,214.4,18.4,9.0
13.082,80.275,2017-10-20,30.4,43.8,32.6,26.3,80.2,0.0,0,0.0,14.8,10.1,222.9,1007.2,37.9,6.2,237.8,20.5,8.0
13.082,80.275,2017-10-21,30.5,43.0,33.2,26.0,78.2,0.0,0,0.0,22.3,11.8,207.5,1008.4,48.3,6.3,246.5,21.2,9.0
13.082,80.275,2017-10-22,29.9,42.0,30.2,25.4,77.7,15.624,100,4.17,14.8,7.2,191.4,1008.7,54.1,5.6,212.8,18.4,9.0
13.082,80.275,2017-10-23,30.7,43.5,31.6,25.5,75.4,0.0,0,0.0,14.8,7.6,145.4,1009.4,48.4,5.2,238.7,20.6,8.0
13.082,80.275,2017-10-24,30.0,43.5,26.5,25.5,77.9,0.0,0,0.0,14.8,7.3,158.7,1011.0,38.9,5.1,220.7,18.9,8.0
13.082,80.275,2017-10-25,29.2,42.6,30.6,25.4,80.5,2.304,100,4.17,22.3,7.4,112.9,1012.4,44.9,5.2,215.1,18.6,8.0
13.082,80.275,2017-10-26,27.3,37.7,26.0,25.1,88.0,0.154,100,4.17,18.4,4.9,47.8,1012.8,50.8,5.0,176.5,15.3,6.0
13.082,80.275,2017-10-27,27.6,38.6,25.0,24.0,81.9,0.175,100,8.33,18.4,6.6,82.3,1011.9,49.6,5.3,167.7,14.5,5.0
13.082,80.275,2017-10-28,28.0,37.9,25.0,24.3,81.2,1.586,100,8.33,18.4,7.9,52.3,1011.4,53.7,4.8,201.5,17.3,8.0
13.082,80.275,2017-10-29,28.4,39.3,25.0,24.5,80.5,4.512,100,8.33,18.4,9.4,63.4,1011.6,46.9,5.0,184.8,16.1,7.0
13.082,80.275,2017-10-30,24.9,26.0,24.0,24.4,96.9,100.792,100,29.17,18.4,8.8,54.6,1011.4,68.9,3.3,41.6,3.6,2.0
13.082,80.275,2017-10-31,25.3,32.7,23.0,24.1,93.8,174.579,100,12.5,22.3,7.6,56.2,1010.7,68.8,3.7,77.7,6.6,4.0
13.082,80.275,2017-11-01,24.8,26.0,24.0,24.1,95.9,100.248,100,20.83,18.4,8.2,58.7,1011.4,72.5,3.8,68.0,5.8,3.0
13.082,80.275,2017-11-02,25.7,36.2,23.5,24.2,91.6,98.928,100,16.67,22.3,9.4,25.2,1010.3,68.8,4.1,70.4,6.0,4.0
13.082,80.275,2017-11-03,25.5,33.6,23.6,23.8,90.7,101.131,100,25.0,24.1,10.9,75.5,1009.5,73.8,3.8,136.4,12.0,6.0
13.082,80.275,2017-11-04,24.9,32.7,23.0,24.3,96.8,62.201,100,20.83,11.2,5.5,38.8,1009.6,64.7,3.5,56.3,4.9,2.0
13.082,80.275,2017-11-05,26.5,36.2,24.4,24.9,91.1,15.083,100,12.5,24.1,8.3,88.8,1010.1,62.6,4.7,120.1,10.3,6.0
13.082,80.275,2017-11-06,25.7,32.7,24.7,24.7,94.3,18.256,100,16.67,14.8,5.3,36.9,1011.0,64.4,4.2,97.4,8.4,5.0
13.082,80.275,2017-11-07,24.9,26.0,24.0,24.0,94.5,20.072,100,12.5,14.8,6.0,359.5,1011.3,66.3,3.5,134.3,11.6,5.0
13.082,80.275,2017-11-08,27.1,36.2,24.0,24.0,84.0,2.232,100,4.17,22.3,7.8,27.9,1011.5,52.1,5.5,216.6,18.7,8.0
13.082,80.275,2017-11-09,27.5,36.1,24.0,23.6,80.3,0.0,0,0.0,27.7,10.7,20.2,1010.3,45.3,5.2,223.4,19.2,8.0
13.082,80.275,2017-11-10,26.3,32.7,24.7,23.8,86.3,6.637,100,12.5,14.8,6.7,38.5,1009.7,61.3,4.1,108.5,9.4,4.0
13.082,80.275,2017-11-11,26.9,34.6,25.0,22.8,79.3,0.0,0,0.0,19.4,7.7,37.9,1009.5,63.2,4.7,137.2,11.9,6.0
13.082,80.275,2017-11-12,25.7,30.1,24.0,21.6,78.5,19.59,100,16.67,20.5,9.8,342.8,1007.7,68.7,3.5,78.6,6.7,4.0
13.082,80.275,2017-11-13,24.0,26.0,22.9,23.2,95.3,62.409,100,16.67,18.4,10.1,327.8,1007.0,74.4,3.1,30.5,2.6,2.0
13.082,80.275,2017-11-14,25.6,30.6,24.0,24.2,92.0,24.344,100,16.67,18.4,10.3,311.0,1006.2,70.2,4.1,58.2,5.0,3.0
13.082,80.275,2017-11-15,28.6,40.7,24.4,24.7,80.7,0.0,0,0.0,11.2,6.6,225.2,1006.5,42.5,6.0,212.6,18.5,8.0
13.082,80.275,2017-11-16,29.0,39.3,26.3,24.9,79.6,0.149,100,4.17,14.8,8.2,339.6,1007.3,41.2,5.7,218.4,18.9,8.0
13.082,80.275,2017-11-17,28.7,40.6,26.0,25.7,84.8,0.0,0,0.0,14.8,5.7,66.0,1008.7,42.0,4.8,212.9,18.2,8.0
13.082,80.275,2017-11-18,28.5,40.6,25.5,25.7,85.4,0.0,0,0.0,18.4,6.0,48.4,1009.7,42.7,5.7,188.4,16.2,7.0
13.082,80.275,2017-11-19,29.1,40.6,26.0,25.5,82.2,0.0,0,0.0,16.6,6.4,66.4,1011.1,38.5,6.0,190.5,16.6,7.0
13.082,80.275,2017-11-20,28.5,39.2,25.0,25.6,84.5,1.405,100,8.33,20.5,7.3,34.1,1011.7,45.2,5.8,167.6,14.4,7.0
13.082,80.275,2017-11-21,28.9,39.2,26.0,25.1,81.0,0.0,0,0.0,18.4,7.8,32.9,1011.0,42.9,6.0,188.4,16.4,7.0
13.082,80.275,2017-11-22,28.7,39.3,26.0,24.5,79.1,0.33,100,4.17,14.8,7.3,27.1,1010.4,39.6,5.8,213.2,18.3,8.0
13.082,80.275,2017-11-23,28.3,37.7,25.0,23.2,75.6,0.0,0,0.0,18.4,6.4,27.2,1010.5,36.2,4.6,207.9,18.0,8.0
13.082,80.275,2017-11-24,27.8,37.7,25.0,24.4,82.0,0.0,0,0.0,16.6,6.9,29.7,1011.5,46.8,4.0,165.6,14.3,7.0
13.082,80.275,2017-11-25,27.7,34.6,26.0,22.7,75.0,0.0,0,0.0,25.9,11.5,15.9,1012.5,51.8,5.0,214.7,18.6,8.0
13.082,80.275,2017-11-26,26.7,35.5,24.7,24.7,89.2,16.256,100,20.83,18.4,9.3,0.9,1012.8,68.4,3.4,113.0,9.8,5.0
13.082,80.275,2017-11-27,27.1,37.4,24.5,24.5,86.0,122.608,100,12.5,25.9,12.2,30.2,1011.8,61.3,4.3,173.0,14.9,7.0
13.082,80.275,2017-11-28,27.2,35.1,24.7,23.6,81.6,0.0,0,0.0,40.7,11.5,10.5,1011.8,44.4,4.6,173.3,14.9,6.0
13.082,80.275,2017-11-29,26.9,35.1,25.0,24.2,85.8,15.0,100,8.33,27.7,12.3,9.9,1012.1,61.2,4.1,136.1,11.8,5.0
13.082,80.275,2017-11-30,26.7,37.4,24.5,25.3,92.0,85.648,100,20.83,22.3,13.1,51.2,1011.1,68.3,4.3,139.0,12.2,6.0
13.082,80.275,2017-12-01,26.7,34.5,24.0,24.3,86.7,68.622,100,20.83,23.8,15.8,47.0,1010.4,70.2,4.9,78.2,6.7,5.0
13.082,80.275,2017-12-02,27.0,33.3,25.0,22.2,75.4,0.0,0,0.0,24.1,13.6,41.1,1011.9,66.3,6.0,186.1,16.1,7.0
13.082,80.275,2017-12-03,26.7,32.2,24.7,22.5,78.1,0.0,0,0.0,18.4,11.6,29.3,1012.5,63.4,5.4,155.3,13.5,6.0
13.082,80.275,2017-12-04,26.4,32.2,24.0,22.4,79.2,0.0,0,0.0,16.6,6.8,27.7,1011.6,43.1,5.6,160.5,14.0,6.0
13.082,80.275,2017-12-05,26.4,35.1,22.8,23.1,82.8,0.0,0,0.0,18.4,7.3,41.2,1010.9,39.0,5.7,152.1,13.2,6.0
13.082,80.275,2017-12-06,26.7,34.1,24.0,22.7,79.5,0.0,0,0.0,22.3,9.3,24.7,1010.3,40.2,6.3,151.6,13.0,5.0
13.082,80.275,2017-12-07,26.3,33.3,23.9,22.6,80.7,0.0,0,0.0,14.8,7.3,356.8,1009.9,48.5,4.3,191.7,16.7,7.0
13.082,80.275,2017-12-08,26.2,33.0,21.6,20.7,74.5,0.0,0,0.0,12.1,5.6,346.6,1009.9,22.2,4.3,227.9,19.6,8.0
13.082,80.275,2017-12-09,27.4,35.5,23.0,21.9,74.4,0.0,0,0.0,11.2,4.2,168.1,1010.7,24.7,4.9,224.9,19.3,8.0
13.082,80.275,2017-12-10,26.9,34.2,23.0,21.6,74.5,0.0,0,0.0,13.0,4.2,22.0,1012.1,11.5,4.1,220.1,19.1,8.0
13.082,80.275,2017-12-11,26.8,35.5,22.8,22.7,79.7,0.0,0,0.0,13.0,4.3,69.9,1013.3,21.3,4.0,201.4,17.5,8.0
13.082,80.275,2017-12-12,27.2,37.9,23.9,23.6,81.9,0.0,0,0.0,14.8,6.0,103.5,1013.6,27.8,4.5,182.4,15.8,6.0
13.082,80.275,2017-12-13,26.9,35.5,24.0,23.3,81.7,0.0,0,0.0,18.4,6.1,48.3,1013.8,28.3,5.6,175.3,15.2,6.0
13.082,80.275,2017-12-14,26.6,34.6,23.0,22.7,80.1,0.0,0,0.0,18.4,6.4,24.1,1014.3,37.1,5.7,179.8,15.5,7.0
13.082,80.275,2017-12-15,27.3,35.5,24.9,23.6,81.1,0.0,0,0.0,25.9,10.3,25.6,1014.4,40.8,5.0,173.1,14.9,6.0
13.082,80.275,2017-12-16,27.5,33.3,25.0,21.9,72.1,0.0,0,0.0,25.9,12.5,43.0,1015.7,37.4,5.4,197.8,17.0,7.0
13.082,80.275,2017-12-17,27.5,33.1,24.0,20.4,66.2,0.0,0,0.0,24.1,13.6,37.2,1016.4,42.2,5.8,209.1,18.0,8.0
13.082,80.275,2017-12-18,26.9,31.1,23.0,20.2,67.5,0.0,0,0.0,24.1,12.3,34.7,1016.2,39.7,5.2,209.6,18.2,8.0
13.082,80.275,2017-12-19,26.5,31.4,24.0,19.8,67.3,0.0,0,0.0,24.1,12.0,19.0,1015.3,40.3,6.3,194.6,16.9,7.0
13.082,80.275,2017-12-20,26.0,31.9,22.5,20.4,72.1,0.0,0,0.0,22.3,11.0,4.3,1016.0,32.0,6.0,227.7,19.7,8.0
13.082,80.275,2017-12-21,25.7,33.6,22.8,22.4,81.9,0.074,100,4.17,18.4,8.7,7.2,1015.9,52.8,5.0,135.9,11.6,5.0
13.082,80.275,2017-12-22,26.2,32.7,23.7,22.5,80.7,0.5,100,4.17,22.3,9.3,8.6,1014.8,53.0,4.6,178.3,15.4,7.0
13.082,80.275,2017-12-23,26.3,32.6,23.3,22.1,79.0,0.744,100,4.17,24.1,7.4,25.4,1012.7,37.1,5.0,204.9,17.7,7.0
13.082,80.275,2017-12-24,25.8,32.6,22.9,21.2,76.5,0.0,0,0.0,18.4,8.9,16.0,1012.4,46.5,5.1,172.5,14.9,5.0
13.082,80.275,2017-12-25,25.4,32.7,22.7,22.1,82.5,0.0,0,0.0,18.4,6.2,11.4,1013.0,45.1,4.8,176.5,15.2,6.0
13.082,80.275,2017-12-26,25.6,32.6,22.0,21.7,80.1,0.0,0,0.0,22.3,8.8,14.2,1013.5,36.3,4.0,213.9,18.4,8.0
13.082,80.275,2017-12-27,25.6,32.0,22.0,19.6,71.1,0.0,0,0.0,22.3,9.8,36.3,1013.6,32.5,4.2,215.3,18.5,7.0
13.082,80.275,2017-12-28,25.2,31.3,21.0,18.5,67.3,0.0,0,0.0,18.4,7.9,18.5,1013.2,41.4,5.3,191.0,16.5,7.0
13.082,80.275,2017-12-29,26.0,31.9,23.6,20.9,74.0,0.0,0,0.0,18.4,8.9,4.5,1013.4,48.3,5.5,165.3,14.2,6.0
13.082,80.275,2017-12-30,25.9,32.0,22.0,21.5,78.1,0.0,0,0.0,18.4,7.6,32.4,1012.9,41.8,5.4,189.2,16.4,6.0
13.082,80.275,2017-12-31,26.3,33.0,22.8,21.3,75.5,0.0,0,0.0,22.3,7.8,7.7,1011.2,36.5,5.7,204.2,17.7,7.0
13.082,80.275,2018-01-01,26.3,32.6,23.0,22.0,78.3,0.0,0,0.0,14.8,7.4,356.3,1009.6,51.0,5.3,0.0,0.0,0.0
13.082,80.275,2018-01-02,26.1,34.6,22.8,22.5,81.8,0.0,0,0.0,18.4,8.0,18.7,1009.7,42.6,5.1,113.9,7.3,7.0
13.082,80.275,2018-01-03,26.3,33.0,22.9,21.9,78.8,0.0,0,0.0,18.4,8.0,31.2,1011.4,33.5,5.5,214.2,18.4,8.0
13.082,80.275,2018-01-04,25.8,30.8,22.0,19.0,68.8,0.0,0,0.0,22.3,8.3,36.6,1012.7,19.0,4.5,234.2,20.2,8.0
13.082,80.275,2018-01-05,24.9,29.4,21.0,16.2,61.3,0.0,0,0.0,18.4,7.6,39.6,1011.9,15.2,4.9,233.7,20.0,8.0
13.082,80.275,2018-01-06,24.4,29.8,20.0,16.4,63.0,0.0,0,0.0,18.4,7.0,35.8,1011.6,27.0,4.4,236.1,20.3,8.0
13.082,80.275,2018-01-07,24.2,29.2,19.5,15.7,62.1,0.0,0,0.0,22.3,8.0,30.8,1012.3,2.6,5.1,244.2,21.0,9.0
13.082,80.275,2018-01-08,24.7,29.8,19.9,18.4,69.6,0.0,0,0.0,22.3,9.3,30.6,1012.8,34.5,4.9,221.7,19.3,8.0
13.082,80.275,2018-01-09,25.7,30.1,24.0,20.7,74.1,0.026,100,4.17,20.5,11.0,16.2,1014.0,64.5,4.5,138.5,12.1,7.0
13.082,80.275,2018-01-10,24.8,26.0,24.0,22.8,88.6,6.405,100,12.5,11.2,5.0,347.9,1015.0,84.7,3.6,104.9,9.2,4.0
13.082,80.275,2018-01-11,26.5,34.1,23.9,22.7,80.6,0.0,0,0.0,18.4,7.2,31.0,1014.6,52.2,4.6,171.5,14.7,7.0
13.082,80.275,2018-01-12,26.5,34.6,23.0,22.2,79.8,0.0,0,0.0,16.6,5.5,52.8,1013.8,27.5,4.0,235.3,20.4,8.0
13.082,80.275,2018-01-13,25.7,35.5,22.7,22.6,84.2,0.0,0,0.0,18.4,7.0,70.2,1013.4,35.6,3.9,224.2,19.3,8.0
13.082,80.275,2018-01-14,25.6,33.3,22.0,22.2,82.6,0.0,0,0.0,18.4,6.6,46.2,1013.8,30.8,4.2,230.5,19.9,8.0
13.082,80.275,2018-01-15,26.1,33.7,22.3,21.3,78.0,0.0,0,0.0,14.8,5.9,52.5,1013.7,30.1,4.7,229.4,19.8,8.0
13.082,80.275,2018-01-16,26.0,33.7,22.5,21.8,79.2,0.0,0,0.0,14.8,5.7,49.6,1012.6,36.1,4.5,223.9,19.4,8.0
13.082,80.275,2018-01-17,25.3,30.8,21.2,18.6,70.2,0.0,0,0.0,18.4,7.2,62.3,1013.0,21.6,4.5,245.2,21.3,9.0
13.082,80.275,2018-01-18,24.7,29.6,20.0,18.1,68.5,0.0,0,0.0,22.3,8.3,35.9,1013.3,34.4,5.3,245.7,21.3,9.0
13.082,80.275,2018-01-19,25.0,30.2,20.8,17.8,65.8,0.0,0,0.0,22.3,8.2,42.9,1014.0,37.6,5.4,244.7,21.2,9.0
13.082,80.275,2018-01-20,25.1,29.8,22.0,17.6,64.4,0.0,0,0.0,18.4,7.7,27.6,1013.5,46.0,5.1,231.0,20.0,8.0
13.082,80.275,2018-01-21,24.5,30.0,21.0,17.8,67.7,0.0,0,0.0,22.3,7.8,31.0,1012.5,40.2,5.0,237.0,20.5,9.0
13.082,80.275,2018-01-22,24.9,30.3,21.7,18.9,70.5,0.0,0,0.0,18.4,8.4,29.5,1011.6,43.1,4.9,216.5,18.8,8.0
13.082,80.275,2018-01-23,24.8,31.3,21.0,19.4,73.0,0.0,0,0.0,18.4,6.8,48.9,1011.1,29.6,4.9,237.6,20.6,8.0
13.082,80.275,2018-01-24,25.2,32.6,21.0,20.2,75.1,0.0,0,0.0,14.8,5.9,57.7,1010.4,20.5,4.7,244.8,21.3,9.0
13.082,80.275,2018-01-25,25.5,32.6,22.0,20.5,76.9,0.0,0,0.0,22.3,7.9,44.7,1010.0,20.5,4.5,253.3,21.8,9.0
13.082,80.275,2018-01-26,25.9,32.0,22.0,19.7,72.3,0.0,0,0.0,16.6,8.8,69.1,1010.7,16.1,4.1,254.6,22.1,9.0
13.082,80.275,2018-01-27,25.4,30.4,21.6,19.5,72.6,0.0,0,0.0,18.4,8.0,50.9,1011.4,17.4,4.2,254.5,21.9,9.0
13.082,80.275,2018-01-28,25.2,31.3,21.0,19.5,72.0,0.0,0,0.0,20.5,9.1,39.2,1012.3,11.7,4.6,251.1,21.6,9.0
13.082,80.275,2018-01-29,25.3,30.8,21.0,19.6,71.9,0.0,0,0.0,22.3,9.9,42.3,1013.7,35.9,4.8,246.8,21.3,9.0
13.082,80.275,2018-01-30,25.1,30.8,20.8,19.0,70.2,0.0,0,0.0,27.7,9.2,39.6,1014.1,23.3,5.7,258.9,22.3,9.0
13.082,80.275,2018-01-31,24.8,30.8,20.0,17.3,66.8,0.0,0,0.0,18.4,5.7,25.4,1014.4,9.7,5.1,261.8,22.7,9.0
13.082,80.275,2018-02-01,24.5,31.0,19.0,17.9,69.5,0.0,0,0.0,14.8,5.2,93.1,1014.1,2.1,5.0,263.8,22.9,9.0
13.082,80.275,2018-02-02,24.6,31.3,19.0,17.9,69.4,0.0,0,0.0,14.8,6.6,131.0,1013.3,5.8,5.2,262.5,22.8,9.0
13.082,80.275,2018-02-03,24.7,30.0,19.9,17.0,65.1,0.0,0,0.0,16.6,8.2,83.8,1013.7,26.7,5.7,256.2,22.2,9.0
13.082,80.275,2018-02-04,25.5,30.3,21.0,16.8,59.6,0.0,0,0.0,25.9,9.7,59.5,1013.8,45.9,6.6,237.5,20.6,9.0
13.082,80.275,2018-02-05,25.7,30.9,22.7,18.6,65.3,0.0,0,0.0,20.5,8.4,47.0,1014.9,56.2,6.3,218.2,18.8,7.0
13.082,80.275,2018-02-06,26.2,34.6,22.0,21.6,76.5,0.0,0,0.0,18.4,8.0,45.5,1014.7,60.3,5.9,139.8,12.0,5.0
13.082,80.275,2018-02-07,27.6,36.5,24.0,23.4,78.4,0.0,0,0.0,18.4,7.1,81.1,1013.3,59.7,6.0,181.5,15.6,6.0
13.082,80.275,2018-02-08,27.7,36.1,24.7,22.7,76.2,1.0,100,4.17,14.8,7.7,104.5,1012.1,59.3,5.7,239.2,20.7,9.0
13.082,80.275,2018-02-09,26.9,35.5,23.0,22.5,78.1,0.0,0,0.0,18.4,7.6,113.6,1011.8,37.2,6.1,250.3,21.6,9.0
13.082,80.275,2018-02-10,27.1,34.6,23.9,22.3,76.1,0.0,0,0.0,14.8,7.1,86.2,1013.4,39.6,4.8,233.5,20.4,8.0
13.082,80.275,2018-02-11,27.0,34.6,23.7,21.9,75.0,0.0,0,0.0,24.1,8.5,82.9,1014.5,38.9,5.7,243.4,21.0,8.0
13.082,80.275,2018-02-12,27.1,33.9,24.0,21.7,73.5,0.0,0,0.0,22.3,11.9,66.8,1015.8,35.0,6.1,208.9,18.1,7.0
13.082,80.275,2018-02-13,26.5,33.3,23.0,21.8,76.4,0.0,0,0.0,20.5,8.5,52.3,1017.1,36.9,5.2,196.8,17.1,6.0
13.082,80.275,2018-02-14,27.5,33.7,25.0,22.2,74.1,0.0,0,0.0,27.7,9.6,42.3,1017.1,42.1,5.3,205.2,17.7,7.0
13.082,80.275,2018-02-15,27.9,34.9,25.0,22.4,73.6,0.0,0,0.0,22.3,10.6,30.9,1017.1,36.7,5.5,237.9,20.6,8.0
13.082,80.275,2018-02-16,26.9,33.7,22.8,21.5,74.1,0.0,0,0.0,24.1,10.8,63.6,1016.2,26.4,5.6,270.2,23.3,9.0
13.082,80.275,2018-02-17,26.8,35.8,22.9,21.9,75.6,0.0,0,0.0,16.6,8.4,86.4,1012.9,22.1,5.5,253.4,21.9,9.0
13.082,80.275,2018-02-18,26.4,33.0,22.0,20.4,71.5,0.0,0,0.0,18.4,7.5,77.5,1012.1,21.8,5.1,260.8,22.5,9.0
13.082,80.275,2018-02-19,26.0,33.0,22.0,20.4,72.9,0.0,0,0.0,22.3,7.5,72.8,1012.6,30.4,5.5,254.1,21.9,9.0
13.082,80.275,2018-02-20,26.3,33.0,22.0,20.4,71.7,0.0,0,0.0,22.3,7.4,59.1,1012.4,22.1,5.3,268.3,23.1,9.0
13.082,80.275,2018-02-21,26.1,33.1,22.1,20.4,72.9,0.0,0,0.0,18.4,7.1,66.9,1011.1,20.1,5.8,270.2,23.4,9.0
13.082,80.275,2018-02-22,26.1,32.0,21.4,20.5,72.9,0.0,0,0.0,14.8,6.4,60.6,1010.9,23.1,5.9,271.4,23.5,10.0
13.082,80.275,2018-02-23,26.4,31.9,21.8,19.7,69.8,0.0,0,0.0,16.6,7.9,75.0,1011.6,22.6,5.9,267.0,23.0,10.0
13.082,80.275,2018-02-24,26.9,33.7,23.0,21.1,71.8,0.0,0,0.0,18.4,9.0,63.1,1013.3,37.2,6.1,276.8,23.8,9.0
13.082,80.275,2018-02-25,26.9,34.3,22.5,21.2,73.0,0.0,0,0.0,24.1,9.6,43.6,1013.2,19.0,6.4,274.7,23.6,10.0
13.082,80.275,2018-02-26,27.5,35.8,22.0,20.3,69.3,0.0,0,0.0,19.5,8.5,43.3,1012.1,20.8,6.0,282.0,24.3,10.0
13.082,80.275,2018-02-27,27.6,33.7,22.0,20.6,69.1,0.0,0,0.0,18.4,9.2,70.5,1011.7,30.3,5.4,281.1,24.2,10.0
13.082,80.275,2018-02-28,27.4,37.0,22.0,21.7,73.4,0.0,0,0.0,22.3,9.0,70.2,1011.6,35.9,5.3,273.9,23.6,10.0
13.082,80.275,2018-03-01,27.7,35.8,23.0,21.8,72.9,0.0,0,0.0,18.4,8.5,99.3,1011.0,10.8,5.3,278.7,24.3,10.0
13.082,80.275,2018-03-02,28.0,33.5,23.0,19.8,67.1,0.0,0,0.0,16.6,7.5,101.1,1010.9,14.2,5.7,287.2,24.9,10.0
13.082,80.275,2018-03-03,27.9,34.3,22.0,18.4,62.9,0.0,0,0.0,16.6,8.0,125.9,1010.3,7.1,5.9,288.0,24.8,10.0
13.082,80.275,2018-03-04,27.2,34.9,21.0,19.4,65.9,0.0,0,0.0,25.9,8.0,132.5,1010.1,6.9,5.8,286.2,24.6,10.0
13.082,80.275,2018-03-05,26.7,34.0,21.0,19.9,69.3,0.0,0,0.0,16.6,7.2,101.1,1011.0,7.2,6.4,285.0,24.5,10.0
13.082,80.275,2018-03-06,27.0,35.1,21.0,21.4,73.2,0.0,0,0.0,18.4,7.7,108.2,1011.7,7.9,6.2,279.7,24.2,10.0
13.082,80.275,2018-03-07,27.4,34.6,22.0,20.2,68.1,0.0,0,0.0,18.4,6.0,95.3,1011.5,18.1,6.1,280.4,24.3,10.0
13.082,80.275,2018-03-08,27.3,36.1,21.6,20.8,69.6,0.0,0,0.0,18.4,7.4,94.4,1011.4,9.9,5.7,282.9,24.5,10.0
13.082,80.275,2018-03-09,27.8,36.5,24.0,22.6,76.1,0.0,0,0.0,14.8,6.6,60.2,1011.7,30.7,5.2,265.3,22.9,9.0
13.082,80.275,2018-03-10,27.8,37.0,24.0,22.6,75.9,0.0,0,0.0,18.4,7.3,58.8,1011.4,28.8,4.8,258.6,22.2,9.0
13.082,80.275,2018-03-11,28.0,35.8,24.4,23.0,75.7,0.0,0,0.0,18.4,8.1,85.5,1012.1,37.7,5.0,264.4,22.8,10.0
13.082,80.275,2018-03-12,28.8,39.7,25.0,23.9,75.8,0.0,0,0.0,20.5,9.2,84.3,1012.8,47.4,5.9,265.2,22.9,9.0
13.082,80.275,2018-03-13,29.5,38.1,30.6,24.5,75.5,0.0,0,0.0,18.4,9.8,72.6,1012.0,69.7,6.7,248.3,21.5,8.0
13.082,80.275,2018-03-14,29.6,40.6,26.4,24.6,75.4,0.0,0,0.0,20.5,10.5,116.1,1011.1,50.0,6.7,231.8,20.1,7.0
13.082,80.275,2018-03-15,29.6,40.6,25.9,24.6,75.8,0.0,0,0.0,25.9,11.0,147.1,1010.4,39.3,6.8,251.5,21.7,8.0
13.082,80.275,2018-03-16,29.7,42.0,26.4,25.1,77.2,0.0,0,0.0,22.3,12.8,137.5,1009.3,49.3,8.0,230.7,19.8,8.0
13.082,80.275,2018-03-17,27.6,35.1,23.9,23.9,80.8,2.219,100,12.5,18.4,8.8,99.4,1010.7,74.2,5.7,100.0,8.6,3.0
13.082,80.275,2018-03-18,28.6,37.0,24.6,22.9,72.7,0.0,0,0.0,27.7,9.1,94.7,1011.6,33.0,6.4,263.3,22.8,9.0
13.082,80.275,2018-03-19,28.6,35.8,24.0,21.9,69.4,0.0,0,0.0,24.1,8.2,106.5,1012.6,26.7,6.0,285.8,24.7,10.0
13.082,80.275,2018-03-20,28.3,39.3,23.9,23.2,74.9,0.0,0,0.0,22.3,8.7,125.7,1011.5,27.5,5.3,285.9,24.9,10.0
13.082,80.275,2018-03-21,29.2,42.0,25.0,23.8,74.7,0.0,0,0.0,18.4,8.8,162.7,1010.2,20.6,5.8,292.2,25.3,10.0
13.082,80.275,2018-03-22,30.4,43.6,26.0,24.0,71.0,0.0,0,0.0,18.4,9.6,166.3,1008.0,22.5,5.7,287.0,24.8,10.0
13.082,80.275,2018-03-23,30.4,43.8,29.6,25.3,76.0,0.0,0,0.0,22.3,12.3,144.5,1007.6,49.7,5.5,276.3,23.7,10.0
13.082,80.275,2018-03-24,30.1,41.0,31.8,24.9,74.9,0.0,0,0.0,18.4,11.0,150.7,1009.9,45.6,4.8,281.4,24.3,10.0
13.082,80.275,2018-03-25,29.5,39.3,26.0,24.0,73.4,0.0,0,0.0,22.3,10.9,113.3,1012.5,25.9,6.1,285.2,24.5,10.0
13.082,80.275,2018-03-26,28.8,36.9,25.0,23.1,72.2,0.0,0,0.0,22.3,8.4,111.4,1012.8,31.1,5.8,278.4,24.1,10.0
13.082,80.275,2018-03-27,29.5,41.9,25.0,24.2,74.3,0.0,0,0.0,22.3,9.5,144.9,1011.3,32.9,6.4,285.4,24.6,10.0
13.082,80.275,2018-03-28,30.6,43.5,32.8,25.4,75.2,0.0,0,0.0,25.9,13.5,165.0,1009.9,38.3,6.1,278.3,24.2,10.0
13.082,80.275,2018-03-29,30.9,43.3,31.6,25.1,73.1,0.0,0,0.0,24.1,13.1,160.0,1009.4,24.8,7.2,284.5,24.7,10.0
13.082,80.275,2018-03-30,30.7,43.2,32.6,25.4,75.0,0.0,0,0.0,22.3,14.7,156.6,1008.7,34.1,7.0,284.1,24.7,10.0
13.082,80.275,2018-03-31,30.8,43.3,31.8,25.5,74.9,0.0,0,0.0,24.1,13.4,147.3,1008.4,48.4,6.4,274.6,23.7,10.0
13.082,80.275,2018-04-01,30.6,42.1,34.1,26.4,78.7,0.0,0,0.0,27.7,14.1,124.1,1008.6,42.4,5.9,269.7,23.3,10.0
13.082,80.275,2018-04-02,30.5,42.1,32.9,25.6,76.2,0.0,0,0.0,25.9,13.3,130.6,1009.8,44.7,6.7,253.4,22.0,8.0
13.082,80.275,2018-04-03,30.6,43.5,32.8,25.6,75.2,0.0,0,0.0,18.4,10.6,124.2,1009.5,39.1,7.2,270.6,23.4,9.0
13.082,80.275,2018-04-04,30.2,40.6,30.6,24.9,74.2,0.0,0,0.0,22.3,10.5,143.7,1007.9,27.9,6.8,286.1,24.7,10.0
13.082,80.275,2018-04-05,30.3,41.5,31.9,24.5,72.0,0.0,0,0.0,22.3,12.7,117.8,1007.5,25.8,7.0,281.3,24.2,9.0
13.082,80.275,2018-04-06,30.3,43.3,26.3,24.5,72.2,0.0,0,0.0,22.3,10.8,140.8,1008.1,30.8,6.8,290.2,25.1,10.0
13.082,80.275,2018-04-07,30.7,42.0,30.6,24.8,72.2,0.0,0,0.0,22.3,11.6,124.9,1009.5,38.6,6.8,282.7,24.4,10.0
13.082,80.275,2018-04-08,30.6,40.9,30.5,24.5,71.4,0.0,0,0.0,24.1,11.0,81.3,1010.5,40.2,6.8,287.2,24.8,10.0
13.082,80.275,2018-04-09,30.6,39.2,29.4,23.7,67.9,0.0,0,0.0,18.4,11.2,88.7,1010.8,35.7,6.3,292.2,25.3,10.0
13.082,80.275,2018-04-10,30.7,40.6,30.1,24.5,70.3,0.0,0,0.0,22.3,11.9,88.6,1009.7,34.6,7.1,272.0,23.4,9.0
13.082,80.275,2018-04-11,31.0,42.0,31.8,25.2,72.3,0.0,0,0.0,22.3,11.1,92.1,1009.4,43.7,6.6,241.8,20.9,9.0
13.082,80.275,2018-04-12,31.1,41.9,32.1,25.1,71.7,0.0,0,0.0,22.3,11.1,111.1,1008.8,39.8,6.5,275.7,23.8,10.0
13.082,80.275,2018-04-13,31.5,44.5,33.6,25.6,71.7,0.0,0,0.0,22.3,11.9,117.1,1009.3,38.2,6.7,247.9,21.4,8.0
13.082,80.275,2018-04-14,31.6,44.7,34.9,25.7,72.0,0.0,0,0.0,22.3,11.3,123.6,1009.0,44.2,7.2,254.5,22.1,9.0
13.082,80.275,2018-04-15,31.5,43.6,34.3,25.9,72.8,0.0,0,0.0,18.4,10.5,116.3,1009.3,45.3,6.8,264.5,22.9,8.0
13.082,80.275,2018-04-16,31.8,44.9,34.6,26.0,72.2,0.0,0,0.0,27.7,12.0,118.2,1009.8,37.4,6.8,258.6,22.3,9.0
13.082,80.275,2018-04-17,31.4,44.9,34.9,25.8,73.0,0.0,0,0.0,22.3,11.5,136.2,1010.4,41.9,6.6,278.2,24.0,9.0
13.082,80.275,2018-04-18,31.8,47.6,33.3,25.4,70.2,0.0,0,0.0,24.1,12.6,151.1,1009.7,36.5,7.1,297.2,25.8,10.0
13.082,80.275,2018-04-19,32.0,43.4,34.8,25.2,69.1,0.0,0,0.0,22.3,13.6,168.9,1008.0,45.8,6.8,287.9,24.8,10.0
13.082,80.275,2018-04-20,32.3,47.5,34.9,26.0,70.8,0.0,0,0.0,25.9,15.0,160.3,1007.5,29.6,6.7,298.7,25.8,10.0
13.082,80.275,2018-04-21,32.1,46.0,36.2,26.1,71.3,0.0,0,0.0,27.7,14.8,153.5,1007.7,35.9,6.8,286.3,25.0,9.0
13.082,80.275,2018-04-22,32.0,46.0,33.5,25.4,70.0,0.0,0,0.0,22.3,13.8,161.8,1008.3,26.7,6.9,294.1,25.4,10.0
13.082,80.275,2018-04-23,32.2,49.0,35.5,25.9,70.6,0.0,0,0.0,22.3,13.6,151.2,1008.2,35.6,6.8,293.9,25.7,10.0
13.082,80.275,2018-04-24,31.8,46.0,34.0,25.3,70.2,0.0,0,0.0,22.3,13.6,154.9,1008.3,30.2,7.0,290.9,25.0,10.0
13.082,80.275,2018-04-25,31.8,46.0,33.5,25.1,69.3,0.0,0,0.0,22.3,14.2,151.4,1007.9,37.3,6.9,290.2,25.1,9.0
13.082,80.275,2018-04-26,31.8,47.6,34.1,25.9,71.6,0.0,0,0.0,25.9,14.8,148.7,1007.0,34.2,6.6,295.1,25.7,10.0
13.082,80.275,2018-04-27,31.8,43.3,35.4,25.9,72.0,0.0,0,0.0,24.1,12.8,144.5,1008.5,40.3,6.8,291.1,25.2,10.0
13.082,80.275,2018-04-28,31.9,44.9,34.4,25.6,70.7,0.0,0,0.0,22.3,12.1,148.4,1009.2,35.7,7.0,292.9,25.4,10.0
13.082,80.275,2018-04-29,32.0,44.5,34.8,25.4,69.5,0.0,0,0.0,18.4,11.9,159.7,1008.0,38.5,6.8,275.8,23.9,9.0
13.082,80.275,2018-04-30,32.6,46.4,36.4,26.0,70.2,0.0,0,0.0,24.1,16.9,164.0,1006.0,30.8,6.8,294.9,25.7,10.0
13.082,80.275,2018-05-01,32.8,47.6,36.8,26.3,70.7,0.0,0,0.0,25.9,18.0,158.7,1006.7,40.1,6.7,295.9,25.7,10.0
13.082,80.275,2018-05-02,31.6,46.7,29.6,24.7,67.7,0.0,0,0.0,22.3,14.0,154.7,1007.2,47.5,6.5,275.7,23.8,9.0
13.082,80.275,2018-05-03,32.5,46.3,37.3,26.4,71.2,0.0,0,0.0,25.1,14.3,134.8,1008.3,37.1,6.6,273.5,23.8,9.0
13.082,80.275,2018-05-04,31.5,44.7,30.1,24.8,68.2,0.0,0,0.0,24.1,12.9,131.9,1008.8,43.3,6.8,249.5,21.7,9.0
13.082,80.275,2018-05-05,32.0,44.7,35.2,25.3,68.7,0.0,0,0.0,20.5,11.4,127.8,1009.3,34.2,6.8,276.5,23.9,10.0
13.082,80.275,2018-05-06,32.2,44.5,35.6,25.2,68.0,0.0,0,0.0,20.5,11.9,156.0,1009.5,32.9,6.9,291.1,25.4,9.0
13.082,80.275,2018-05-07,32.4,47.6,35.7,26.0,69.8,0.0,0,0.0,25.9,13.3,153.1,1008.0,53.8,6.4,293.2,25.3,10.0
13.082,80.275,2018-05-08,33.0,46.3,37.1,25.8,67.1,0.0,0,0.0,25.9,15.7,160.6,1006.8,50.8,6.6,241.0,20.7,9.0
13.082,80.275,2018-05-09,32.8,44.7,35.1,25.0,64.7,0.0,0,0.0,27.7,15.2,157.6,1007.5,38.7,6.9,246.9,21.5,9.0
13.082,80.275,2018-05-10,32.2,43.8,35.1,25.1,67.2,0.0,0,0.0,22.3,14.4,157.1,1009.3,37.7,6.9,260.9,22.7,9.0
13.082,80.275,2018-05-11,32.7,46.0,36.0,25.3,67.0,0.0,0,0.0,27.7,16.1,148.0,1008.0,30.4,6.9,291.9,25.2,10.0
13.082,80.275,2018-05-12,32.7,46.3,35.8,25.5,67.4,0.0,0,0.0,27.7,15.2,150.0,1007.6,35.5,7.2,281.3,24.5,10.0
13.082,80.275,2018-05-13,32.3,46.0,35.6,25.6,69.1,0.0,0,0.0,24.1,15.0,154.6,1007.4,36.8,7.4,277.0,24.1,9.0
13.082,80.275,2018-05-14,32.2,46.0,35.4,25.6,69.5,0.0,0,0.0,25.9,14.8,134.6,1008.0,31.2,6.8,275.1,23.8,9.0
13.082,80.275,2018-05-15,31.8,44.7,35.6,25.6,70.6,0.0,0,0.0,22.3,12.0,148.1,1007.6,60.8,6.8,266.4,22.9,9.0
13.082,80.275,2018-05-16,31.9,44.7,33.9,25.4,69.8,0.0,0,0.0,27.7,13.6,134.8,1006.4,35.6,7.2,258.6,22.4,9.0
13.082,80.275,2018-05-17,32.4,44.5,35.5,25.3,67.4,0.0,0,0.0,27.7,13.7,139.2,1006.3,41.4,6.7,275.4,23.6,9.0
13.082,80.275,2018-05-18,32.4,45.8,33.7,25.6,68.4,0.0,0,0.0,18.4,11.9,157.9,1005.8,38.1,6.4,273.2,23.8,9.0
13.082,80.275,2018-05-19,32.6,46.0,36.3,26.0,69.7,0.0,0,0.0,25.9,14.5,149.3,1005.3,34.0,6.5,289.4,25.1,9.0
13.082,80.275,2018-05-20,32.4,46.3,36.0,26.1,70.4,0.0,0,0.0,22.3,15.7,139.2,1005.2,26.9,6.9,298.4,25.8,10.0
13.082,80.275,2018-05-21,32.5,46.3,37.2,26.3,71.2,0.0,0,0.0,27.7,13.5,133.3,1005.8,37.3,6.8,290.6,25.2,9.0
13.082,80.275,2018-05-22,32.5,46.3,36.7,25.9,69.5,0.0,0,0.0,24.1,11.4,112.6,1005.8,41.4,6.8,274.1,23.7,10.0
13.082,80.275,2018-05-23,32.0,46.3,37.0,26.1,72.1,0.0,0,0.0,24.1,11.9,135.6,1005.6,42.4,6.6,275.3,23.9,9.0
13.082,80.275,2018-05-24,32.0,44.7,35.9,25.8,70.6,0.0,0,0.0,22.3,10.8,121.7,1004.8,54.4,6.6,224.8,19.4,8.0
13.082,80.275,2018-05-25,31.8,42.9,36.4,25.7,70.8,0.0,0,0.0,20.5,10.3,123.9,1004.3,52.3,7.2,205.2,17.8,7.0
13.082,80.275,2018-05-26,32.0,44.9,34.3,25.6,69.9,0.0,0,0.0,20.5,11.1,122.1,1004.2,50.6,6.6,261.3,22.8,9.0
13.082,80.275,2018-05-27,32.2,44.5,35.6,25.5,68.6,0.0,0,0.0,22.3,12.9,141.5,1004.1,39.1,6.8,268.8,23.3,9.0
13.082,80.275,2018-05-28,32.7,47.6,36.3,26.2,69.9,0.0,0,0.0,27.7,16.0,151.3,1002.2,40.6,6.4,255.6,22.0,9.0
13.082,80.275,2018-05-29,34.3,49.8,36.7,25.6,62.4,0.0,0,0.0,22.3,14.1,160.0,1000.9,29.2,6.7,278.2,24.0,9.0
13.082,80.275,2018-05-30,34.1,47.3,36.2,24.6,58.8,0.0,0,0.0,27.7,14.9,169.7,1001.5,32.7,6.9,285.7,24.6,9.0
13.082,80.275,2018-05-31,33.6,48.7,37.4,26.0,66.4,0.0,0,0.0,24.1,13.3,155.3,1003.4,35.7,6.6,280.0,24.2,9.0
13.082,80.275,2018-06-01,32.9,48.1,36.8,26.1,68.0,0.0,0,0.0,22.3,10.3,136.4,1004.8,33.1,6.6,265.2,23.0,9.0
13.082,80.275,2018-06-02,31.8,45.8,30.7,24.3,65.5,0.0,0,0.0,22.3,11.0,193.8,1005.5,46.4,6.2,251.3,21.9,9.0
13.082,80.275,2018-06-03,32.1,45.8,31.3,23.6,62.2,0.026,100,4.17,20.5,10.4,216.9,1004.3,62.7,6.6,263.5,22.8,9.0
13.082,80.275,2018-06-04,32.8,43.4,32.5,22.8,56.4,0.0,0,0.0,20.5,13.2,197.5,1003.0,42.2,6.9,244.1,21.1,9.0
13.082,80.275,2018-06-05,33.2,46.0,33.7,24.3,61.7,0.0,0,0.0,24.1,13.4,182.7,1003.4,30.4,6.9,268.1,23.1,9.0
13.082,80.275,2018-06-06,31.1,48.4,26.0,24.9,72.2,33.208,100,8.33,25.9,14.7,189.1,1005.3,69.1,5.6,230.8,20.0,9.0
13.082,80.275,2018-06-07,30.4,43.2,26.6,25.4,76.3,5.208,100,4.17,22.3,13.1,198.2,1004.7,57.1,5.7,178.0,15.5,7.0
13.082,80.275,2018-06-08,32.9,44.8,33.6,23.0,57.8,0.0,0,0.0,27.7,13.4,214.8,1002.8,57.0,6.8,201.1,17.3,7.0
13.082,80.275,2018-06-09,32.9,42.1,33.0,22.3,54.4,0.0,0,0.0,25.9,15.9,216.1,1001.7,53.5,7.0,193.4,16.8,7.0
13.082,80.275,2018-06-10,33.8,44.3,32.9,22.3,51.9,0.0,0,0.0,29.5,17.0,225.7,1002.5,50.2,6.8,196.2,17.0,6.0
13.082,80.275,2018-06-11,33.7,44.7,33.7,22.8,53.6,0.0,0,0.0,25.9,16.3,221.9,1003.2,42.4,7.1,168.1,14.5,5.0
13.082,80.275,2018-06-12,33.6,43.0,33.6,22.5,52.8,0.0,0,0.0,22.3,14.2,215.7,1003.4,52.5,6.7,194.7,16.9,7.0
13.082,80.275,2018-06-13,33.2,43.3,33.3,23.3,57.6,0.0,0,0.0,22.3,15.2,210.0,1003.9,42.8,6.4,205.6,17.7,6.0
13.082,80.275,2018-06-14,33.9,45.8,34.1,23.1,54.7,0.0,0,0.0,25.9,15.0,229.9,1004.4,41.9,6.8,260.8,22.4,9.0
13.082,80.275,2018-06-15,32.8,46.0,33.3,23.7,60.4,14.788,100,8.33,22.3,14.3,215.3,1005.1,53.1,5.8,245.2,21.3,8.0
13.082,80.275,2018-06-16,31.3,44.5,26.6,24.2,67.9,16.952,100,8.33,25.9,13.5,212.7,1006.6,61.1,6.1,249.5,21.6,9.0
13.082,80.275,2018-06-17,33.0,44.9,30.8,23.3,59.4,0.0,0,0.0,24.1,14.4,233.1,1006.0,50.2,6.7,269.2,23.3,9.0
13.082,80.275,2018-06-18,33.1,42.6,32.8,22.7,56.3,0.0,0,0.0,24.1,15.4,217.7,1005.5,47.1,7.3,272.4,23.7,9.0
13.082,80.275,2018-06-19,32.7,42.6,32.0,22.9,58.6,0.0,0,0.0,24.1,15.9,206.6,1004.7,39.4,6.6,269.6,23.3,9.0
13.082,80.275,2018-06-20,32.5,43.2,32.4,23.2,59.5,0.0,0,0.0,22.3,15.0,194.0,1004.2,41.3,6.9,264.2,22.8,9.0
13.082,80.275,2018-06-21,32.9,45.4,32.9,23.6,60.0,0.0,0,0.0,20.5,14.3,199.1,1003.8,46.6,7.1,264.5,22.8,9.0
13.082,80.275,2018-06-22,32.6,43.0,32.6,22.9,58.3,0.0,0,0.0,24.1,14.1,211.9,1003.8,55.9,7.1,220.3,19.1,8.0
13.082,80.275,2018-06-23,32.8,43.3,34.5,23.6,59.8,0.0,0,0.0,22.3,14.2,194.8,1004.1,55.8,7.0,211.4,18.3,8.0
13.082,80.275,2018-06-24,32.0,41.0,34.3,23.5,62.0,0.744,100,4.17,22.3,13.3,213.7,1005.3,64.0,6.9,177.5,15.2,7.0
13.082,80.275,2018-06-25,31.9,41.9,33.1,23.4,62.5,0.298,100,4.17,25.9,11.9,211.2,1004.6,61.6,6.4,200.4,17.4,7.0
13.082,80.275,2018-06-26,31.9,43.7,26.5,22.9,61.2,3.0,100,4.17,25.9,14.9,222.1,1003.3,61.5,6.5,217.4,18.9,9.0
13.082,80.275,2018-06-27,31.0,40.6,31.1,22.7,62.0,2.976,100,4.17,22.3,14.1,219.2,1003.1,61.5,6.1,169.3,14.7,6.0
13.082,80.275,2018-06-28,30.9,39.5,31.1,23.2,64.4,0.0,0,0.0,18.4,11.5,209.8,1004.1,80.5,6.3,150.5,12.9,7.0
13.082,80.275,2018-06-29,31.6,40.6,32.0,23.5,63.7,0.0,0,0.0,24.1,11.5,197.5,1004.6,65.9,6.9,197.5,17.1,8.0
13.082,80.275,2018-06-30,30.4,40.6,30.1,23.9,68.9,0.0,0,0.0,14.8,8.8,185.2,1005.7,51.0,5.7,151.6,13.2,4.0
13.082,80.275,2018-07-01,30.7,41.9,31.3,24.3,69.5,0.0,0,0.0,22.3,11.0,166.5,1006.3,57.2,6.3,201.1,17.2,8.0
13.082,80.275,2018-07-02,30.6,43.3,29.9,24.0,69.5,8.0,100,4.17,25.9,13.0,194.5,1005.6,53.4,6.3,254.3,21.9,8.0
13.082,80.275,2018-07-03,29.6,42.1,24.0,24.3,74.7,42.0,100,8.33,27.7,15.6,236.3,1006.4,62.5,6.0,265.1,22.8,9.0
13.082,80.275,2018-07-04,31.5,41.9,33.7,24.6,68.3,0.0,0,0.0,22.3,13.2,226.8,1006.6,62.9,6.8,223.7,19.3,8.0
13.082,80.275,2018-07-05,32.3,42.1,32.0,23.0,59.1,0.0,0,0.0,22.3,14.7,223.6,1005.8,39.8,6.7,275.0,23.7,9.0
13.082,80.275,2018-07-06,32.3,40.6,31.8,22.0,55.1,0.0,0,0.0,27.7,15.0,233.4,1004.5,68.4,6.5,187.1,16.1,7.0
13.082,80.275,2018-07-07,32.0,40.6,33.3,22.0,55.8,0.0,0,0.0,22.3,14.8,229.9,1003.0,74.6,6.9,128.7,11.1,5.0
13.082,80.275,2018-07-08,31.9,38.5,32.5,22.0,56.3,0.0,0,0.0,22.3,15.4,230.8,1002.6,72.7,6.7,185.8,16.0,7.0
13.082,80.275,2018-07-09,31.6,42.2,26.7,22.7,60.3,2.0,100,4.17,18.4,13.1,228.2,1002.8,81.7,6.4,197.3,17.0,7.0
13.082,80.275,2018-07-10,30.9,39.6,30.6,23.0,64.1,3.074,100,8.33,22.3,13.2,216.8,1004.2,85.8,6.4,201.6,17.5,8.0
13.082,80.275,2018-07-11,29.9,39.5,25.0,23.6,71.0,24.184,100,8.33,24.1,13.0,228.8,1004.6,76.8,5.8,157.1,13.4,7.0
13.082,80.275,2018-07-12,29.8,39.4,26.3,23.4,70.4,23.832,100,8.33,27.7,12.6,239.7,1003.8,79.8,6.3,176.3,15.3,8.0
13.082,80.275,2018-07-13,29.8,43.2,26.0,23.6,70.9,24.72,100,8.33,37.1,12.9,237.2,1003.3,76.3,6.3,122.2,10.5,5.0
13.082,80.275,2018-07-14,31.3,41.9,30.4,23.2,63.0,0.744,100,4.17,22.3,14.8,238.2,1002.4,78.0,7.1,137.2,11.8,5.0
13.082,80.275,2018-07-15,31.6,39.5,31.9,22.4,58.6,0.0,0,0.0,24.1,13.3,233.4,1001.8,82.7,6.3,128.6,11.1,5.0
13.082,80.275,2018-07-16,32.6,42.1,30.8,21.6,52.9,0.0,0,0.0,22.3,16.2,241.6,1002.3,56.3,7.1,216.4,18.7,8.0
13.082,80.275,2018-07-17,32.6,44.5,29.7,21.8,53.7,0.1,100,4.17,22.3,15.1,242.7,1003.2,52.1,6.5,181.6,15.6,6.0
13.082,80.275,2018-07-18,32.8,43.2,31.8,22.3,54.5,0.472,100,8.33,25.9,14.6,242.6,1003.2,55.8,6.9,198.0,17.1,8.0
13.082,80.275,2018-07-19,32.8,41.9,32.6,22.4,54.9,0.0,0,0.0,25.9,16.4,240.7,1003.4,58.5,7.0,186.4,16.3,6.0
13.082,80.275,2018-07-20,32.7,39.8,31.8,21.6,52.6,0.0,0,0.0,25.9,16.3,241.9,1003.9,52.4,7.2,162.4,13.9,6.0
13.082,80.275,2018-07-21,32.4,39.5,32.4,21.6,53.4,0.0,0,0.0,24.1,15.4,240.1,1005.0,73.1,6.5,141.3,12.2,5.0
13.082,80.275,2018-07-22,33.2,42.2,32.8,21.7,51.7,0.0,0,0.0,22.3,14.1,249.8,1004.7,59.1,6.7,192.9,16.6,8.0
13.082,80.275,2018-07-23,33.1,42.7,32.5,22.6,55.0,1.0,100,4.17,22.3,12.9,245.8,1004.5,53.8,7.5,179.0,15.2,7.0
13.082,80.275,2018-07-24,32.8,43.3,32.7,23.4,58.9,4.232,100,8.33,18.4,12.4,226.9,1005.7,41.1,6.7,221.9,19.2,9.0
13.082,80.275,2018-07-25,32.2,43.3,33.2,23.8,62.8,0.149,100,4.17,27.7,13.7,212.2,1006.0,55.7,6.6,204.2,17.5,8.0
13.082,80.275,2018-07-26,31.7,44.5,31.6,24.2,66.1,0.512,100,4.17,22.3,13.8,228.7,1006.4,66.6,6.7,221.1,19.2,8.0
13.082,80.275,2018-07-27,31.0,40.8,30.1,24.0,67.9,0.744,100,4.17,18.4,10.9,220.3,1006.3,73.1,6.3,221.7,19.3,8.0
13.082,80.275,2018-07-28,32.6,44.4,33.3,23.3,59.4,0.074,100,4.17,22.3,11.6,222.1,1005.5,65.9,6.7,238.3,20.6,8.0
13.082,80.275,2018-07-29,32.9,44.6,34.7,24.3,62.3,0.0,0,0.0,22.3,13.6,209.8,1004.3,56.3,6.7,224.6,19.3,7.0
13.082,80.275,2018-07-30,32.7,42.5,35.0,24.0,62.3,5.208,100,4.17,27.7,17.2,219.9,1004.2,53.6,6.7,220.4,19.0,8.0
13.082,80.275,2018-07-31,31.2,44.1,26.2,23.1,64.5,11.0,100,4.17,46.4,15.8,230.5,1005.1,60.1,6.0,221.4,19.1,8.0
13.082,80.275,2018-08-01,31.2,43.2,30.1,23.2,64.5,2.904,100,12.5,18.4,13.4,226.2,1006.2,64.1,6.9,208.3,17.9,7.0
13.082,80.275,2018-08-02,30.9,42.7,30.7,23.4,66.1,0.512,100,4.17,22.3,12.7,225.0,1006.8,70.3,6.0,215.0,18.5,8.0
13.082,80.275,2018-08-03,30.5,43.3,25.9,23.8,69.1,1.298,100,8.33,22.3,13.9,212.0,1007.2,65.6,6.2,194.9,16.8,8.0
13.082,80.275,2018-08-04,30.1,41.0,26.4,23.7,70.7,7.422,100,8.33,20.5,12.6,229.5,1006.8,69.8,6.3,228.4,19.6,8.0
13.082,80.275,2018-08-05,30.1,40.6,25.0,24.1,72.4,13.072,100,12.5,22.3,11.0,241.4,1006.9,70.6,6.1,196.4,17.0,8.0
13.082,80.275,2018-08-06,31.8,42.1,31.4,22.5,59.4,0.102,100,4.17,18.4,11.1,258.5,1005.2,60.9,6.0,184.6,16.0,7.0
13.082,80.275,2018-08-07,30.8,38.5,30.2,21.8,59.8,6.0,100,4.17,22.3,11.7,255.1,1004.2,80.2,6.5,148.5,12.7,5.0
13.082,80.275,2018-08-08,30.6,40.8,30.6,23.1,66.3,10.586,100,12.5,22.3,12.9,231.4,1003.9,76.9,6.2,208.9,18.2,6.0
13.082,80.275,2018-08-09,30.4,43.5,26.2,23.8,69.6,6.796,100,8.33,22.3,12.5,226.3,1005.8,57.4,6.1,216.5,18.7,8.0
13.082,80.275,2018-08-10,30.0,39.4,30.5,24.5,73.8,17.316,100,8.33,18.4,8.9,225.4,1006.9,89.7,6.0,215.2,18.6,8.0
13.082,80.275,2018-08-11,27.6,37.4,25.3,24.2,81.9,11.72,100,16.67,22.3,9.7,252.4,1006.0,94.7,4.6,77.2,6.7,3.0
13.082,80.275,2018-08-12,29.9,38.1,29.6,22.8,66.2,0.0,0,0.0,22.3,12.7,253.7,1004.3,90.3,5.8,150.8,13.0,7.0
13.082,80.275,2018-08-13,29.8,39.5,29.3,23.2,68.7,1.026,100,8.33,25.9,11.0,233.0,1004.6,88.0,6.4,145.2,12.5,6.0
13.082,80.275,2018-08-14,28.3,39.4,25.5,23.4,76.0,65.0,100,16.67,18.4,11.3,225.8,1003.9,93.4,4.9,82.6,7.1,4.0
13.082,80.275,2018-08-15,27.5,40.6,25.2,25.0,86.3,46.048,100,16.67,22.3,11.5,221.1,1003.1,95.0,4.8,106.8,9.2,5.0
13.082,80.275,2018-08-16,29.6,41.9,26.0,24.5,75.7,0.768,100,4.17,22.3,9.9,234.0,1002.8,68.9,6.5,168.1,14.5,6.0
13.082,80.275,2018-08-17,30.6,43.2,25.8,24.1,69.8,5.208,100,4.17,18.4,8.8,224.3,1002.6,53.7,6.3,200.3,17.2,7.0
13.082,80.275,2018-08-18,31.5,42.1,30.7,23.4,62.8,0.0,0,0.0,22.3,11.0,251.0,1002.6,65.1,6.7,169.5,14.5,5.0
13.082,80.275,2018-08-19,31.5,39.5,32.0,22.9,60.9,0.0,0,0.0,20.5,11.9,259.2,1002.7,65.6,6.8,171.1,14.8,7.0
13.082,80.275,2018-08-20,31.8,40.6,32.0,22.6,58.9,0.0,0,0.0,22.3,11.4,250.0,1003.8,59.0,6.2,171.9,14.9,7.0
13.082,80.275,2018-08-21,32.0,41.5,30.6,22.9,59.9,0.0,0,0.0,20.5,11.6,238.4,1005.2,46.7,6.7,246.3,21.4,9.0
13.082,80.275,2018-08-22,31.9,43.5,31.4,23.4,61.8,0.0,0,0.0,20.5,11.0,226.1,1006.1,46.9,6.9,242.2,21.1,9.0
13.082,80.275,2018-08-23,32.0,43.3,32.7,24.0,64.3,0.0,0,0.0,22.3,12.7,234.6,1006.2,60.6,7.0,227.7,19.6,8.0
13.082,80.275,2018-08-24,30.5,39.1,31.8,24.0,69.2,0.176,100,12.5,14.8,10.9,213.7,1006.2,69.7,6.2,172.4,14.8,6.0
13.082,80.275,2018-08-25,30.3,43.2,26.7,23.5,68.2,1.488,100,4.17,18.4,10.9,215.8,1005.7,72.4,6.3,152.9,13.2,7.0
13.082,80.275,2018-08-26,30.2,40.6,25.8,23.5,69.3,1.988,100,8.33,18.4,10.6,223.9,1004.6,73.2,6.3,172.3,14.8,7.0
13.082,80.275,2018-08-27,30.1,38.3,26.5,23.9,70.3,2.0,100,4.17,16.6,10.9,232.4,1005.0,64.9,6.3,156.1,13.6,6.0
13.082,80.275,2018-08-28,28.7,40.6,24.8,24.0,77.1,14.44,100,8.33,18.4,9.3,206.3,1005.7,74.2,5.6,206.4,17.8,8.0
13.082,80.275,2018-08-29,29.7,40.6,25.7,24.0,72.6,1.488,100,4.17,18.4,9.2,225.6,1006.9,55.9,5.9,223.8,19.3,8.0
13.082,80.275,2018-08-30,31.2,43.3,31.2,24.2,67.8,0.0,0,0.0,22.3,12.6,220.5,1005.8,60.3,6.5,235.1,20.3,9.0
13.082,80.275,2018-08-31,28.3,40.6,25.3,25.3,84.4,42.106,100,16.67,22.3,9.9,197.1,1006.8,89.5,5.0,173.3,14.8,6.0
13.082,80.275,2018-09-01,29.0,40.6,25.8,24.2,76.3,0.0,0,0.0,22.3,10.8,222.7,1007.7,67.5,6.1,197.5,17.1,7.0
13.082,80.275,2018-09-02,29.6,43.3,31.0,25.4,78.9,1.3,100,12.5,20.5,9.0,199.6,1007.8,71.8,5.6,243.7,21.1,9.0
13.082,80.275,2018-09-03,30.7,41.6,31.6,24.5,71.3,0.0,0,0.0,16.6,10.0,188.6,1007.6,43.4,6.6,227.4,19.7,8.0
13.082,80.275,2018-09-04,30.9,43.1,33.0,25.3,73.1,0.0,0,0.0,18.4,11.5,198.0,1008.1,47.4,6.3,245.9,21.2,8.0
13.082,80.275,2018-09-05,31.0,40.8,32.7,25.0,71.6,0.0,0,0.0,18.4,11.1,195.5,1007.5,53.1,6.1,209.5,18.1,8.0
13.082,80.275,2018-09-06,31.5,41.9,33.0,24.4,68.9,0.0,0,0.0,18.4,12.2,210.3,1006.0,48.3,6.1,232.1,19.9,8.0
13.082,80.275,2018-09-07,31.6,39.8,30.1,23.0,63.2,0.0,0,0.0,24.1,14.1,231.9,1006.3,48.9,6.7,250.8,21.7,10.0
13.082,80.275,2018-09-08,31.3,41.5,31.6,23.3,64.2,0.0,0,0.0,22.3,11.5,155.9,1007.0,37.0,7.0,258.9,22.4,9.0
13.082,80.275,2018-09-09,31.3,40.9,32.7,23.1,63.1,0.0,0,0.0,20.5,10.7,169.8,1008.0,48.3,6.2,226.8,19.6,9.0
13.082,80.275,2018-09-10,30.9,39.7,32.7,23.2,64.2,0.0,0,0.0,18.4,11.5,168.7,1009.8,54.6,6.6,193.7,16.6,8.0
13.082,80.275,2018-09-11,30.4,41.9,31.8,24.0,69.7,0.0,0,0.0,24.1,13.1,151.2,1010.4,36.7,6.3,268.1,23.1,9.0
13.082,80.275,2018-09-12,30.4,42.0,32.7,24.6,72.0,0.0,0,0.0,22.3,12.6,156.0,1008.9,53.9,6.2,265.6,23.0,9.0
13.082,80.275,2018-09-13,30.7,42.7,30.7,22.9,64.2,0.0,0,0.0,22.3,12.7,186.1,1007.9,46.1,6.0,255.4,22.0,9.0
13.082,80.275,2018-09-14,29.6,44.0,24.0,24.2,74.0,18.074,100,8.33,25.9,14.5,159.1,1008.1,62.3,5.8,269.0,23.2,10.0
13.082,80.275,2018-09-15,30.4,40.8,26.0,23.9,69.2,0.3,100,4.17,18.4,11.6,196.3,1008.1,50.8,6.3,274.6,23.6,10.0
13.082,80.275,2018-09-16,28.9,41.8,25.0,22.8,71.4,14.966,100,8.33,35.3,13.8,250.9,1006.5,73.8,6.0,263.7,22.8,10.0
13.082,80.275,2018-09-17,27.4,34.4,23.8,22.5,75.9,28.392,100,8.33,27.7,12.6,255.0,1006.3,91.6,5.5,78.1,6.7,3.0
13.082,80.275,2018-09-18,26.7,39.8,23.0,23.4,83.1,27.554,100,8.33,27.7,11.5,249.9,1006.4,94.7,4.3,160.1,13.8,7.0
13.082,80.275,2018-09-19,26.1,31.9,22.0,23.3,84.6,28.259,100,16.67,18.4,11.6,248.1,1006.0,94.1,4.5,93.3,8.1,4.0
13.082,80.275,2018-09-20,29.0,38.1,26.0,23.6,73.3,0.1,100,4.17,16.6,10.2,239.3,1003.7,83.5,5.9,174.0,15.0,8.0
13.082,80.275,2018-09-21,29.7,40.6,29.3,23.7,71.1,0.0,0,0.0,24.1,12.4,220.8,1004.8,76.6,5.8,224.0,19.3,9.0
13.082,80.275,2018-09-22,29.7,42.8,29.4,24.6,75.1,0.0,0,0.0,18.4,9.7,146.4,1008.7,49.5,6.2,250.3,21.6,9.0
13.082,80.275,2018-09-23,29.8,39.3,30.6,24.6,74.6,0.0,0,0.0,18.4,10.9,141.1,1011.1,41.9,6.5,246.9,21.3,9.0
13.082,80.275,2018-09-24,29.5,39.0,30.4,24.7,76.2,0.0,0,0.0,18.4,9.1,125.3,1011.0,45.4,6.2,239.1,20.5,8.0
13.082,80.275,2018-09-25,29.5,41.0,30.2,24.8,76.5,0.0,0,0.0,16.6,8.5,137.8,1009.9,36.3,6.3,256.0,21.9,8.0
13.082,80.275,2018-09-26,29.7,39.7,26.7,24.6,75.0,0.0,0,0.0,20.5,9.6,137.8,1008.6,45.3,6.0,243.8,21.1,8.0
13.082,80.275,2018-09-27,30.0,39.2,31.1,24.2,72.1,0.0,0,0.0,18.4,10.2,129.5,1008.7,51.0,6.4,224.8,19.5,8.0
13.082,80.275,2018-09-28,29.9,40.3,30.6,24.0,71.4,0.0,0,0.0,22.3,10.2,115.0,1009.0,43.8,6.6,218.1,18.6,8.0
13.082,80.275,2018-09-29,30.1,41.1,30.6,24.7,73.3,0.0,0,0.0,18.4,9.0,97.8,1009.3,47.2,6.4,242.1,20.8,8.0
13.082,80.275,2018-09-30,30.2,40.9,30.6,24.9,73.9,0.0,0,0.0,20.5,9.4,68.0,1008.9,47.5,6.4,238.6,20.5,9.0
13.082,80.275,2018-10-01,29.8,41.0,25.0,24.9,76.0,15.288,100,12.5,18.4,10.0,90.7,1009.2,48.2,6.3,212.8,18.2,8.0
13.082,80.275,2018-10-02,29.9,40.3,26.0,24.7,74.3,1.488,100,4.17,18.4,9.3,80.5,1010.0,48.3,6.4,241.9,20.9,8.0
13.082,80.275,2018-10-03,29.7,41.7,26.0,25.4,78.4,1.28,100,4.17,18.4,6.8,74.5,1009.6,50.4,6.1,222.5,19.2,8.0
13.082,80.275,2018-10-04,26.4,35.6,25.0,25.1,92.6,36.19,100,20.83,14.8,5.7,321.2,1009.9,81.7,3.5,97.0,8.3,6.0
13.082,80.275,2018-10-05,26.5,34.5,24.8,25.2,92.9,67.528,100,25.0,11.2,6.1,34.6,1010.3,93.1,3.7,112.2,9.7,5.0
13.082,80.275,2018-10-06,28.1,37.7,25.7,25.0,83.8,27.112,100,12.5,18.4,6.0,68.4,1010.0,65.2,5.8,206.0,17.7,7.0
13.082,80.275,2018-10-07,28.6,39.2,26.0,24.7,79.7,5.361,100,8.33,18.4,6.3,24.2,1009.5,58.7,5.4,222.6,19.1,8.0
13.082,80.275,2018-10-08,28.8,39.2,26.0,24.8,79.5,0.151,100,8.33,14.8,7.3,12.2,1008.5,56.9,5.4,197.9,17.1,7.0
13.082,80.275,2018-10-09,28.9,38.4,25.0,23.4,74.0,0.0,0,0.0,18.4,8.5,328.5,1007.4,46.1,4.5,255.2,22.0,9.0
13.082,80.275,2018-10-10,29.8,38.5,26.0,21.9,65.0,0.0,0,0.0,18.4,8.8,277.0,1006.2,37.1,5.1,185.4,15.9,7.0
13.082,80.275,2018-10-11,30.3,38.8,25.9,22.1,66.0,0.0,0,0.0,14.8,9.6,202.1,1006.0,45.2,6.1,267.3,23.1,9.0
13.082,80.275,2018-10-12,30.6,42.1,30.5,24.8,73.1,0.0,0,0.0,18.6,12.2,178.2,1007.9,46.9,5.6,257.3,22.2,9.0
13.082,80.275,2018-10-13,30.2,41.6,30.6,24.8,74.0,0.0,0,0.0,20.5,13.8,166.7,1010.1,33.8,5.6,254.6,21.9,9.0
13.082,80.275,2018-10-14,30.5,40.2,31.9,24.0,69.4,0.0,0,0.0,22.3,12.0,161.4,1011.2,35.3,5.5,227.7,19.6,9.0
13.082,80.275,2018-10-15,29.7,39.2,30.6,24.3,73.5,0.0,0,0.0,13.0,8.9,135.2,1011.9,43.7,5.4,203.0,17.7,7.0
13.082,80.275,2018-10-16,29.7,39.2,26.4,24.7,75.2,0.1,100,4.17,18.4,8.8,140.8,1012.3,43.4,6.2,202.2,17.3,8.0
13.082,80.275,2018-10-17,28.0,39.2,26.0,25.1,84.9,40.565,100,12.5,13.0,6.6,251.6,1011.8,58.3,5.1,195.1,16.7,7.0
13.082,80.275,2018-10-18,27.5,37.7,24.3,24.8,86.2,36.768,100,12.5,18.4,4.9,82.2,1011.6,71.3,4.5,150.2,12.9,6.0
13.082,80.275,2018-10-19,26.9,35.6,25.0,24.9,88.9,45.864,100,12.5,14.8,4.4,28.0,1011.6,63.7,4.5,196.6,16.9,7.0
13.082,80.275,2018-10-20,28.3,37.9,24.0,23.4,75.9,0.0,0,0.0,18.4,7.7,57.4,1012.3,52.9,5.0,205.9,17.7,7.0
13.082,80.275,2018-10-21,27.9,35.9,25.8,24.3,81.5,15.744,100,8.33,14.8,6.8,74.4,1012.6,86.2,4.7,139.1,12.0,6.0
13.082,80.275,2018-10-22,28.0,36.8,25.0,23.5,78.1,0.0,0,0.0,18.4,6.9,61.3,1012.5,41.0,5.1,240.6,20.7,8.0
13.082,80.275,2018-10-23,27.7,37.7,24.0,22.9,76.8,0.0,0,0.0,18.4,7.1,72.2,1012.5,36.2,4.8,244.1,21.0,8.0
13.082,80.275,2018-10-24,28.1,39.8,24.0,23.7,78.1,0.0,0,0.0,16.6,7.1,78.9,1012.1,34.0,4.8,253.3,21.9,9.0
13.082,80.275,2018-10-25,28.6,37.9,25.0,23.9,76.5,0.0,0,0.0,22.3,9.6,81.4,1013.3,40.2,5.2,229.8,19.8,8.0
13.082,80.275,2018-10-26,29.1,37.9,26.0,23.0,70.6,0.0,0,0.0,24.1,9.8,58.7,1013.6,41.6,5.4,230.4,19.8,8.0
13.082,80.275,2018-10-27,28.6,35.8,25.0,21.8,67.4,0.0,0,0.0,24.1,8.9,43.8,1013.0,43.8,5.8,246.6,21.3,9.0
13.082,80.275,2018-10-28,28.1,36.8,24.0,21.8,69.2,0.0,0,0.0,22.3,9.7,38.5,1011.5,35.8,5.5,229.7,19.8,8.0
13.082,80.275,2018-10-29,28.4,36.1,24.0,21.7,68.5,0.0,0,0.0,24.1,13.2,15.6,1009.6,42.4,5.8,239.6,20.7,8.0
13.082,80.275,2018-10-30,27.6,36.2,26.3,24.7,84.1,12.594,100,16.67,22.3,10.8,18.6,1009.2,74.3,5.0,162.3,13.9,7.0
13.082,80.275,2018-10-31,26.7,37.4,25.1,24.8,89.5,30.184,100,16.67,22.3,8.1,48.7,1009.8,90.4,4.5,100.0,8.6,5.0
13.082,80.275,2018-11-01,26.2,35.6,24.5,24.4,90.5,25.952,100,16.67,14.8,5.8,66.5,1010.8,91.8,4.8,59.5,5.0,4.0
13.082,80.275,2018-11-02,27.7,39.2,24.7,24.9,85.3,2.232,100,4.17,18.4,7.3,74.3,1011.0,70.4,5.9,76.4,6.6,3.0
13.082,80.275,2018-11-03,28.5,40.6,26.6,25.2,82.6,4.232,100,4.17,22.3,9.2,87.6,1011.9,59.4,5.8,174.1,15.1,6.0
13.082,80.275,2018-11-04,28.4,40.6,25.5,25.0,82.3,5.744,100,8.33,27.7,10.2,83.3,1012.3,54.9,6.0,184.5,16.1,6.0
13.082,80.275,2018-11-05,28.8,39.2,25.4,24.7,79.5,0.0,0,0.0,18.4,9.3,88.3,1012.0,47.4,6.2,218.0,18.7,8.0
13.082,80.275,2018-11-06,28.3,37.9,26.0,24.3,79.7,0.228,100,4.17,18.4,6.1,64.3,1012.5,49.5,5.4,208.1,18.0,8.0
13.082,80.275,2018-11-07,27.6,36.5,25.0,23.3,78.4,0.0,0,0.0,14.8,5.0,34.5,1012.6,50.0,5.6,200.8,17.2,7.0
13.082,80.275,2018-11-08,27.5,36.8,24.0,23.0,77.4,0.0,0,0.0,18.4,7.9,52.9,1012.1,56.4,6.2,175.9,15.2,6.0
13.082,80.275,2018-11-09,27.7,36.2,25.0,23.3,78.1,0.0,0,0.0,18.4,7.3,59.6,1011.0,49.4,5.0,207.5,18.0,7.0
13.082,80.275,2018-11-10,27.8,37.7,24.0,23.2,76.9,0.0,0,0.0,18.4,6.4,55.8,1011.5,40.9,4.9,213.0,18.4,8.0
13.082,80.275,2018-11-11,27.9,36.8,24.6,23.1,76.6,0.0,0,0.0,18.4,8.2,28.2,1011.8,36.9,4.5,211.4,18.2,8.0
13.082,80.275,2018-11-12,27.6,35.1,24.0,22.5,75.0,0.0,0,0.0,18.4,8.3,24.7,1010.8,37.9,4.0,222.1,19.2,8.0
13.082,80.275,2018-11-13,27.3,35.0,23.0,21.5,72.1,0.0,0,0.0,22.3,9.3,3.2,1009.2,30.6,4.1,197.5,16.9,7.0
13.082,80.275,2018-11-14,27.9,37.9,22.0,21.8,70.2,0.0,0,0.0,18.4,9.3,22.7,1009.0,34.8,5.3,237.0,20.5,8.0
13.082,80.275,2018-11-15,28.1,39.1,25.0,25.2,84.5,6.512,100,12.5,24.1,12.7,28.1,1009.1,61.0,4.8,115.2,10.0,6.0
13.082,80.275,2018-11-16,29.0,39.1,30.7,25.5,81.8,0.0,0,0.0,24.1,14.7,94.9,1011.0,72.8,5.4,169.8,14.5,7.0
13.082,80.275,2018-11-17,27.7,39.2,25.6,25.4,87.7,6.976,100,8.33,14.8,4.8,62.3,1011.6,58.3,5.1,187.9,16.1,6.0
13.082,80.275,2018-11-18,28.5,40.6,25.6,25.4,84.2,0.0,0,0.0,18.4,8.4,98.3,1012.1,47.0,6.2,183.3,15.9,7.0
13.082,80.275,2018-11-19,28.9,39.2,25.9,25.1,80.2,0.449,100,8.33,27.7,11.1,80.8,1012.9,47.4,6.1,177.4,15.3,8.0
13.082,80.275,2018-11-20,27.5,36.2,25.2,24.0,81.6,10.706,100,8.33,25.9,11.9,54.1,1012.6,81.3,4.6,42.2,3.6,2.0
13.082,80.275,2018-11-21,24.9,26.0,24.0,24.2,95.8,74.416,100,33.33,25.9,13.8,68.2,1011.7,96.3,3.0,36.7,3.1,3.0
13.082,80.275,2018-11-22,25.4,30.1,23.8,24.2,93.4,93.456,100,25.0,24.1,14.0,72.4,1013.2,99.1,2.6,44.9,3.9,2.0
13.082,80.275,2018-11-23,27.5,36.2,25.7,24.7,84.9,2.232,100,4.17,22.3,11.8,94.5,1014.8,90.2,4.7,71.7,6.2,3.0
13.082,80.275,2018-11-24,27.5,35.5,24.7,23.6,80.2,0.0,0,0.0,18.4,7.6,70.2,1015.5,41.2,4.4,218.1,18.9,8.0
13.082,80.275,2018-11-25,27.2,35.1,24.5,22.5,77.1,0.0,0,0.0,20.5,6.8,65.5,1014.7,36.4,4.3,210.3,18.1,7.0
13.082,80.275,2018-11-26,26.0,31.3,23.0,20.3,72.6,0.0,0,0.0,20.5,7.3,47.4,1013.4,38.6,5.2,237.1,20.4,8.0
13.082,80.275,2018-11-27,26.3,31.9,23.0,19.8,69.0,0.0,0,0.0,18.4,6.6,54.9,1014.1,44.6,6.0,198.0,17.1,7.0
13.082,80.275,2018-11-28,26.8,35.0,22.8,21.9,75.5,0.0,0,0.0,22.3,9.2,77.9,1013.9,34.4,5.8,204.7,17.7,8.0
13.082,80.275,2018-11-29,27.4,34.1,25.0,22.5,75.6,0.0,0,0.0,22.3,9.7,79.9,1014.9,68.8,5.8,121.4,10.6,5.0
13.082,80.275,2018-11-30,27.2,34.1,24.0,21.7,73.1,0.0,0,0.0,20.5,7.9,72.8,1014.9,41.6,5.8,206.7,17.9,7.0
13.082,80.275,2018-12-01,26.8,32.4,23.0,20.4,70.1,0.0,0,0.0,18.4,8.2,42.6,1013.2,30.8,6.0,212.7,18.4,8.0
13.082,80.275,2018-12-02,26.7,34.1,23.0,22.0,76.4,0.0,0,0.0,24.1,9.1,70.8,1011.3,43.0,6.7,169.6,14.7,6.0
13.082,80.275,2018-12-03,26.9,35.5,24.0,23.0,79.9,10.0,100,8.33,22.3,10.4,44.2,1012.0,62.4,5.2,172.3,14.8,7.0
13.082,80.275,2018-12-04,26.3,35.6,24.0,24.6,90.8,17.594,100,16.67,14.8,7.7,23.7,1012.6,70.8,4.9,156.3,13.5,7.0
13.082,80.275,2018-12-05,26.5,34.9,24.9,24.7,90.5,2.899,100,12.5,11.2,4.8,15.2,1012.0,80.9,4.1,148.7,12.9,5.0
13.082,80.275,2018-12-06,26.9,35.1,24.0,23.8,83.7,15.029,100,4.17,13.0,5.8,45.5,1011.4,48.6,4.9,172.3,14.9,7.0
13.082,80.275,2018-12-07,27.1,36.5,24.0,23.6,81.7,0.0,0,0.0,14.8,7.2,47.1,1011.7,42.3,4.6,192.2,16.5,7.0
13.082,80.275,2018-12-08,27.3,34.1,25.0,23.3,79.6,0.0,0,0.0,13.0,7.4,40.0,1013.0,35.9,4.1,210.1,18.1,7.0
13.082,80.275,2018-12-09,26.6,33.3,23.0,22.2,77.7,0.0,0,0.0,18.4,7.8,37.9,1012.5,39.7,3.9,201.3,17.4,8.0
13.082,80.275,2018-12-10,26.0,32.1,23.0,21.4,76.6,0.0,0,0.0,11.2,4.9,30.3,1012.4,42.0,3.9,211.6,18.3,8.0
13.082,80.275,2018-12-11,26.2,34.1,22.0,21.7,77.8,0.0,0,0.0,11.2,5.7,25.8,1012.4,45.0,4.2,217.7,18.8,8.0
13.082,80.275,2018-12-12,26.6,34.7,23.0,22.5,79.6,0.0,0,0.0,14.8,6.6,37.5,1013.1,36.2,3.9,221.1,19.1,8.0
13.082,80.275,2018-12-13,26.8,33.7,24.0,22.6,79.3,0.0,0,0.0,13.0,6.0,32.3,1013.7,39.6,4.7,202.0,17.4,8.0
13.082,80.275,2018-12-14,27.4,34.6,24.0,23.3,79.8,0.0,0,0.0,22.3,10.5,27.3,1013.3,48.3,5.4,206.4,17.7,7.0
13.082,80.275,2018-12-15,27.9,33.3,26.5,22.5,72.8,0.0,0,0.0,27.7,19.4,27.1,1012.7,71.0,4.5,85.8,7.4,3.0
13.082,80.275,2018-12-16,25.2,29.6,23.6,20.5,75.0,0.074,100,4.17,25.6,18.8,351.9,1011.4,90.8,4.5,56.9,5.0,3.0
13.082,80.275,2018-12-17,26.5,32.4,23.0,19.5,67.0,0.0,0,0.0,18.4,10.5,253.2,1010.5,61.0,5.7,208.0,18.2,8.0
13.082,80.275,2018-12-18,25.1,32.0,22.0,21.4,80.4,0.0,0,0.0,14.8,7.7,28.6,1013.3,34.2,4.2,170.6,14.9,6.0
13.082,80.275,2018-12-19,24.8,29.4,21.3,19.1,71.3,0.0,0,0.0,22.3,11.0,12.7,1014.3,25.7,6.1,225.0,19.4,8.0
13.082,80.275,2018-12-20,26.0,34.1,21.6,21.9,79.0,0.0,0,0.0,14.8,8.7,27.9,1014.2,45.5,5.7,172.3,14.8,7.0
13.082,80.275,2018-12-21,26.8,34.1,24.0,23.5,82.4,0.2,100,4.17,22.3,11.7,33.5,1013.2,69.0,4.8,127.6,11.2,6.0
13.082,80.275,2018-12-22,27.6,35.1,25.0,23.3,77.8,0.0,0,0.0,25.9,14.1,52.8,1013.1,67.9,4.7,92.0,8.0,4.0
13.082,80.275,2018-12-23,26.3,32.4,24.8,23.8,86.3,18.024,100,8.33,18.4,9.3,74.6,1013.9,84.2,3.9,129.1,11.2,5.0
13.082,80.275,2018-12-24,26.4,32.0,24.0,22.4,79.8,0.0,0,0.0,14.8,7.4,53.0,1014.0,48.2,4.7,176.8,15.3,6.0
13.082,80.275,2018-12-25,25.9,33.3,23.0,22.2,81.4,0.0,0,0.0,18.4,8.0,39.3,1014.0,36.0,4.5,210.8,18.3,8.0
13.082,80.275,2018-12-26,25.8,33.7,22.5,22.0,80.9,0.0,0,0.0,13.0,5.6,54.3,1013.8,30.0,4.4,215.7,18.3,8.0
13.082,80.275,2018-12-27,26.2,33.3,22.0,22.0,78.7,0.0,0,0.0,18.4,7.8,68.2,1012.8,34.7,4.7,205.7,17.6,7.0
13.082,80.275,2018-12-28,26.4,33.6,23.3,22.3,79.3,0.0,0,0.0,14.8,6.4,73.9,1012.4,51.9,4.9,140.4,12.1,5.0
13.082,80.275,2018-12-29,25.5,30.7,23.4,22.4,83.6,0.251,100,4.17,18.4,8.0,9.4,1014.4,50.2,3.7,178.1,15.4,6.0
13.082,80.275,2018-12-30,25.6,31.4,22.5,20.8,75.7,0.0,0,0.0,20.5,9.5,33.0,1016.3,47.3,4.4,178.3,15.4,6.0
13.082,80.275,2018-12-31,25.2,29.2,22.0,18.3,66.0,0.0,0,0.0,22.3,11.5,23.9,1017.6,36.6,5.0,222.3,19.0,8.0
13.082,80.275,2019-01-01,23.6,28.6,20.0,17.6,70.3,0.0,0,0.0,22.3,8.6,19.6,1016.8,24.5,5.5,208.4,18.1,8.0
13.082,80.275,2019-01-02,24.6,30.3,20.0,18.7,70.8,0.0,0,0.0,22.3,9.8,35.7,1017.3,38.4,5.1,199.9,17.1,8.0
13.082,80.275,2019-01-03,24.4,31.9,20.7,19.3,74.6,0.0,0,0.0,18.4,10.6,43.0,1018.2,35.0,4.5,227.5,19.6,8.0
13.082,80.275,2019-01-04,24.6,30.8,21.0,19.3,74.3,0.0,0,0.0,22.3,10.0,25.8,1018.0,27.0,4.5,227.7,19.6,8.0
13.082,80.275,2019-01-05,24.6,30.3,21.0,19.4,74.3,0.0,0,0.0,18.4,9.7,27.7,1016.6,41.3,4.6,167.2,14.3,6.0
13.082,80.275,2019-01-06,24.7,30.8,21.0,19.0,72.3,0.0,0,0.0,14.8,8.0,20.3,1014.9,39.6,4.5,170.9,14.9,6.0
13.082,80.275,2019-01-07,25.0,31.9,22.0,20.2,75.9,0.0,0,0.0,29.8,11.0,19.1,1014.2,35.6,4.8,160.2,14.0,5.0
13.082,80.275,2019-01-08,24.8,30.7,20.9,19.7,75.7,0.0,0,0.0,27.0,13.0,18.1,1014.1,21.1,4.4,243.7,21.0,9.0
13.082,80.275,2019-01-09,24.5,31.0,19.0,19.1,75.1,0.0,0,0.0,27.0,12.6,46.8,1014.0,27.4,4.5,221.9,19.1,8.0
13.082,80.275,2019-01-10,24.8,30.8,21.0,19.8,75.7,0.0,0,0.0,17.2,8.8,35.4,1013.9,29.8,4.6,216.7,18.7,8.0
13.082,80.275,2019-01-11,25.1,30.3,21.0,19.8,74.2,0.0,0,0.0,23.9,10.5,46.0,1014.7,27.3,4.0,197.1,17.1,7.0
13.082,80.275,2019-01-12,24.8,30.3,20.4,19.1,72.6,0.0,0,0.0,22.3,10.7,43.4,1015.1,30.7,5.0,231.8,20.1,8.0
13.082,80.275,2019-01-13,25.0,30.8,21.0,19.3,71.9,0.0,0,0.0,18.4,10.5,43.4,1015.4,40.3,5.0,223.9,19.4,8.0
13.082,80.275,2019-01-14,24.9,30.8,21.0,18.8,70.5,0.0,0,0.0,18.0,9.3,24.5,1014.9,29.0,4.4,231.3,20.0,8.0
13.082,80.275,2019-01-15,24.4,30.8,20.0,19.7,76.5,0.0,0,0.0,22.3,10.7,7.5,1015.2,30.5,3.9,223.4,19.4,8.0
13.082,80.275,2019-01-16,24.9,31.9,21.0,20.4,78.2,0.0,0,0.0,20.5,8.8,24.4,1015.4,28.2,4.1,224.9,19.4,8.0
13.082,80.275,2019-01-17,25.0,31.4,21.0,21.1,80.0,0.0,0,0.0,22.3,9.4,38.0,1014.3,27.7,3.4,207.6,17.9,7.0
13.082,80.275,2019-01-18,25.0,30.3,21.3,19.6,73.7,0.0,0,0.0,22.3,8.3,42.6,1014.4,32.2,4.1,233.3,20.3,8.0
13.082,80.275,2019-01-19,24.7,30.1,21.0,19.3,73.6,0.0,0,0.0,22.3,10.6,29.1,1015.4,32.5,4.6,227.7,19.8,8.0
13.082,80.275,2019-01-20,24.4,30.8,20.0,19.7,76.4,0.0,0,0.0,18.4,8.1,18.2,1016.3,35.6,4.8,222.2,19.3,8.0
13.082,80.275,2019-01-21,24.4,30.3,21.0,19.4,74.8,0.0,0,0.0,18.4,7.7,28.5,1015.5,42.3,4.4,220.3,18.9,8.0
13.082,80.275,2019-01-22,24.9,31.4,21.0,20.2,76.2,0.0,0,0.0,18.4,8.7,50.6,1014.9,37.5,4.9,231.8,20.2,9.0
13.082,80.275,2019-01-23,25.3,33.3,21.0,21.2,79.0,0.0,0,0.0,22.3,9.4,46.9,1014.2,31.1,4.7,194.7,17.0,7.0
13.082,80.275,2019-01-24,25.9,34.1,21.7,21.2,76.9,0.0,0,0.0,20.5,8.7,59.5,1015.0,29.9,4.9,235.9,20.5,8.0
13.082,80.275,2019-01-25,26.8,35.5,23.0,23.0,80.7,0.0,0,0.0,22.3,12.3,99.8,1014.4,42.1,5.3,205.7,17.6,7.0
13.082,80.275,2019-01-26,27.7,35.1,24.7,23.0,76.3,0.0,0,0.0,22.3,13.3,89.8,1014.5,44.0,5.8,206.3,17.6,8.0
13.082,80.275,2019-01-27,26.8,32.6,23.6,21.9,75.3,0.0,0,0.0,24.1,12.0,78.0,1015.2,48.1,6.5,159.8,14.0,7.0
13.082,80.275,2019-01-28,26.7,31.4,24.2,21.1,72.2,0.0,0,0.0,22.3,10.2,52.7,1015.6,53.5,6.7,175.6,15.2,6.0
13.082,80.275,2019-01-29,26.0,32.1,22.6,21.2,75.5,0.149,100,4.17,19.2,11.4,6.1,1015.9,43.2,5.1,208.5,18.1,8.0
13.082,80.275,2019-01-30,25.7,31.4,22.6,20.5,73.9,0.0,0,0.0,22.3,11.9,11.4,1016.3,37.4,4.6,206.0,17.8,8.0
13.082,80.275,2019-01-31,25.7,31.9,22.0,19.9,71.6,0.0,0,0.0,25.9,11.2,54.6,1015.4,43.4,4.9,189.4,16.5,7.0
13.082,80.275,2019-02-01,25.7,31.3,22.0,19.7,70.8,0.0,0,0.0,18.6,11.0,41.3,1014.6,38.0,5.3,226.8,19.6,8.0
13.082,80.275,2019-02-02,26.1,31.4,22.0,20.1,71.4,0.0,0,0.0,24.1,11.6,40.6,1013.5,34.6,5.4,243.2,21.1,8.0
13.082,80.275,2019-02-03,26.6,33.0,22.8,21.2,73.6,0.0,0,0.0,24.0,12.9,27.6,1014.9,35.5,5.6,244.7,21.1,8.0
13.082,80.275,2019-02-04,27.0,34.1,24.0,22.3,76.0,0.0,0,0.0,23.1,14.7,33.1,1016.4,46.0,5.2,181.8,15.7,6.0
13.082,80.275,2019-02-05,26.7,33.0,23.0,21.5,74.5,0.0,0,0.0,18.4,11.6,31.3,1016.2,32.8,5.5,231.2,20.1,8.0
13.082,80.275,2019-02-06,26.6,34.1,23.0,21.0,74.0,0.0,0,0.0,22.3,8.4,45.9,1013.9,29.1,5.5,254.5,21.9,9.0
13.082,80.275,2019-02-07,26.8,34.6,22.8,22.2,77.1,0.0,0,0.0,18.4,9.6,98.2,1013.6,31.1,5.0,247.5,21.4,9.0
13.082,80.275,2019-02-08,27.8,37.9,24.0,23.4,78.0,0.0,0,0.0,18.4,9.2,114.1,1013.4,34.4,5.3,222.3,19.3,8.0
13.082,80.275,2019-02-09,28.3,37.9,25.0,23.9,77.8,0.0,0,0.0,20.5,11.1,106.8,1013.7,49.5,5.5,208.1,17.9,7.0
13.082,80.275,2019-02-10,28.1,36.7,25.4,23.9,78.5,0.0,0,0.0,22.3,10.8,59.6,1015.0,42.4,5.9,217.6,18.8,8.0
13.082,80.275,2019-02-11,27.9,34.1,25.9,23.0,75.4,0.0,0,0.0,22.3,14.2,49.4,1015.7,57.3,5.4,217.4,18.8,8.0
13.082,80.275,2019-02-12,27.4,33.1,24.0,21.9,73.0,0.0,0,0.0,22.3,13.3,39.2,1016.6,39.3,5.5,231.9,20.1,8.0
13.082,80.275,2019-02-13,27.3,33.7,24.0,21.0,69.8,0.0,0,0.0,24.9,14.7,31.2,1017.0,40.5,5.7,242.2,21.0,8.0
13.082,80.275,2019-02-14,27.2,35.8,24.0,22.4,75.6,0.0,0,0.0,18.4,10.5,38.4,1014.7,35.4,5.6,253.1,21.9,9.0
13.082,80.275,2019-02-15,28.1,35.8,24.0,22.1,72.1,0.0,0,0.0,18.4,8.4,89.2,1014.2,23.8,6.0,259.7,22.3,9.0
13.082,80.275,2019-02-16,28.3,37.9,24.6,23.5,76.1,0.0,0,0.0,22.3,11.4,130.7,1013.5,32.4,5.6,239.3,20.6,9.0
13.082,80.275,2019-02-17,28.7,39.4,25.0,23.9,76.7,0.0,0,0.0,24.1,10.4,133.5,1012.2,37.5,5.8,224.7,19.4,9.0
13.082,80.275,2019-02-18,29.2,42.1,25.6,25.3,80.3,0.0,0,0.0,24.1,11.4,127.5,1010.9,41.7,6.1,213.4,18.5,8.0
13.082,80.275,2019-02-19,29.2,39.2,26.2,24.9,78.0,0.0,0,0.0,18.4,10.9,108.9,1012.1,40.5,5.9,223.4,19.3,8.0
13.082,80.275,2019-02-20,28.7,36.8,25.2,23.0,71.9,0.0,0,0.0,19.5,11.6,73.7,1015.1,40.3,6.5,241.1,20.9,9.0
13.082,80.275,2019-02-21,27.7,35.8,24.3,22.3,73.6,0.0,0,0.0,16.6,8.3,39.2,1016.7,34.2,6.0,250.4,21.6,9.0
13.082,80.275,2019-02-22,27.7,34.1,22.9,19.4,65.6,0.0,0,0.0,16.6,6.5,50.7,1014.6,28.3,5.7,276.4,23.8,10.0
13.082,80.275,2019-02-23,27.8,34.0,21.0,17.7,60.3,0.0,0,0.0,14.8,6.1,131.0,1012.6,20.1,5.4,276.8,24.0,10.0
13.082,80.275,2019-02-24,27.5,36.5,22.0,21.5,72.3,0.0,0,0.0,18.4,7.6,124.3,1011.5,23.5,5.9,273.0,23.5,10.0
13.082,80.275,2019-02-25,27.7,37.3,23.0,22.0,72.7,0.0,0,0.0,22.3,10.6,153.1,1011.2,20.7,5.8,273.0,23.7,10.0
13.082,80.275,2019-02-26,28.1,38.3,23.0,22.9,74.7,0.0,0,0.0,18.4,12.0,150.1,1010.0,33.4,5.8,253.9,22.1,9.0
13.082,80.275,2019-02-27,29.1,40.6,26.0,24.1,75.3,0.0,0,0.0,24.1,13.1,146.8,1009.2,40.4,6.2,240.1,20.7,8.0
13.082,80.275,2019-02-28,29.2,39.3,26.5,24.8,77.9,3.744,100,4.17,25.9,11.8,139.8,1010.0,46.9,5.8,214.6,18.6,8.0
13.082,80.275,2019-03-01,29.3,40.1,26.3,24.8,77.1,0.0,0,0.0,24.1,12.8,100.7,1011.0,54.3,5.8,212.9,18.3,7.0
13.082,80.275,2019-03-02,28.8,36.1,24.8,22.3,68.8,0.0,0,0.0,20.5,10.8,77.2,1012.4,40.2,6.5,250.3,21.6,9.0
13.082,80.275,2019-03-03,28.9,38.1,25.3,23.1,71.9,0.0,0,0.0,20.5,10.0,73.1,1011.6,38.4,6.0,235.2,20.2,8.0
13.082,80.275,2019-03-04,29.0,39.4,24.9,23.3,72.6,0.0,0,0.0,27.7,10.8,151.7,1010.1,33.3,6.1,269.5,23.2,9.0
13.082,80.275,2019-03-05,29.9,43.5,25.3,24.4,74.2,0.0,0,0.0,27.7,14.8,174.9,1009.0,21.4,6.3,275.1,23.7,10.0
13.082,80.275,2019-03-06,30.6,43.2,30.1,24.6,72.1,0.0,0,0.0,22.3,16.2,166.7,1009.1,24.9,6.3,271.1,23.5,9.0
13.082,80.275,2019-03-07,30.9,44.7,30.2,24.8,71.3,0.0,0,0.0,113.0,18.6,133.0,1009.3,25.5,6.7,280.6,24.2,10.0
13.082,80.275,2019-03-08,30.5,43.5,32.0,25.8,76.9,0.0,0,0.0,25.9,15.1,111.5,1011.5,38.4,6.5,225.8,19.5,8.0
13.082,80.275,2019-03-09,30.2,42.1,33.0,25.5,76.5,0.0,0,0.0,25.1,14.1,109.0,1013.1,43.1,6.7,239.1,20.7,9.0
13.082,80.275,2019-03-10,29.9,40.6,30.2,24.5,74.1,0.0,0,0.0,22.3,13.7,137.8,1012.8,34.7,7.4,260.7,22.5,9.0
13.082,80.275,2019-03-11,29.8,39.4,26.0,23.5,70.9,0.0,0,0.0,20.5,11.6,135.9,1013.5,31.6,6.6,278.1,24.0,10.0
13.082,80.275,2019-03-12,29.6,37.1,25.0,22.3,67.8,0.0,0,0.0,22.3,10.8,138.1,1013.7,23.1,6.4,290.4,25.3,10.0
13.082,80.275,2019-03-13,29.1,37.3,24.0,22.0,67.6,0.0,0,0.0,17.2,8.6,112.5,1014.0,25.4,5.8,281.9,24.4,10.0
13.082,80.275,2019-03-14,29.7,38.5,24.0,20.5,61.8,0.0,0,0.0,18.4,8.1,130.2,1013.7,23.5,5.9,289.7,25.1,10.0
13.082,80.275,2019-03-15,29.4,35.8,23.0,20.7,62.8,0.0,0,0.0,18.4,9.7,130.3,1013.6,22.7,6.0,290.2,25.1,10.0
13.082,80.275,2019-03-16,29.2,36.1,24.0,22.2,67.7,0.0,0,0.0,22.3,10.2,105.4,1013.8,28.8,5.9,279.0,24.2,10.0
13.082,80.275,2019-03-17,28.8,36.1,24.9,21.8,67.2,0.0,0,0.0,22.3,12.4,93.1,1013.5,36.3,6.1,252.1,21.9,9.0
13.082,80.275,2019-03-18,29.0,36.1,24.0,22.1,67.8,0.0,0,0.0,32.8,15.6,99.8,1013.3,24.8,6.3,285.3,24.7,10.0
13.082,80.275,2019-03-19,29.3,39.4,25.2,23.2,70.6,0.0,0,0.0,25.9,12.8,142.2,1011.1,30.6,6.6,277.2,23.9,9.0
13.082,80.275,2019-03-20,29.5,39.4,26.0,23.5,71.4,0.0,0,0.0,24.1,12.0,165.0,1011.4,35.0,6.5,277.4,24.1,10.0
13.082,80.275,2019-03-21,29.5,37.4,25.0,23.0,69.9,0.0,0,0.0,25.9,13.6,147.9,1012.1,32.0,6.7,293.4,25.4,10.0
13.082,80.275,2019-03-22,29.6,41.9,25.0,23.7,72.0,0.0,0,0.0,24.1,13.1,159.5,1012.2,28.8,6.5,272.6,23.7,9.0
13.082,80.275,2019-03-23,30.3,41.9,30.1,24.6,72.7,0.0,0,0.0,20.5,11.6,154.7,1011.4,30.6,6.5,285.6,24.8,10.0
13.082,80.275,2019-03-24,30.2,41.9,30.1,24.4,72.8,0.0,0,0.0,20.5,12.4,161.1,1010.8,33.8,6.5,286.8,24.9,10.0
13.082,80.275,2019-03-25,29.7,40.6,25.9,24.3,73.6,0.0,0,0.0,20.5,10.7,141.5,1011.0,27.3,6.6,289.0,25.1,10.0
13.082,80.275,2019-03-26,30.2,38.3,26.0,23.0,68.2,0.0,0,0.0,25.9,11.2,136.0,1012.2,24.7,6.9,288.2,24.9,10.0
13.082,80.275,2019-03-27,29.6,40.6,25.0,23.2,70.0,0.0,0,0.0,24.1,11.0,143.6,1013.1,19.8,6.1,300.3,25.9,10.0
13.082,80.275,2019-03-28,30.2,43.2,25.0,22.7,67.5,0.0,0,0.0,25.9,11.0,150.1,1011.9,8.8,5.8,298.4,25.8,10.0
13.082,80.275,2019-03-29,30.5,43.3,26.0,24.5,72.3,0.0,0,0.0,18.4,10.5,162.7,1010.0,17.0,6.4,300.7,26.1,10.0
13.082,80.275,2019-03-30,30.7,43.2,26.0,24.0,69.7,0.0,0,0.0,25.9,12.0,160.4,1009.8,12.1,6.4,295.8,25.6,10.0
13.082,80.275,2019-03-31,31.6,43.2,31.9,24.5,69.1,0.0,0,0.0,22.3,13.7,191.1,1009.8,21.3,6.7,301.4,26.0,10.0
13.082,80.275,2019-04-01,31.0,46.3,30.6,24.7,70.7,0.0,0,0.0,24.1,14.8,172.3,1010.2,16.2,6.5,301.9,26.1,10.0
13.082,80.275,2019-04-02,30.7,41.9,31.5,25.0,73.1,0.0,0,0.0,22.3,13.0,168.1,1010.5,32.9,6.6,278.8,24.1,10.0
13.082,80.275,2019-04-03,30.6,41.9,30.6,24.5,71.3,0.0,0,0.0,27.7,12.2,167.9,1010.5,24.4,6.9,280.9,24.4,10.0
13.082,80.275,2019-04-04,30.7,41.9,26.0,24.1,70.0,0.0,0,0.0,22.3,11.9,168.6,1011.8,25.1,6.3,292.0,25.4,10.0
13.082,80.275,2019-04-05,30.8,43.3,30.9,25.5,74.6,0.0,0,0.0,24.1,12.7,160.7,1011.5,30.2,6.2,279.3,24.0,10.0
13.082,80.275,2019-04-06,31.1,43.3,30.7,24.1,69.1,0.0,0,0.0,18.4,10.7,174.3,1010.8,30.9,6.3,291.4,25.3,10.0
13.082,80.275,2019-04-07,31.1,42.1,30.0,24.1,68.4,0.0,0,0.0,22.3,12.8,162.7,1010.0,24.4,6.4,291.6,25.1,10.0
13.082,80.275,2019-04-08,31.3,46.0,33.0,25.4,72.4,0.0,0,0.0,25.9,14.3,169.0,1009.1,35.6,6.2,269.6,23.3,9.0
13.082,80.275,2019-04-09,31.6,44.7,34.3,25.8,73.1,0.0,0,0.0,22.3,13.6,168.7,1009.7,43.5,6.2,269.8,23.2,9.0
13.082,80.275,2019-04-10,31.4,43.9,35.0,26.1,74.5,0.0,0,0.0,20.5,11.3,164.9,1010.7,31.7,6.6,269.7,23.3,9.0
13.082,80.275,2019-04-11,31.6,46.0,32.7,25.6,73.1,0.0,0,0.0,24.1,11.6,187.7,1009.9,33.2,6.7,293.5,25.4,10.0
13.082,80.275,2019-04-12,31.5,45.5,34.5,26.0,74.3,0.0,0,0.0,22.3,12.1,169.8,1009.5,34.6,6.3,294.7,25.6,10.0
13.082,80.275,2019-04-13,31.5,44.5,33.3,25.0,70.4,0.0,0,0.0,25.9,12.9,169.7,1010.2,18.7,6.7,292.6,25.3,10.0
13.082,80.275,2019-04-14,31.2,46.0,32.8,25.1,71.9,0.0,0,0.0,22.3,12.8,169.8,1010.5,25.7,6.8,295.7,25.7,10.0
13.082,80.275,2019-04-15,31.1,44.5,26.6,24.5,70.4,0.0,0,0.0,22.3,12.0,158.0,1010.4,21.8,6.6,304.6,26.4,10.0
13.082,80.275,2019-04-16,31.0,44.7,30.0,25.1,72.5,0.0,0,0.0,27.7,13.2,150.7,1010.0,24.0,6.1,286.6,24.9,10.0
13.082,80.275,2019-04-17,32.4,46.8,33.5,24.3,65.0,0.0,0,0.0,25.9,14.4,170.8,1010.3,27.1,6.2,294.2,25.5,10.0
13.082,80.275,2019-04-18,31.8,48.1,36.9,26.8,75.9,0.0,0,0.0,24.1,14.0,148.2,1010.1,42.6,6.5,275.7,24.0,9.0
13.082,80.275,2019-04-19,32.1,46.3,35.6,26.1,72.0,0.0,0,0.0,24.1,12.4,175.5,1009.3,41.6,6.7,251.8,21.9,9.0
13.082,80.275,2019-04-20,32.3,44.7,36.5,25.7,69.3,0.0,0,0.0,27.7,13.3,153.1,1008.1,40.0,6.7,276.8,24.0,10.0
13.082,80.275,2019-04-21,32.8,47.3,37.9,25.4,66.8,0.0,0,0.0,24.1,14.5,166.8,1007.0,42.8,6.8,272.3,23.5,9.0
13.082,80.275,2019-04-22,31.6,44.9,31.3,25.8,72.2,0.0,0,0.0,24.1,11.4,123.9,1007.2,44.4,6.3,264.2,22.9,9.0
13.082,80.275,2019-04-23,31.4,45.8,30.7,25.0,69.1,0.0,0,0.0,22.3,11.5,110.7,1009.0,49.7,6.0,281.8,24.5,9.0
13.082,80.275,2019-04-24,32.0,42.0,34.7,24.4,65.7,0.0,0,0.0,22.8,10.6,127.8,1009.9,37.8,6.4,285.4,24.6,9.0
13.082,80.275,2019-04-25,31.5,41.9,32.7,24.9,68.9,0.0,0,0.0,22.4,11.4,176.5,1009.4,31.2,6.4,290.1,25.2,10.0
13.082,80.275,2019-04-26,31.9,46.0,32.3,25.8,71.7,0.0,0,0.0,20.5,12.0,180.8,1008.1,26.4,6.5,300.2,26.0,10.0
13.082,80.275,2019-04-27,32.1,44.7,35.6,25.7,70.3,0.0,0,0.0,24.1,14.1,187.5,1007.8,39.5,6.3,283.5,24.6,10.0
13.082,80.275,2019-04-28,31.9,44.7,35.6,25.9,72.1,0.0,0,0.0,26.5,13.6,167.3,1008.0,55.6,6.8,244.3,21.1,9.0
13.082,80.275,2019-04-29,32.1,48.1,36.8,26.9,74.5,0.0,0,0.0,25.7,13.9,151.9,1007.9,58.1,6.6,223.2,19.1,7.0
13.082,80.275,2019-04-30,32.9,49.2,37.9,26.3,70.2,0.0,0,0.0,27.2,12.2,191.4,1006.8,56.1,5.7,200.9,17.4,6.0
13.082,80.275,2019-05-01,32.5,42.3,37.4,24.9,66.1,0.0,0,0.0,25.5,13.0,187.4,1004.6,63.6,5.1,140.2,12.1,6.0
13.082,80.275,2019-05-02,34.2,47.3,33.1,23.0,55.9,0.0,0,0.0,34.3,13.7,219.4,1004.2,69.1,6.1,206.7,17.7,7.0
13.082,80.275,2019-05-03,34.5,48.7,38.1,23.9,57.8,0.0,0,0.0,27.6,18.9,212.2,1006.2,43.5,6.6,289.7,24.8,10.0
13.082,80.275,2019-05-04,33.7,48.1,37.4,25.4,64.1,0.0,0,0.0,36.1,20.2,203.6,1008.2,36.3,6.6,278.1,24.3,10.0
13.082,80.275,2019-05-05,33.4,50.8,37.4,26.7,69.3,0.0,0,0.0,30.2,17.5,194.1,1008.9,34.0,6.5,289.4,25.0,9.0
13.082,80.275,2019-05-06,33.9,52.6,37.4,26.5,67.3,0.0,0,0.0,32.7,16.8,199.7,1007.1,40.4,6.4,283.9,24.6,9.0
13.082,80.275,2019-05-07,33.4,53.6,36.2,25.8,66.2,0.0,0,0.0,24.1,16.3,204.5,1006.1,50.6,6.1,260.7,22.6,9.0
13.082,80.275,2019-05-08,33.7,47.1,33.2,22.7,53.3,0.0,0,0.0,24.1,14.3,217.2,1005.7,64.9,5.8,258.7,22.6,9.0
13.082,80.275,2019-05-09,33.8,49.7,31.4,23.6,57.0,0.0,0,0.0,25.3,16.6,209.4,1004.8,27.4,6.9,288.1,24.9,10.0
13.082,80.275,2019-05-10,33.7,48.0,33.7,24.6,60.5,0.0,0,0.0,23.4,15.8,200.3,1005.5,26.8,6.5,302.1,26.0,10.0
13.082,80.275,2019-05-11,33.0,50.8,37.4,26.5,70.0,0.0,0,0.0,38.5,17.9,197.8,1007.4,20.4,6.9,303.1,26.1,10.0
13.082,80.275,2019-05-12,32.4,49.7,36.6,26.8,73.2,0.0,0,0.0,24.3,16.0,190.7,1007.4,28.5,6.7,297.7,25.9,10.0
13.082,80.275,2019-05-13,32.5,49.6,36.2,26.6,73.0,0.0,0,0.0,101.3,19.2,221.1,971.6,35.2,6.8,299.5,25.9,10.0
13.082,80.275,2019-05-14,32.5,49.6,37.7,27.2,74.4,0.0,0,0.0,22.3,12.3,181.2,1007.0,27.9,6.4,297.6,25.8,10.0
13.082,80.275,2019-05-15,32.8,49.5,38.0,26.9,72.4,0.0,0,0.0,22.3,13.2,192.7,1008.0,36.4,6.7,296.0,25.5,9.0
13.082,80.275,2019-05-16,33.0,47.4,37.3,26.3,69.8,0.0,0,0.0,23.5,14.9,191.0,1009.3,39.1,6.7,296.2,25.4,9.0
13.082,80.275,2019-05-17,32.7,50.2,37.4,27.2,74.0,0.0,0,0.0,26.8,17.1,202.0,1008.5,36.7,6.6,298.9,25.9,10.0
13.082,80.275,2019-05-18,32.7,49.5,38.2,27.2,74.6,0.0,0,0.0,38.6,19.5,197.8,1007.6,37.8,6.5,302.0,26.0,10.0
13.082,80.275,2019-05-19,32.7,48.8,36.3,26.5,71.6,0.0,0,0.0,45.1,18.2,197.1,1007.3,29.2,6.7,304.8,26.3,10.0
13.082,80.275,2019-05-20,32.8,48.0,36.6,25.9,68.8,0.0,0,0.0,22.3,15.3,186.2,1008.0,31.4,6.5,305.5,26.3,10.0
13.082,80.275,2019-05-21,32.9,49.0,35.1,25.5,66.8,0.0,0,0.0,24.1,15.1,189.4,1008.0,23.1,7.0,299.2,25.8,10.0
13.082,80.275,2019-05-22,32.8,45.7,36.7,25.3,66.8,0.0,0,0.0,27.7,16.0,194.5,1007.9,27.0,6.6,301.8,26.0,10.0
13.082,80.275,2019-05-23,32.8,45.8,36.1,26.1,69.7,0.0,0,0.0,24.1,16.5,198.0,1008.1,40.3,7.1,300.9,26.1,10.0
13.082,80.275,2019-05-24,32.7,50.8,36.6,26.7,71.8,0.0,0,0.0,25.9,15.3,204.6,1008.6,32.1,6.5,294.6,25.5,10.0
13.082,80.275,2019-05-25,33.3,50.8,37.4,26.4,68.8,0.0,0,0.0,22.3,13.6,209.2,1007.1,22.5,6.6,295.7,25.5,10.0
13.082,80.275,2019-05-26,33.7,55.6,38.5,26.6,67.9,0.0,0,0.0,27.7,16.1,205.6,1005.8,18.8,6.9,298.5,25.7,10.0
13.082,80.275,2019-05-27,33.3,50.0,38.0,26.7,69.4,0.0,0,0.0,22.3,15.3,202.4,1005.7,23.6,6.6,299.6,25.7,10.0
13.082,80.275,2019-05-28,33.8,57.0,38.9,27.2,69.9,0.0,0,0.0,22.3,15.9,214.8,1005.5,30.5,6.5,278.0,24.0,9.0
13.082,80.275,2019-05-29,33.8,51.7,37.7,26.4,66.4,0.0,0,0.0,22.3,14.0,205.0,1005.0,29.7,6.5,293.5,25.3,9.0
13.082,80.275,2019-05-30,32.6,50.7,39.7,27.7,75.5,0.0,0,0.0,32.0,15.7,189.6,1005.1,39.2,6.1,278.2,24.0,9.0
13.082,80.275,2019-05-31,33.7,50.0,36.5,25.9,65.6,0.0,0,0.0,38.2,19.6,208.0,1005.0,29.7,6.7,279.0,24.1,9.0
13.082,80.275,2019-06-01,34.2,52.6,39.2,25.6,62.6,0.0,0,0.0,35.7,19.0,224.4,1005.3,35.4,6.5,238.3,20.4,8.0
13.082,80.275,2019-06-02,34.4,54.3,35.2,25.6,61.4,0.0,0,0.0,42.0,18.8,227.1,1004.4,33.5,6.6,258.9,22.4,9.0
13.082,80.275,2019-06-03,33.1,50.1,33.3,24.2,60.3,0.0,0,0.0,24.1,12.3,186.0,1005.3,38.6,6.5,258.5,22.3,9.0
13.082,80.275,2019-06-04,33.7,52.9,38.3,26.4,66.8,0.0,0,0.0,20.5,12.3,184.7,1004.9,41.1,6.6,274.1,23.6,9.0
13.082,80.275,2019-06-05,33.3,51.3,36.5,25.9,66.1,0.0,0,0.0,24.6,15.8,192.1,1004.7,29.6,6.6,276.5,23.8,9.0
13.082,80.275,2019-06-06,32.8,47.3,36.2,26.0,68.5,0.0,0,0.0,39.3,17.3,180.9,1004.9,28.2,6.8,294.9,25.4,9.0
13.082,80.275,2019-06-07,32.9,51.5,38.7,27.0,72.0,0.0,0,0.0,27.7,15.7,198.2,1005.3,34.4,6.6,273.3,23.5,9.0
13.082,80.275,2019-06-08,34.0,47.3,37.4,25.1,62.0,0.0,0,0.0,24.1,15.7,229.7,1005.5,33.3,6.7,249.3,21.6,9.0
13.082,80.275,2019-06-09,34.6,50.7,37.7,25.4,60.4,0.0,0,0.0,24.3,18.2,224.4,1004.7,34.1,6.7,285.5,24.6,9.0
13.082,80.275,2019-06-10,34.7,51.1,34.6,23.2,52.7,0.0,0,0.0,24.8,17.3,228.3,1004.1,51.6,6.8,269.8,23.3,9.0
13.082,80.275,2019-06-11,34.6,47.3,35.3,23.2,53.3,0.0,0,0.0,29.6,19.1,223.6,1004.0,53.9,6.7,250.1,21.6,9.0
13.082,80.275,2019-06-12,35.3,48.3,35.8,23.5,51.8,0.0,0,0.0,34.2,17.5,244.1,1004.5,37.1,7.3,245.0,21.1,9.0
13.082,80.275,2019-06-13,33.7,44.7,33.7,23.2,54.8,0.0,0,0.0,43.8,22.1,232.9,1004.8,41.2,6.9,247.2,21.3,9.0
13.082,80.275,2019-06-14,34.2,49.5,32.7,23.6,56.3,0.0,0,0.0,45.2,21.9,235.2,1003.7,35.1,6.8,275.3,23.9,9.0
13.082,80.275,2019-06-15,34.6,47.1,35.8,23.8,55.2,0.0,0,0.0,24.1,17.8,214.2,1003.7,29.2,6.4,279.9,24.1,9.0
13.082,80.275,2019-06-16,34.8,48.5,36.5,23.8,55.5,0.0,0,0.0,25.9,17.1,214.5,1003.7,40.4,6.8,260.4,22.4,9.0
13.082,80.275,2019-06-17,34.5,46.8,37.9,23.4,54.3,0.0,0,0.0,22.3,14.6,215.3,1004.3,48.1,6.6,198.2,17.0,8.0
13.082,80.275,2019-06-18,34.5,49.4,38.2,24.3,57.9,0.0,0,0.0,27.7,13.1,192.8,1003.5,50.9,6.8,241.7,20.7,9.0
13.082,80.275,2019-06-19,34.2,45.4,36.1,23.5,55.5,0.0,0,0.0,25.9,15.6,202.4,1002.8,44.7,6.2,223.5,19.4,7.0
13.082,80.275,2019-06-20,33.1,48.5,31.2,24.4,62.5,7.424,100,4.17,23.2,14.6,258.0,1003.6,56.4,6.2,212.3,18.4,8.0
13.082,80.275,2019-06-21,32.5,42.4,34.6,24.0,62.8,0.0,0,0.0,42.5,14.3,232.0,1004.4,54.0,6.1,185.9,16.0,7.0
13.082,80.275,2019-06-22,32.3,44.8,30.6,24.3,65.9,2.816,100,4.17,25.9,13.3,242.7,1004.3,53.9,6.5,178.0,15.4,7.0
13.082,80.275,2019-06-23,31.6,44.7,30.6,25.0,69.6,12.0,100,4.17,24.1,9.7,205.3,1004.4,62.8,6.0,224.2,19.5,8.0
13.082,80.275,2019-06-24,31.9,44.8,32.7,25.2,69.4,0.0,0,0.0,24.1,11.8,230.3,1005.7,58.2,5.8,248.3,21.4,8.0
13.082,80.275,2019-06-25,30.9,45.2,26.7,25.0,72.0,5.446,100,8.33,30.4,14.7,225.5,1006.4,69.1,5.9,197.4,16.9,8.0
13.082,80.275,2019-06-26,30.4,43.3,25.0,24.6,73.4,34.136,100,8.33,28.3,16.0,226.8,1006.1,74.7,5.7,170.7,14.6,7.0
13.082,80.275,2019-06-27,31.2,46.7,30.5,25.3,73.2,0.0,0,0.0,33.4,14.2,233.3,1004.3,68.9,5.7,189.1,16.5,7.0
13.082,80.275,2019-06-28,33.1,45.6,34.1,23.6,59.9,3.274,100,8.33,29.5,13.8,229.1,1003.7,65.1,6.4,242.0,21.1,9.0
13.082,80.275,2019-06-29,33.5,44.6,33.7,22.9,56.3,0.0,0,0.0,18.7,14.2,253.7,1003.3,57.7,6.2,244.4,21.1,8.0
13.082,80.275,2019-06-30,34.1,42.7,34.1,22.1,50.9,0.0,0,0.0,22.3,13.0,259.5,1003.0,57.5,6.6,154.1,13.5,6.0
13.082,80.275,2019-07-01,33.4,43.2,33.7,22.7,54.4,0.0,0,0.0,25.9,15.7,233.2,1002.3,59.9,6.3,206.5,17.7,8.0
13.082,80.275,2019-07-02,33.0,42.4,35.2,23.5,58.9,0.0,0,0.0,34.8,21.2,236.5,1003.1,68.6,6.0,186.1,16.0,6.0
13.082,80.275,2019-07-03,33.1,44.7,33.7,24.2,61.5,0.0,0,0.0,33.0,19.3,214.3,1005.0,49.7,6.8,223.9,19.4,9.0
13.082,80.275,2019-07-04,33.7,45.2,33.7,23.9,59.2,0.0,0,0.0,33.2,18.6,228.3,1005.4,43.3,6.7,246.3,21.4,9.0
13.082,80.275,2019-07-05,33.2,42.1,34.5,23.2,57.6,0.0,0,0.0,26.1,16.0,224.3,1004.7,55.2,6.7,166.7,14.5,6.0
13.082,80.275,2019-07-06,32.9,42.6,33.9,22.8,56.4,0.0,0,0.0,36.4,18.4,221.3,1004.6,68.4,6.5,144.0,12.3,5.0
13.082,80.275,2019-07-07,33.8,43.6,33.7,22.4,53.2,0.0,0,0.0,44.9,21.9,214.1,1004.7,44.5,6.3,258.6,22.4,9.0
13.082,80.275,2019-07-08,33.9,43.8,33.0,22.3,52.3,0.0,0,0.0,45.8,23.8,223.9,1004.7,40.7,6.7,230.8,20.0,9.0
13.082,80.275,2019-07-09,33.2,43.7,29.7,23.4,58.7,7.0,100,4.17,47.0,20.3,218.7,1004.3,50.6,6.1,169.4,14.7,6.0
13.082,80.275,2019-07-10,30.9,45.1,26.7,24.1,69.0,3.744,100,8.33,25.9,14.4,215.0,1004.6,65.9,6.5,171.3,14.7,7.0
13.082,80.275,2019-07-11,32.0,43.2,32.0,22.6,58.1,0.0,0,0.0,20.5,11.7,207.0,1006.3,65.8,6.5,183.1,15.7,6.0
13.082,80.275,2019-07-12,31.8,42.2,33.0,23.9,64.2,0.3,100,4.17,22.3,14.4,209.9,1007.3,45.0,6.7,255.9,22.2,9.0
13.082,80.275,2019-07-13,31.2,43.4,29.6,24.2,68.0,5.019,100,4.17,18.4,13.9,221.4,1007.0,52.8,6.6,243.8,20.8,8.0
13.082,80.275,2019-07-14,30.6,43.5,26.5,24.2,69.7,0.0,0,0.0,35.3,17.1,230.7,1006.4,61.6,6.1,247.8,21.3,8.0
13.082,80.275,2019-07-15,30.7,44.0,26.4,23.9,69.2,8.584,100,8.33,27.7,16.2,231.0,1005.8,46.0,6.3,242.2,21.0,8.0
13.082,80.275,2019-07-16,30.9,44.2,25.5,24.8,72.5,41.944,100,8.33,35.2,14.0,253.8,1006.4,55.2,6.3,257.4,22.1,9.0
13.082,80.275,2019-07-17,31.1,42.5,32.7,25.5,73.1,6.773,100,8.33,20.8,8.6,247.3,1005.2,68.6,6.1,183.0,15.9,8.0
13.082,80.275,2019-07-18,32.1,45.6,34.5,25.2,68.0,0.595,100,4.17,22.3,13.9,244.0,1003.8,61.2,6.3,269.0,23.0,9.0
13.082,80.275,2019-07-19,30.4,41.9,31.7,24.8,72.7,0.0,0,0.0,22.3,12.1,239.7,1003.6,56.0,6.1,216.3,18.6,8.0
13.082,80.275,2019-07-20,30.7,44.5,29.6,24.9,72.1,0.256,100,4.17,24.2,13.7,220.4,1003.7,48.6,6.4,249.9,21.8,9.0
13.082,80.275,2019-07-21,31.5,40.8,34.5,24.5,67.5,0.0,0,0.0,40.8,18.3,222.8,1004.2,53.5,6.6,167.6,14.5,6.0
13.082,80.275,2019-07-22,27.9,35.6,26.6,25.4,86.5,10.497,100,16.67,40.6,17.1,210.7,1005.4,71.4,4.8,55.7,4.7,2.0
13.082,80.275,2019-07-23,29.1,40.6,25.8,23.9,75.1,42.287,100,12.5,42.2,16.9,240.8,1006.6,71.1,5.6,146.3,12.6,8.0
13.082,80.275,2019-07-24,30.5,43.2,25.6,24.4,71.8,12.976,100,12.5,34.3,17.9,219.5,1006.3,49.2,6.3,269.0,23.2,9.0
13.082,80.275,2019-07-25,29.0,43.1,25.0,25.8,84.0,85.928,100,16.67,41.2,15.1,224.8,1007.5,70.4,5.4,203.8,17.8,7.0
13.082,80.275,2019-07-26,28.6,40.6,24.5,24.5,79.9,43.344,100,8.33,27.7,13.9,246.9,1007.4,68.5,5.5,119.8,10.4,5.0
13.082,80.275,2019-07-27,30.9,43.3,30.0,23.8,66.5,0.0,0,0.0,21.9,13.0,269.3,1006.7,62.1,6.4,119.7,10.3,4.0
13.082,80.275,2019-07-28,30.5,40.6,25.2,24.1,69.6,0.4,100,4.17,17.8,12.0,276.9,1006.7,62.0,6.5,149.0,12.6,7.0
13.082,80.275,2019-07-29,30.0,43.3,26.5,24.9,75.2,0.6,100,4.17,22.5,13.5,254.0,1007.2,60.3,6.2,154.7,13.2,6.0
13.082,80.275,2019-07-30,30.6,40.6,30.4,24.8,72.4,0.0,0,0.0,20.5,14.2,260.7,1008.1,49.4,6.7,164.4,14.2,6.0
13.082,80.275,2019-07-31,32.2,44.5,31.5,24.8,66.8,0.0,0,0.0,24.1,14.5,257.6,1008.3,48.6,6.8,262.6,22.7,9.0
13.082,80.275,2019-08-01,31.5,42.4,34.0,25.1,70.2,0.0,0,0.0,29.8,16.0,243.2,1008.1,53.0,6.8,171.4,14.7,7.0
13.082,80.275,2019-08-02,31.1,42.4,31.2,24.9,70.8,0.223,100,4.17,45.4,17.7,230.1,1007.5,64.0,5.9,148.2,12.9,5.0
13.082,80.275,2019-08-03,31.7,43.2,33.1,24.8,68.4,0.0,0,0.0,45.2,17.4,251.7,1007.4,52.4,6.5,198.2,17.0,8.0
13.082,80.275,2019-08-04,32.0,44.5,32.3,24.0,64.2,3.0,100,4.17,28.4,16.3,263.6,1006.6,58.3,6.6,234.0,20.3,9.0
13.082,80.275,2019-08-05,31.0,41.9,26.0,23.8,66.6,0.256,100,4.17,31.3,18.5,271.9,1005.9,67.2,6.2,101.4,8.8,4.0
13.082,80.275,2019-08-06,30.9,43.3,24.2,23.7,66.9,0.149,100,4.17,29.9,18.9,269.2,1005.2,68.4,6.2,116.0,9.9,4.0
13.082,80.275,2019-08-07,31.7,41.9,31.8,23.5,62.3,0.0,0,0.0,32.4,20.5,267.7,1004.7,62.9,6.6,148.0,12.7,6.0
13.082,80.275,2019-08-08,32.5,44.7,31.7,23.5,59.7,0.0,0,0.0,28.5,16.8,251.1,1004.2,64.1,6.4,130.1,11.3,5.0
13.082,80.275,2019-08-09,32.8,46.0,31.2,23.0,57.3,0.0,0,0.0,22.3,15.1,271.9,1005.7,60.7,6.5,219.6,18.9,7.0
13.082,80.275,2019-08-10,32.1,46.0,32.8,23.2,59.7,0.0,0,0.0,29.4,16.0,267.5,1005.7,56.4,6.6,234.3,20.3,9.0
13.082,80.275,2019-08-11,33.0,44.6,32.7,23.5,59.0,0.0,0,0.0,24.1,16.5,301.5,1005.0,45.4,7.2,229.7,19.7,9.0
13.082,80.275,2019-08-12,33.0,45.8,32.5,23.8,59.3,0.0,0,0.0,29.3,16.4,269.8,1005.1,45.7,6.5,228.0,19.8,8.0
13.082,80.275,2019-08-13,32.1,47.3,33.1,25.1,68.1,3.593,100,8.33,22.3,13.2,253.0,1006.4,54.0,6.3,203.4,17.4,7.0
13.082,80.275,2019-08-14,31.1,47.4,30.0,25.4,73.5,0.256,100,4.17,22.3,12.4,272.1,1008.0,55.5,5.9,257.3,22.1,9.0
13.082,80.275,2019-08-15,30.7,44.7,26.2,25.5,75.0,9.184,100,8.33,18.4,11.4,262.7,1008.0,63.8,6.6,232.3,19.9,9.0
13.082,80.275,2019-08-16,31.7,46.0,30.8,25.5,71.5,3.0,100,4.17,18.4,10.1,278.0,1007.6,57.3,6.2,224.6,19.3,8.0
13.082,80.275,2019-08-17,28.0,39.1,25.2,25.6,87.7,39.72,100,16.67,35.1,17.7,279.0,1007.4,63.9,4.8,160.2,13.8,6.0
13.082,80.275,2019-08-18,27.9,37.7,25.5,25.1,85.6,32.352,100,16.67,24.5,14.0,274.7,1008.9,64.6,5.5,136.2,11.9,5.0
13.082,80.275,2019-08-19,30.8,46.3,26.3,25.5,74.3,0.0,0,0.0,29.9,14.6,249.6,1009.1,46.7,7.2,249.4,21.6,9.0
13.082,80.275,2019-08-20,30.5,46.7,26.3,26.4,79.9,7.721,100,4.17,42.8,20.4,271.8,1007.8,58.0,6.3,253.9,21.9,9.0
13.082,80.275,2019-08-21,30.8,44.9,25.7,25.8,76.0,7.512,100,8.33,46.5,19.9,268.4,1006.4,64.8,6.2,160.0,13.8,6.0
13.082,80.275,2019-08-22,29.8,42.1,26.7,24.9,75.7,0.0,0,0.0,22.3,13.1,275.9,1005.5,67.0,6.0,141.2,12.2,6.0
13.082,80.275,2019-08-23,30.7,44.7,30.3,24.8,71.9,0.0,0,0.0,27.6,13.4,259.9,1006.6,59.5,6.8,161.5,14.0,8.0
13.082,80.275,2019-08-24,30.2,44.9,25.9,24.8,74.6,10.642,100,12.5,19.0,11.2,246.8,1006.9,58.8,6.3,148.7,12.6,5.0
13.082,80.275,2019-08-25,31.1,43.5,30.6,24.8,70.8,0.0,0,0.0,22.3,14.0,221.2,1006.3,49.6,6.9,161.1,13.7,5.0
13.082,80.275,2019-08-26,31.6,43.3,32.0,24.5,67.0,0.0,0,0.0,24.1,16.3,220.9,1006.2,47.4,7.3,222.3,19.0,8.0
13.082,80.275,2019-08-27,31.7,44.7,31.7,24.7,67.3,0.0,0,0.0,24.9,15.4,215.6,1005.7,49.1,7.2,227.7,19.5,9.0
13.082,80.275,2019-08-28,30.6,43.2,25.0,24.5,71.3,8.232,100,4.17,29.5,13.8,224.5,1006.3,60.7,5.9,188.4,16.2,7.0
13.082,80.275,2019-08-29,31.2,46.0,26.5,25.7,74.5,0.0,0,0.0,25.9,12.1,232.9,1005.9,45.5,6.2,232.5,20.0,8.0
13.082,80.275,2019-08-30,30.4,44.7,24.6,24.9,74.4,25.16,100,8.33,25.9,14.2,240.2,1004.1,47.5,5.8,182.5,15.6,7.0
13.082,80.275,2019-08-31,30.5,43.8,31.6,25.5,75.6,0.0,0,0.0,16.6,11.9,235.2,1003.0,59.1,6.2,140.4,12.2,5.0
13.082,80.275,2019-09-01,29.7,39.1,26.5,24.9,76.2,4.446,100,8.33,14.8,7.7,218.9,1004.6,66.6,6.1,137.4,11.9,6.0
13.082,80.275,2019-09-02,30.0,41.2,30.0,25.1,75.9,7.923,100,16.67,16.6,11.1,222.2,1006.2,66.8,6.5,120.7,10.4,6.0
13.082,80.275,2019-09-03,29.4,42.0,25.7,25.0,78.6,3.488,100,4.17,18.4,10.1,227.6,1005.8,69.9,6.4,137.4,11.9,5.0
13.082,80.275,2019-09-04,29.9,43.3,29.6,25.0,76.6,7.768,100,8.33,37.9,16.5,228.9,1004.9,59.9,6.1,130.2,11.3,6.0
13.082,80.275,2019-09-05,30.8,40.2,26.7,23.0,64.3,0.0,0,0.0,36.4,17.8,224.4,1005.4,60.0,6.6,190.2,16.5,7.0
13.082,80.275,2019-09-06,31.1,40.6,31.6,22.5,60.9,2.232,100,4.17,28.5,15.5,226.7,1006.0,50.7,6.7,186.6,16.2,7.0
13.082,80.275,2019-09-07,31.6,41.0,31.7,22.4,59.5,0.0,0,0.0,26.5,13.6,227.3,1006.6,60.8,6.6,190.7,16.6,7.0
13.082,80.275,2019-09-08,32.0,43.2,32.6,22.9,59.7,0.0,0,0.0,29.2,15.9,234.8,1007.7,51.8,6.7,203.2,17.6,8.0
13.082,80.275,2019-09-09,31.4,40.9,32.4,23.0,61.8,0.0,0,0.0,26.4,15.2,232.1,1007.4,51.5,6.8,217.1,18.6,8.0
13.082,80.275,2019-09-10,31.2,43.3,33.6,24.2,67.6,0.0,0,0.0,24.9,12.8,211.3,1006.5,49.5,6.9,243.0,21.0,9.0
13.082,80.275,2019-09-11,29.3,39.2,26.0,24.6,76.6,0.521,100,4.17,22.0,9.7,200.0,1005.6,66.0,6.2,205.5,17.6,7.0
13.082,80.275,2019-09-12,28.4,42.8,23.9,24.0,78.3,11.048,100,8.33,25.9,15.1,233.0,1006.4,62.2,6.2,204.5,17.8,8.0
13.082,80.275,2019-09-13,29.1,43.2,25.5,23.9,74.9,0.0,0,0.0,22.3,10.7,219.7,1006.7,59.4,6.3,239.5,20.6,9.0
13.082,80.275,2019-09-14,29.2,41.0,25.0,23.7,73.4,0.0,0,0.0,18.4,10.6,206.7,1007.0,49.5,6.8,237.1,20.5,9.0
13.082,80.275,2019-09-15,29.6,41.9,26.0,24.5,75.2,0.735,100,8.33,18.4,12.2,235.7,1007.9,50.9,6.3,247.2,21.4,9.0
13.082,80.275,2019-09-16,30.2,43.5,26.0,24.1,70.8,3.6,100,4.17,27.7,14.7,255.9,1006.1,54.4,6.8,228.6,19.8,8.0
13.082,80.275,2019-09-17,29.0,39.3,25.9,24.8,79.2,2.386,100,8.33,24.1,12.8,249.8,1005.5,69.6,6.3,106.2,9.2,4.0
13.082,80.275,2019-09-18,28.9,40.4,30.1,25.3,81.1,0.9,100,8.33,22.7,12.0,219.8,1006.0,63.9,6.4,96.2,8.2,6.0
13.082,80.275,2019-09-19,26.6,36.8,23.8,25.0,91.1,144.361,100,16.67,18.4,9.0,232.4,1007.6,67.3,4.6,163.5,14.2,7.0
13.082,80.275,2019-09-20,28.5,39.2,26.0,25.6,85.3,3.72,100,4.17,13.0,6.1,206.0,1007.7,59.9,5.2,165.2,14.3,6.0
13.082,80.275,2019-09-21,29.0,43.7,29.6,25.6,82.5,2.3,100,16.67,13.0,6.8,210.1,1007.1,45.6,5.6,228.5,19.6,9.0
13.082,80.275,2019-09-22,27.8,39.2,26.0,25.8,89.0,22.752,100,4.17,14.8,3.8,283.4,1007.6,58.7,4.3,199.6,17.3,8.0
13.082,80.275,2019-09-23,29.5,42.1,26.2,25.8,81.0,0.0,0,0.0,20.5,8.3,73.3,1007.7,53.0,4.6,215.8,18.6,8.0
13.082,80.275,2019-09-24,29.1,42.2,31.2,25.9,83.9,5.488,100,4.17,22.8,10.5,189.4,1007.6,66.1,4.8,199.6,17.1,8.0
13.082,80.275,2019-09-25,28.5,40.6,25.0,25.6,84.6,16.256,100,8.33,18.4,13.1,177.5,1009.3,64.2,5.9,185.2,16.0,8.0
13.082,80.275,2019-09-26,28.1,40.6,24.0,24.7,82.6,31.136,100,8.33,18.4,11.0,180.3,1012.5,51.3,6.3,234.8,20.1,8.0
13.082,80.275,2019-09-27,29.3,40.6,26.1,25.1,79.1,0.3,100,4.17,18.4,8.8,137.4,1013.8,40.2,6.6,241.6,20.7,8.0
13.082,80.275,2019-09-28,29.4,39.3,26.0,24.4,75.8,0.0,0,0.0,18.4,7.7,128.4,1012.7,38.1,6.3,253.1,21.9,8.0
13.082,80.275,2019-09-29,29.6,39.3,26.7,24.6,75.6,0.0,0,0.0,14.8,8.3,123.6,1012.9,46.0,6.0,210.7,18.2,8.0
13.082,80.275,2019-09-30,29.1,38.5,26.0,24.5,77.0,0.744,100,4.17,18.4,8.7,151.8,1012.0,42.1,6.0,238.8,20.7,8.0
13.082,80.275,2019-10-01,29.5,40.6,25.9,24.6,75.8,0.0,0,0.0,25.8,8.7,180.7,1011.3,38.0,6.4,252.9,22.0,9.0
13.082,80.275,2019-10-02,29.9,42.1,30.6,25.3,77.2,0.0,0,0.0,25.4,11.6,169.4,1011.0,40.1,6.0,256.4,22.1,9.0
13.082,80.275,2019-10-03,29.9,42.1,30.4,25.0,76.1,0.0,0,0.0,22.3,10.8,163.6,1010.5,35.7,6.5,232.5,20.0,9.0
13.082,80.275,2019-10-04,30.0,40.6,30.5,24.9,75.1,0.0,0,0.0,18.4,10.0,184.0,1010.2,35.0,6.6,246.5,21.1,9.0
13.082,80.275,2019-10-05,29.5,39.3,26.0,24.2,74.0,0.0,0,0.0,18.4,9.8,180.0,1009.6,37.9,6.5,255.3,22.1,9.0
13.082,80.275,2019-10-06,29.8,40.1,30.6,24.9,75.7,0.0,0,0.0,18.4,10.3,185.5,1009.9,40.0,6.5,238.3,20.7,8.0
13.082,80.275,2019-10-07,30.2,41.3,30.6,24.7,73.7,0.0,0,0.0,16.6,9.3,172.6,1009.9,32.9,6.3,251.7,21.8,9.0
13.082,80.275,2019-10-08,30.0,40.6,30.6,24.7,74.1,0.0,0,0.0,16.6,9.5,186.8,1009.5,37.5,6.3,243.2,20.9,9.0
13.082,80.275,2019-10-09,29.8,40.6,30.6,24.7,74.7,0.0,0,0.0,18.4,9.0,162.2,1009.4,39.6,6.2,242.6,21.0,8.0
13.082,80.275,2019-10-10,29.3,39.7,30.6,24.9,77.7,0.256,100,4.17,16.6,7.4,162.1,1009.6,43.1,5.8,246.3,21.2,8.0
13.082,80.275,2019-10-11,29.7,40.6,26.0,24.8,75.6,0.0,0,0.0,18.4,8.5,138.8,1009.9,36.3,6.3,227.9,19.7,8.0
13.082,80.275,2019-10-12,30.1,40.6,30.6,24.6,73.5,0.0,0,0.0,22.3,8.4,114.3,1010.0,33.7,6.2,219.7,19.0,8.0
13.082,80.275,2019-10-13,30.2,40.6,30.6,24.9,73.9,0.0,0,0.0,20.5,7.5,104.9,1010.4,40.9,6.2,219.8,18.8,8.0
13.082,80.275,2019-10-14,30.2,42.0,26.5,24.9,74.6,3.026,100,8.33,22.3,10.0,59.2,1010.7,46.3,6.2,222.6,19.2,8.0
13.082,80.275,2019-10-15,29.2,41.4,26.0,25.6,82.0,5.328,100,12.5,18.4,9.6,27.2,1009.8,65.2,5.5,181.4,15.6,8.0
13.082,80.275,2019-10-16,27.2,37.4,24.8,25.0,88.1,12.74,100,12.5,16.6,7.9,21.0,1010.2,64.9,5.4,121.8,10.3,5.0
13.082,80.275,2019-10-17,25.8,32.7,24.0,24.9,94.9,60.976,100,16.67,11.2,4.6,355.9,1010.8,71.4,4.3,101.4,8.7,6.0
13.082,80.275,2019-10-18,27.7,38.0,24.7,25.1,86.3,75.681,100,8.33,18.4,5.6,60.5,1010.7,66.0,5.1,195.6,16.7,7.0
13.082,80.275,2019-10-19,27.4,37.7,25.0,25.3,89.0,5.771,100,12.5,16.6,5.9,36.8,1010.9,70.1,5.0,174.0,15.0,7.0
13.082,80.275,2019-10-20,26.9,36.2,25.0,25.5,92.0,23.621,100,12.5,18.4,4.8,6.4,1010.6,71.4,4.8,150.7,13.1,6.0
13.082,80.275,2019-10-21,25.9,32.7,24.3,25.0,94.6,55.304,100,16.67,14.8,5.2,336.9,1009.5,74.1,4.1,64.2,5.7,3.0
13.082,80.275,2019-10-22,25.4,30.9,24.0,24.4,94.1,24.624,100,16.67,14.3,7.1,290.1,1008.2,69.0,4.3,85.2,7.4,4.0
13.082,80.275,2019-10-23,28.2,38.2,24.9,24.6,81.8,0.0,0,0.0,13.0,9.2,217.6,1007.4,58.6,5.7,199.8,17.2,8.0
13.082,80.275,2019-10-24,27.4,36.3,24.5,24.7,86.0,1.688,100,8.33,22.3,9.1,216.6,1008.9,73.3,5.0,98.9,8.5,5.0
13.082,80.275,2019-10-25,28.2,37.7,25.8,25.1,83.7,0.0,0,0.0,18.4,8.4,104.9,1009.2,71.5,5.1,183.8,15.9,7.0
13.082,80.275,2019-10-26,27.5,39.1,24.0,25.1,87.4,23.512,100,12.5,16.6,7.4,199.3,1010.3,60.1,4.4,201.4,17.5,7.0
13.082,80.275,2019-10-27,28.8,40.7,25.8,25.1,81.3,0.0,0,0.0,20.5,7.5,89.5,1010.3,38.7,5.1,230.5,19.9,8.0
13.082,80.275,2019-10-28,28.1,38.8,25.0,25.4,86.1,18.424,100,16.67,14.8,6.1,16.1,1010.6,62.4,5.0,162.7,14.1,6.0
13.082,80.275,2019-10-29,28.4,39.2,25.0,24.7,81.3,23.44,100,12.5,24.1,10.8,70.9,1010.6,61.5,5.0,143.8,12.5,5.0
13.082,80.275,2019-10-30,25.7,33.6,24.0,25.1,96.5,76.136,100,20.83,14.8,6.7,119.7,1011.2,80.6,2.8,52.3,4.4,2.0
13.082,80.275,2019-10-31,27.1,36.1,24.9,24.7,87.4,2.283,100,4.17,16.6,5.2,173.7,1011.0,65.1,5.5,131.2,11.1,5.0
13.082,80.275,2019-11-01,28.2,40.0,24.2,24.4,81.3,0.0,0,0.0,16.6,6.8,83.3,1010.8,41.8,6.2,214.9,18.5,8.0
13.082,80.275,2019-11-02,28.8,39.7,25.8,25.1,81.3,0.0,0,0.0,18.4,6.5,72.7,1011.1,41.5,5.8,221.1,19.2,8.0
13.082,80.275,2019-11-03,28.7,39.2,26.0,24.5,79.1,0.0,0,0.0,14.8,6.8,33.4,1012.3,45.3,5.0,229.4,19.7,9.0
13.082,80.275,2019-11-04,28.5,39.4,25.0,24.1,78.5,0.0,0,0.0,11.2,4.9,22.3,1012.6,24.9,4.0,237.0,20.2,8.0
13.082,80.275,2019-11-05,28.8,37.0,25.0,23.8,76.7,0.0,0,0.0,16.6,6.9,18.9,1010.5,19.2,3.8,246.0,21.2,9.0
13.082,80.275,2019-11-06,28.9,38.1,25.9,24.0,76.8,0.0,0,0.0,22.3,8.5,12.7,1008.9,33.6,3.8,236.8,20.5,8.0
13.082,80.275,2019-11-07,29.1,40.6,25.7,24.0,75.7,0.0,0,0.0,25.5,9.2,251.0,1009.0,37.9,3.2,209.0,18.0,8.0
13.082,80.275,2019-11-08,29.9,41.9,25.9,24.5,74.3,0.0,0,0.0,14.8,8.0,222.7,1009.6,30.1,3.7,222.4,19.2,8.0
13.082,80.275,2019-11-09,29.3,42.1,30.6,25.7,81.6,6.4,100,4.17,16.6,8.5,171.9,1009.8,48.3,3.4,213.9,18.4,8.0
13.082,80.275,2019-11-10,28.9,38.8,25.7,24.0,76.9,0.0,0,0.0,12.3,5.6,338.8,1010.1,31.1,3.7,220.6,19.1,8.0
13.082,80.275,2019-11-11,28.4,37.1,24.7,23.3,75.3,0.0,0,0.0,16.6,8.9,39.2,1010.4,47.0,4.7,231.0,20.0,8.0
13.082,80.275,2019-11-12,28.8,38.3,25.0,23.2,73.0,0.0,0,0.0,20.5,8.5,49.3,1011.9,48.2,5.4,224.8,19.4,8.0
13.082,80.275,2019-11-13,28.5,36.8,25.8,23.1,73.5,0.0,0,0.0,24.1,10.1,51.7,1012.4,47.7,5.4,205.6,17.7,8.0
13.082,80.275,2019-11-14,28.5,40.9,25.8,24.5,79.5,2.0,100,4.17,18.4,9.4,70.8,1012.1,55.6,6.2,174.9,15.2,7.0
13.082,80.275,2019-11-15,26.7,34.5,25.0,24.3,87.0,4.256,100,8.33,22.3,8.0,15.9,1012.3,60.9,5.4,126.6,11.1,6.0
13.082,80.275,2019-11-16,27.7,36.7,25.0,24.4,82.9,2.232,100,4.17,14.8,7.5,26.8,1012.3,53.3,4.5,170.3,14.7,6.0
13.082,80.275,2019-11-17,27.4,36.5,25.0,24.1,83.0,3.0,100,4.17,18.4,8.0,15.2,1012.3,46.7,4.9,149.1,12.8,5.0
13.082,80.275,2019-11-18,28.2,39.2,25.9,25.1,83.6,3.0,100,8.33,18.4,7.9,59.2,1012.5,50.4,5.5,145.6,12.5,5.0
13.082,80.275,2019-11-19,27.4,37.7,25.7,25.2,88.0,3.072,100,4.17,16.6,6.6,25.0,1011.9,57.8,4.5,175.8,15.2,7.0
13.082,80.275,2019-11-20,27.7,39.2,25.0,25.0,86.0,18.976,100,12.5,17.0,9.6,64.2,1011.6,67.6,4.8,157.8,13.6,7.0
13.082,80.275,2019-11-21,27.5,35.9,24.0,24.2,82.7,12.424,100,4.17,21.5,12.5,48.6,1012.9,69.4,4.7,163.2,14.0,7.0
13.082,80.275,2019-11-22,27.4,35.1,25.0,24.0,82.0,6.972,100,12.5,25.9,10.9,18.4,1013.6,65.9,5.0,136.4,11.8,6.0
13.082,80.275,2019-11-23,26.0,31.9,24.0,23.5,86.4,29.144,100,12.5,17.3,7.6,15.9,1013.7,79.0,3.1,163.7,14.1,7.0
13.082,80.275,2019-11-24,26.8,33.9,23.5,22.6,78.6,0.0,0,0.0,14.8,7.1,21.7,1013.6,54.5,4.5,216.5,18.8,8.0
13.082,80.275,2019-11-25,27.1,34.1,25.0,22.9,78.3,0.051,100,4.17,22.3,10.3,16.2,1013.4,59.1,5.1,166.7,14.4,7.0
13.082,80.275,2019-11-26,27.1,35.5,23.0,22.9,78.5,0.0,0,0.0,20.5,8.0,42.1,1012.7,59.6,4.8,176.0,15.2,7.0
13.082,80.275,2019-11-27,28.4,39.2,29.6,24.5,79.5,2.232,100,4.17,18.4,11.8,51.4,1012.6,51.8,5.5,181.1,15.7,7.0
13.082,80.275,2019-11-28,27.6,37.7,24.9,25.1,86.7,33.632,100,16.67,24.1,11.8,49.9,1012.6,66.4,5.1,179.9,15.6,7.0
13.082,80.275,2019-11-29,27.9,36.5,25.8,25.0,85.0,13.744,100,4.17,22.3,11.2,49.1,1012.4,56.4,5.5,150.1,12.9,6.0
13.082,80.275,2019-11-30,26.7,37.4,23.8,25.1,90.9,67.792,100,20.83,22.3,12.7,56.1,1011.6,70.6,4.7,69.8,6.0,4.0
13.082,80.275,2019-12-01,25.2,35.6,24.0,24.6,96.3,93.88,100,25.0,27.7,10.0,63.7,1012.1,78.0,3.3,40.7,3.6,2.0
13.082,80.275,2019-12-02,26.5,35.6,24.6,25.1,92.1,6.884,100,12.5,17.2,8.8,48.6,1012.8,74.1,4.7,80.4,6.9,5.0
13.082,80.275,2019-12-03,27.6,35.1,26.0,24.4,83.6,0.0,0,0.0,22.3,12.0,52.8,1012.7,67.6,5.1,132.9,11.7,6.0
13.082,80.275,2019-12-04,27.6,34.1,25.9,22.7,75.7,0.884,100,4.17,22.3,15.6,52.0,1013.6,55.2,5.4,190.9,16.6,8.0
13.082,80.275,2019-12-05,27.1,33.1,24.0,21.2,70.7,0.0,0,0.0,25.9,13.8,51.7,1015.2,55.1,5.1,171.2,14.9,5.0
13.082,80.275,2019-12-06,27.1,33.7,25.0,21.3,71.0,0.0,0,0.0,20.5,14.5,41.2,1015.1,64.5,5.5,209.4,18.0,8.0
13.082,80.275,2019-12-07,25.4,32.7,24.0,24.0,92.3,12.329,100,20.83,15.8,7.3,353.7,1013.6,72.2,4.1,174.1,15.0,7.0
13.082,80.275,2019-12-08,26.7,33.8,23.6,22.9,80.7,0.666,100,4.17,22.3,8.6,58.3,1014.6,53.7,5.1,147.9,12.8,6.0
13.082,80.275,2019-12-09,26.9,34.1,23.9,22.3,77.1,0.67,100,4.17,22.3,9.0,50.4,1014.5,49.8,5.6,205.9,17.6,7.0
13.082,80.275,2019-12-10,26.4,33.7,23.0,22.0,77.6,0.0,0,0.0,20.5,8.5,42.3,1013.2,45.0,5.7,184.5,15.9,6.0
13.082,80.275,2019-12-11,26.6,32.6,22.8,21.6,74.8,0.0,0,0.0,18.4,9.1,23.8,1012.1,50.9,6.2,182.8,16.0,7.0
13.082,80.275,2019-12-12,27.1,34.0,24.0,21.9,74.3,0.0,0,0.0,22.3,8.9,50.3,1012.6,45.3,5.8,178.7,15.4,7.0
13.082,80.275,2019-12-13,26.3,34.5,23.4,23.5,84.8,10.584,100,8.33,14.8,7.1,36.7,1013.4,63.8,4.8,114.9,10.0,5.0
13.082,80.275,2019-12-14,25.5,30.7,23.9,23.8,90.4,8.0,100,8.33,16.6,6.2,45.2,1014.8,74.2,4.2,125.6,10.9,6.0
13.082,80.275,2019-12-15,26.0,32.8,23.0,22.5,82.1,0.0,0,0.0,14.8,5.6,46.0,1014.1,54.0,5.4,184.5,15.8,7.0
13.082,80.275,2019-12-16,26.3,34.1,23.8,23.4,84.3,2.232,100,8.33,22.3,7.8,44.1,1013.7,56.5,5.4,142.9,12.3,5.0
13.082,80.275,2019-12-17,26.9,32.8,24.0,22.1,76.3,0.0,0,0.0,20.5,9.9,44.7,1014.2,49.4,5.1,170.1,14.7,6.0
13.082,80.275,2019-12-18,27.0,34.9,24.0,23.4,81.2,3.794,100,8.33,24.1,9.3,45.1,1015.0,63.4,5.0,174.9,15.1,7.0
13.082,80.275,2019-12-19,27.4,34.2,25.0,22.5,75.3,0.0,0,0.0,27.7,11.3,55.0,1014.2,45.9,5.4,187.4,16.0,7.0
13.082,80.275,2019-12-20,26.6,34.1,23.0,22.5,78.4,0.0,0,0.0,22.3,8.7,58.5,1013.5,49.9,5.2,184.9,16.1,6.0
13.082,80.275,2019-12-21,26.3,33.3,23.0,22.0,77.9,0.0,0,0.0,18.4,8.6,57.5,1013.7,57.6,5.0,172.7,14.9,7.0
13.082,80.275,2019-12-22,26.4,32.6,23.0,20.8,71.8,0.0,0,0.0,18.4,9.3,59.2,1013.9,45.2,5.5,201.5,17.4,8.0
13.082,80.275,2019-12-23,25.8,32.6,22.0,21.2,76.9,0.0,0,0.0,16.6,7.5,35.9,1014.0,50.5,5.0,174.9,15.1,7.0
13.082,80.275,2019-12-24,25.5,30.1,25.0,23.4,88.3,0.275,100,12.5,22.3,8.0,37.4,1014.4,72.6,3.6,30.4,2.6,1.0
13.082,80.275,2019-12-25,26.5,32.7,23.4,22.5,79.4,0.0,0,0.0,18.4,8.2,51.5,1014.5,59.4,5.0,148.5,13.0,6.0
13.082,80.275,2019-12-26,25.3,32.6,22.0,21.5,80.9,0.0,0,0.0,14.8,5.6,66.9,1013.7,41.8,4.9,178.7,15.4,6.0
13.082,80.275,2019-12-27,25.8,33.3,22.0,21.3,77.5,0.0,0,0.0,18.4,7.4,70.5,1012.6,39.2,5.3,203.6,17.6,7.0
13.082,80.275,2019-12-28,26.3,33.7,23.0,21.6,76.6,0.0,0,0.0,14.8,7.0,48.6,1013.1,40.8,5.0,195.1,16.8,8.0
13.082,80.275,2019-12-29,26.0,33.5,22.9,22.1,80.7,2.851,100,8.33,18.4,7.5,47.8,1013.7,55.1,4.3,181.6,15.7,7.0
13.082,80.275,2019-12-30,25.7,32.1,22.7,22.2,82.4,32.064,100,8.33,20.5,8.9,46.7,1014.2,56.7,4.4,148.1,12.9,5.0
13.082,80.275,2019-12-31,26.6,35.1,24.0,23.7,84.8,4.1,100,8.33,22.3,10.0,64.8,1014.5,66.2,4.9,161.4,13.8,6.0
13.082,80.275,2020-01-01,26.1,33.6,23.0,24.3,90.4,59.512,100,20.83,14.8,7.4,67.2,1014.9,52.0,4.5,151.1,13.1,7.0
13.082,80.275,2020-01-02,27.2,37.8,24.0,24.6,86.5,2.232,100,4.17,14.8,5.7,83.9,1015.7,30.1,5.2,149.7,12.8,6.0
13.082,80.275,2020-01-03,27.8,38.7,25.0,24.6,83.8,0.0,0,0.0,18.4,6.4,116.2,1014.4,28.3,5.2,184.9,16.1,7.0
13.082,80.275,2020-01-04,27.9,36.6,25.0,24.7,83.7,0.0,0,0.0,14.8,8.2,134.5,1012.5,32.5,5.0,192.1,16.7,7.0
13.082,80.275,2020-01-05,28.0,35.9,26.0,24.3,80.6,0.3,100,12.5,14.8,9.8,120.1,1012.6,41.5,5.9,156.4,13.6,6.0
13.082,80.275,2020-01-06,26.9,35.5,24.0,23.7,83.2,17.505,100,12.5,22.3,10.9,65.3,1015.0,41.0,5.5,171.2,14.8,6.0
13.082,80.275,2020-01-07,27.5,34.2,25.6,23.3,78.5,0.0,0,0.0,24.1,13.6,76.8,1014.5,32.8,5.4,173.5,14.7,7.0
13.082,80.275,2020-01-08,26.0,31.4,23.0,21.3,76.0,0.0,0,0.0,18.4,8.0,69.7,1014.3,23.1,5.4,202.5,17.5,7.0
13.082,80.275,2020-01-09,25.4,32.1,21.6,20.2,74.4,0.0,0,0.0,14.8,6.6,80.0,1014.0,19.3,5.6,234.2,20.2,8.0
13.082,80.275,2020-01-10,25.7,31.4,21.2,19.3,69.9,0.0,0,0.0,22.3,10.3,63.9,1014.7,23.7,5.8,211.5,18.2,7.0
13.082,80.275,2020-01-11,25.5,31.7,21.4,20.1,73.5,0.0,0,0.0,22.3,9.6,53.3,1015.2,19.0,5.3,199.0,17.1,8.0
13.082,80.275,2020-01-12,25.7,33.3,22.8,21.9,80.7,0.0,0,0.0,27.7,13.2,51.4,1013.7,28.5,3.9,173.7,14.9,7.0
13.082,80.275,2020-01-13,25.0,31.4,21.7,20.4,76.6,0.0,0,0.0,24.3,10.1,60.7,1012.6,18.6,4.2,206.1,17.9,7.0
13.082,80.275,2020-01-14,24.3,29.9,19.5,18.3,71.0,0.0,0,0.0,20.0,9.2,51.2,1012.7,20.9,4.1,240.8,20.7,8.0
13.082,80.275,2020-01-15,25.3,31.4,20.8,18.7,68.4,0.0,0,0.0,18.4,7.9,56.4,1013.4,24.6,5.3,171.7,14.7,6.0
13.082,80.275,2020-01-16,25.8,32.4,22.0,19.7,70.4,0.0,0,0.0,18.4,7.9,59.5,1013.3,22.7,5.9,231.8,20.0,9.0
13.082,80.275,2020-01-17,26.0,33.3,21.9,22.1,79.8,0.0,0,0.0,22.3,12.3,58.0,1013.6,29.3,5.8,180.9,15.8,7.0
13.082,80.275,2020-01-18,27.1,34.6,25.0,23.0,78.6,0.67,100,4.17,22.3,12.5,73.7,1013.4,32.9,6.0,162.7,13.9,7.0
13.082,80.275,2020-01-19,27.4,34.6,25.0,21.9,72.9,0.0,0,0.0,18.4,9.8,65.3,1013.7,27.9,6.2,207.3,18.0,8.0
13.082,80.275,2020-01-20,26.5,33.1,22.6,21.0,73.7,0.0,0,0.0,18.4,8.3,59.7,1014.4,16.7,6.0,230.5,19.9,8.0
13.082,80.275,2020-01-21,26.0,32.0,22.0,20.6,73.2,0.0,0,0.0,22.3,8.6,56.8,1015.8,27.1,6.3,214.5,18.6,8.0
13.082,80.275,2020-01-22,26.2,32.6,23.0,21.6,76.6,0.0,0,0.0,24.1,10.1,49.5,1016.1,29.4,5.4,188.8,16.2,7.0
13.082,80.275,2020-01-23,26.5,32.8,23.0,21.2,74.2,0.0,0,0.0,20.5,8.1,52.8,1015.1,26.9,5.4,206.7,17.7,7.0
13.082,80.275,2020-01-24,25.5,31.5,21.6,19.8,73.2,0.0,0,0.0,22.3,7.3,53.2,1014.6,18.6,5.4,249.9,21.6,9.0
13.082,80.275,2020-01-25,25.0,33.1,21.0,19.9,75.4,0.0,0,0.0,18.4,5.8,65.4,1013.9,16.1,5.5,240.8,20.8,9.0
13.082,80.275,2020-01-26,25.5,31.4,20.8,19.5,72.3,0.0,0,0.0,14.8,6.0,116.6,1013.2,6.9,5.4,244.0,21.1,9.0
13.082,80.275,2020-01-27,26.0,32.9,21.7,20.8,74.6,0.0,0,0.0,16.6,7.2,173.5,1012.8,11.7,5.7,246.0,21.3,9.0
13.082,80.275,2020-01-28,27.1,34.2,22.6,21.3,72.0,0.0,0,0.0,16.6,8.8,166.4,1012.9,18.5,5.0,247.9,21.4,9.0
13.082,80.275,2020-01-29,27.0,35.8,23.0,22.4,76.9,0.0,0,0.0,24.1,10.0,140.1,1013.7,20.5,5.2,232.9,20.1,9.0
13.082,80.275,2020-01-30,26.9,35.5,22.9,22.2,76.8,0.0,0,0.0,18.4,7.5,138.5,1012.9,19.6,4.9,240.2,20.5,9.0
13.082,80.275,2020-01-31,27.0,34.6,23.0,22.3,76.6,0.0,0,0.0,13.0,7.1,122.8,1012.1,21.8,5.3,230.9,20.0,8.0
13.082,80.275,2020-02-01,27.4,35.3,23.8,22.1,74.3,0.0,0,0.0,14.1,7.0,102.2,1013.1,25.0,5.4,223.9,19.4,8.0
13.082,80.275,2020-02-02,27.1,34.3,24.0,21.1,71.0,0.0,0,0.0,18.4,7.6,80.2,1014.9,23.6,6.0,226.2,19.6,8.0
13.082,80.275,2020-02-03,26.4,33.4,23.0,20.9,73.3,0.0,0,0.0,18.4,7.8,77.7,1014.9,23.5,5.8,244.4,21.1,8.0
13.082,80.275,2020-02-04,26.6,34.1,23.0,21.9,76.2,0.595,100,4.17,22.3,8.1,75.7,1013.8,34.8,5.3,213.1,18.4,8.0
13.082,80.275,2020-02-05,26.8,33.5,22.6,20.4,69.9,0.0,0,0.0,18.4,7.6,99.4,1013.8,18.5,6.0,247.5,21.4,9.0
13.082,80.275,2020-02-06,26.6,33.8,22.0,20.2,69.3,0.0,0,0.0,16.6,7.7,131.5,1014.1,18.9,6.1,246.9,21.5,8.0
13.082,80.275,2020-02-07,27.3,35.1,23.0,20.9,68.9,0.0,0,0.0,24.1,10.1,126.0,1014.6,23.0,6.2,240.6,20.9,9.0
13.082,80.275,2020-02-08,27.4,34.2,23.0,20.3,67.0,0.0,0,0.0,16.6,11.6,127.1,1014.8,17.0,6.2,238.1,20.6,8.0
13.082,80.275,2020-02-09,27.5,34.0,24.0,21.7,71.5,0.0,0,0.0,25.9,13.9,82.9,1015.3,32.6,5.4,177.1,15.4,7.0
13.082,80.275,2020-02-10,27.6,33.7,24.6,20.3,65.7,0.0,0,0.0,27.7,13.5,74.7,1015.3,22.7,5.9,246.4,21.3,9.0
13.082,80.275,2020-02-11,27.8,38.1,23.7,22.1,72.1,0.0,0,0.0,27.7,14.2,66.0,1015.3,29.5,5.9,192.3,16.7,6.0
13.082,80.275,2020-02-12,27.4,35.9,24.0,22.1,73.6,0.0,0,0.0,22.3,13.8,48.0,1016.6,23.8,6.0,192.4,16.7,7.0
13.082,80.275,2020-02-13,27.1,35.0,23.0,21.6,73.2,0.0,0,0.0,24.1,11.9,49.5,1015.7,18.0,5.7,253.3,21.8,9.0
13.082,80.275,2020-02-14,26.9,35.0,23.0,20.3,70.5,0.0,0,0.0,22.3,8.9,53.8,1013.5,9.2,5.1,273.0,23.5,9.0
13.082,80.275,2020-02-15,26.2,33.5,21.0,19.0,68.0,0.0,0,0.0,22.0,9.4,76.3,1013.3,2.0,4.9,271.5,23.4,10.0
13.082,80.275,2020-02-16,26.2,33.5,20.9,19.1,66.9,0.0,0,0.0,21.6,10.1,73.8,1014.8,9.6,5.4,277.3,23.9,9.0
13.082,80.275,2020-02-17,26.4,32.4,21.4,18.5,63.9,0.0,0,0.0,18.4,9.7,72.1,1015.5,14.4,5.5,268.8,23.2,9.0
13.082,80.275,2020-02-18,25.9,32.8,21.0,19.0,67.9,0.0,0,0.0,14.8,7.7,77.9,1015.0,14.3,5.4,271.3,23.3,9.0
13.082,80.275,2020-02-19,26.4,33.3,21.8,19.6,68.1,0.0,0,0.0,18.4,10.0,81.2,1015.3,27.6,5.7,262.1,22.6,9.0
13.082,80.275,2020-02-20,26.8,32.7,23.7,19.3,64.4,0.0,0,0.0,18.4,9.6,90.3,1015.2,26.7,6.2,255.3,22.0,9.0
13.082,80.275,2020-02-21,26.6,35.1,21.6,21.3,73.5,0.0,0,0.0,24.1,11.4,63.7,1016.7,26.0,5.6,219.0,18.9,8.0
13.082,80.275,2020-02-22,27.9,35.9,25.6,23.0,75.1,0.0,0,0.0,25.9,16.6,53.5,1017.0,27.5,6.2,211.5,18.3,7.0
13.082,80.275,2020-02-23,28.0,36.9,25.0,22.9,74.5,0.0,0,0.0,29.5,16.3,64.3,1015.7,31.3,5.7,223.6,19.1,8.0
13.082,80.275,2020-02-24,27.4,36.9,23.6,23.4,79.4,0.0,0,0.0,23.7,12.3,74.3,1013.3,28.9,6.1,249.2,21.5,9.0
13.082,80.275,2020-02-25,28.1,37.7,24.0,23.2,76.3,0.0,0,0.0,22.3,10.6,102.5,1012.0,25.7,5.9,246.9,21.3,9.0
13.082,80.275,2020-02-26,28.2,37.2,24.0,23.0,74.3,0.0,0,0.0,22.3,9.7,92.9,1012.3,26.5,5.4,229.4,19.8,9.0
13.082,80.275,2020-02-27,28.0,37.2,24.9,22.9,74.9,0.0,0,0.0,22.3,10.1,78.7,1012.7,26.0,5.1,247.6,21.4,8.0
13.082,80.275,2020-02-28,28.3,37.2,25.0,22.8,73.3,0.0,0,0.0,22.3,11.8,72.8,1012.0,28.0,6.2,243.2,20.9,8.0
13.082,80.275,2020-02-29,28.0,36.6,24.0,22.5,72.8,0.0,0,0.0,25.9,11.3,76.0,1011.9,26.9,5.2,234.4,20.4,9.0
13.082,80.275,2020-03-01,28.2,37.2,26.0,22.0,69.9,0.0,0,0.0,19.5,10.6,84.9,1012.1,23.0,6.8,254.4,21.9,9.0
13.082,80.275,2020-03-02,27.9,36.0,24.0,21.0,67.5,0.0,0,0.0,20.5,10.8,87.6,1012.4,24.9,5.0,237.7,20.7,8.0
13.082,80.275,2020-03-03,28.4,38.2,24.0,21.8,68.9,0.0,0,0.0,18.4,9.2,73.6,1012.0,19.0,4.9,279.0,24.1,9.0
13.082,80.275,2020-03-04,28.5,40.9,24.0,23.1,74.1,0.0,0,0.0,18.4,8.5,142.7,1011.6,15.3,5.9,266.7,23.0,9.0
13.082,80.275,2020-03-05,28.5,38.8,25.0,23.2,74.4,0.0,0,0.0,24.1,12.6,162.7,1010.9,24.7,6.5,253.1,22.0,9.0
13.082,80.275,2020-03-06,28.5,38.8,25.8,24.1,77.5,0.1,100,4.17,22.3,12.9,152.2,1011.7,30.9,6.2,204.6,17.7,7.0
13.082,80.275,2020-03-07,28.9,38.9,26.4,24.1,76.1,0.0,0,0.0,27.7,15.4,156.0,1013.0,28.0,6.1,222.3,19.2,7.0
13.082,80.275,2020-03-08,29.1,39.0,26.6,23.5,72.1,0.0,0,0.0,24.6,13.1,133.9,1012.7,25.7,6.7,238.9,20.8,9.0
13.082,80.275,2020-03-09,28.0,36.8,23.8,22.4,72.9,0.0,0,0.0,22.4,12.2,89.2,1011.5,19.2,6.9,274.7,23.6,9.0
13.082,80.275,2020-03-10,28.3,38.1,24.0,22.6,72.2,0.0,0,0.0,18.8,11.1,103.6,1011.7,23.6,6.3,271.6,23.3,9.0
13.082,80.275,2020-03-11,28.4,37.7,25.0,22.4,71.0,0.0,0,0.0,22.3,12.0,135.0,1012.3,24.1,6.5,271.5,23.5,9.0
13.082,80.275,2020-03-12,28.6,39.4,25.9,23.1,73.0,0.0,0,0.0,20.5,11.8,132.1,1013.3,22.3,6.3,268.7,23.3,9.0
13.082,80.275,2020-03-13,28.2,39.0,24.0,23.3,75.9,0.0,0,0.0,22.3,9.5,105.2,1013.2,20.6,6.0,275.7,23.7,9.0
13.082,80.275,2020-03-14,28.2,38.3,24.0,22.8,73.5,0.0,0,0.0,18.4,9.2,88.3,1012.0,25.7,5.8,264.8,22.9,9.0
13.082,80.275,2020-03-15,28.7,39.3,25.0,22.7,71.0,0.0,0,0.0,24.1,9.7,84.0,1011.8,25.7,5.9,274.8,23.7,9.0
13.082,80.275,2020-03-16,29.2,40.7,26.0,23.8,73.6,0.0,0,0.0,22.3,10.9,74.1,1013.2,20.5,5.8,274.1,23.5,9.0
13.082,80.275,2020-03-17,29.3,38.6,26.0,23.7,73.7,0.0,0,0.0,18.4,10.7,84.2,1014.3,19.8,6.3,282.6,24.4,10.0
13.082,80.275,2020-03-18,29.3,40.0,26.0,24.3,76.1,0.0,0,0.0,20.5,10.7,84.0,1013.5,19.5,5.7,281.5,24.3,10.0
13.082,80.275,2020-03-19,29.6,39.2,25.0,23.4,71.4,0.0,0,0.0,18.4,10.7,153.9,1012.6,18.0,5.9,287.8,25.0,10.0
13.082,80.275,2020-03-20,29.1,41.6,25.0,24.0,74.9,0.0,0,0.0,24.4,11.2,144.9,1011.8,15.9,6.2,275.4,23.9,10.0
13.082,80.275,2020-03-21,29.2,40.5,26.0,24.1,75.2,0.0,0,0.0,24.1,11.7,170.5,1011.9,24.0,6.4,261.8,22.8,9.0
13.082,80.275,2020-03-22,29.5,42.8,30.1,24.4,74.7,0.0,0,0.0,22.3,11.4,140.1,1012.2,24.4,5.8,265.0,22.8,9.0
13.082,80.275,2020-03-23,29.0,39.0,26.0,22.7,70.6,0.0,0,0.0,20.5,8.9,131.8,1011.9,20.5,6.3,262.7,22.8,9.0
13.082,80.275,2020-03-24,28.8,39.0,25.0,23.1,72.6,0.0,0,0.0,20.5,8.5,115.6,1010.7,23.2,6.4,279.7,24.4,9.0
13.082,80.275,2020-03-25,28.8,41.1,25.0,23.5,73.8,0.0,0,0.0,18.4,8.6,144.5,1010.3,20.5,6.5,271.2,23.4,9.0
13.082,80.275,2020-03-26,29.1,39.1,25.0,23.1,71.4,0.0,0,0.0,22.3,8.2,108.4,1010.9,19.0,6.2,278.5,24.2,10.0
13.082,80.275,2020-03-27,29.0,38.6,25.0,22.1,68.2,0.0,0,0.0,16.6,7.0,123.0,1012.4,22.4,6.0,292.6,25.3,10.0
13.082,80.275,2020-03-28,28.8,40.8,24.0,22.6,70.7,0.0,0,0.0,20.5,8.0,137.3,1011.1,18.7,5.9,297.1,25.6,10.0
13.082,80.275,2020-03-29,28.8,40.2,25.0,22.8,71.7,0.0,0,0.0,22.3,8.8,137.0,1010.4,17.1,6.1,297.6,25.7,10.0
13.082,80.275,2020-03-30,28.5,38.9,24.0,22.2,70.7,0.0,0,0.0,18.4,6.9,134.3,1011.1,9.0,5.9,304.0,26.3,10.0
13.082,80.275,2020-03-31,29.2,41.6,24.8,23.4,72.4,0.0,0,0.0,14.8,6.6,109.8,1011.5,18.4,6.0,294.4,25.5,10.0
13.082,80.275,2020-04-01,30.0,43.6,25.0,23.3,70.1,0.0,0,0.0,18.4,8.6,177.5,1010.6,14.3,6.0,296.2,25.6,10.0
13.082,80.275,2020-04-02,30.2,43.0,26.0,24.4,73.0,0.0,0,0.0,18.4,10.2,183.1,1009.6,9.9,6.2,299.1,26.0,10.0
13.082,80.275,2020-04-03,30.2,42.0,30.1,24.6,73.0,0.0,0,0.0,24.1,10.5,145.2,1010.4,21.1,5.7,284.4,24.7,10.0
13.082,80.275,2020-04-04,29.7,41.4,25.0,23.9,71.9,0.0,0,0.0,20.5,9.9,133.0,1011.2,20.1,6.0,282.9,24.7,9.0
13.082,80.275,2020-04-05,30.6,47.0,32.7,25.9,76.7,0.0,0,0.0,24.1,10.6,141.7,1011.9,23.9,6.0,232.0,20.1,8.0
13.082,80.275,2020-04-06,30.7,47.7,35.5,26.5,78.7,0.0,0,0.0,22.3,11.1,161.6,1011.4,34.4,6.7,253.1,21.8,8.0
13.082,80.275,2020-04-07,30.5,46.7,33.4,25.8,77.0,0.1,100,4.17,18.4,10.1,176.4,1010.2,33.7,6.6,237.6,20.5,8.0
13.082,80.275,2020-04-08,30.8,46.6,33.8,26.4,77.9,0.0,0,0.0,25.9,11.8,163.2,1010.4,31.3,6.5,254.4,21.8,9.0
13.082,80.275,2020-04-09,28.9,47.0,24.0,25.4,82.7,12.84,100,4.17,25.9,11.0,186.4,1010.8,34.5,5.7,262.4,22.6,9.0
13.082,80.275,2020-04-10,29.1,41.6,24.4,24.5,76.9,0.0,0,0.0,20.5,9.9,157.5,1011.9,33.1,6.0,269.9,23.4,9.0
13.082,80.275,2020-04-11,29.9,41.0,26.0,24.5,74.0,0.0,0,0.0,18.4,8.5,144.1,1012.9,22.8,6.4,243.5,21.3,9.0
13.082,80.275,2020-04-12,29.8,42.8,26.5,24.6,74.6,0.0,0,0.0,18.4,8.4,146.9,1011.9,20.2,6.8,299.3,25.6,10.0
13.082,80.275,2020-04-13,29.6,43.2,25.8,24.2,74.3,0.0,0,0.0,22.3,7.5,151.4,1010.0,10.5,6.4,297.0,25.6,10.0
13.082,80.275,2020-04-14,29.5,41.2,25.0,24.1,74.3,0.0,0,0.0,18.4,9.3,148.1,1010.5,13.2,6.4,289.6,25.1,10.0
13.082,80.275,2020-04-15,30.0,41.3,26.0,24.3,72.8,0.0,0,0.0,22.3,9.3,147.7,1011.4,18.6,6.5,293.4,25.2,10.0
13.082,80.275,2020-04-16,30.2,43.7,26.0,25.2,75.5,0.0,0,0.0,22.3,10.4,161.3,1010.1,11.6,6.8,288.4,24.8,10.0
13.082,80.275,2020-04-17,31.0,44.9,32.5,25.4,73.3,0.0,0,0.0,24.1,12.4,175.8,1009.3,18.7,6.6,282.6,24.5,9.0
13.082,80.275,2020-04-18,31.1,46.4,34.8,25.7,73.8,0.0,0,0.0,24.1,13.5,175.8,1010.0,21.4,6.6,273.6,23.8,10.0
13.082,80.275,2020-04-19,30.8,44.1,33.6,25.8,75.7,0.0,0,0.0,20.5,12.6,156.3,1010.0,23.1,6.8,272.2,23.6,9.0
13.082,80.275,2020-04-20,30.9,43.2,32.6,25.0,72.1,0.0,0,0.0,20.5,11.2,155.8,1010.3,24.2,6.7,293.2,25.5,10.0
13.082,80.275,2020-04-21,31.0,46.2,30.7,24.7,70.6,0.0,0,0.0,22.3,11.8,156.3,1010.3,22.6,7.0,282.4,24.4,9.0
13.082,80.275,2020-04-22,31.2,45.6,32.7,25.6,72.9,0.0,0,0.0,25.9,11.5,170.2,1009.7,21.8,6.9,285.4,24.8,9.0
13.082,80.275,2020-04-23,31.3,46.5,33.6,25.9,74.4,0.0,0,0.0,22.3,11.7,173.1,1009.1,21.7,6.8,279.6,24.1,9.0
13.082,80.275,2020-04-24,31.7,49.7,35.7,26.1,72.8,0.0,0,0.0,25.9,14.7,183.4,1008.3,24.0,6.7,283.9,24.5,9.0
13.082,80.275,2020-04-25,31.9,52.8,34.6,26.5,74.1,0.0,0,0.0,22.3,12.7,181.2,1008.1,22.6,6.4,281.8,24.4,10.0
13.082,80.275,2020-04-26,28.7,40.7,24.0,25.0,81.1,5.304,100,8.33,31.7,11.8,177.7,1009.9,36.7,5.5,256.8,22.2,9.0
13.082,80.275,2020-04-27,31.0,48.8,33.5,26.6,78.7,0.0,0,0.0,25.9,11.9,157.9,1010.8,29.8,6.2,248.1,21.4,9.0
13.082,80.275,2020-04-28,31.5,44.7,36.1,26.3,75.0,0.0,0,0.0,25.9,9.8,147.4,1010.2,26.9,6.8,245.3,21.3,9.0
13.082,80.275,2020-04-29,31.0,38.1,33.6,23.7,67.0,0.0,0,0.0,24.1,8.5,245.8,1009.7,29.5,6.6,236.6,20.6,9.0
13.082,80.275,2020-04-30,31.4,45.1,31.2,26.4,75.9,0.0,0,0.0,20.5,9.2,166.5,1009.9,23.4,6.5,258.3,22.4,9.0
13.082,80.275,2020-05-01,32.2,48.2,35.7,26.0,71.9,0.0,0,0.0,24.1,13.1,188.1,1009.3,14.6,6.5,291.6,25.2,10.0
13.082,80.275,2020-05-02,31.9,47.5,36.9,26.4,73.6,0.0,0,0.0,22.3,10.3,152.2,1008.1,20.6,6.4,287.0,24.9,9.0
13.082,80.275,2020-05-03,31.9,46.7,36.3,26.3,73.4,0.0,0,0.0,18.4,9.8,155.6,1008.1,19.8,6.8,293.9,25.4,10.0
13.082,80.275,2020-05-04,31.7,48.3,33.6,25.9,72.4,0.0,0,0.0,18.4,10.1,172.2,1009.1,17.0,6.9,297.0,25.6,10.0
13.082,80.275,2020-05-05,31.9,48.1,33.6,26.1,72.5,0.0,0,0.0,25.9,13.4,169.3,1008.7,19.5,6.8,294.8,25.5,9.0
13.082,80.275,2020-05-06,31.6,47.5,32.7,26.2,73.7,0.0,0,0.0,18.4,10.7,171.7,1008.4,21.2,6.5,297.9,25.7,10.0
13.082,80.275,2020-05-07,32.1,50.2,35.7,26.0,71.2,0.0,0,0.0,20.5,11.1,159.4,1008.4,25.7,6.6,274.5,23.6,9.0
13.082,80.275,2020-05-08,32.4,49.4,37.5,26.2,70.8,0.0,0,0.0,20.5,12.3,173.0,1008.4,23.9,6.8,288.3,24.9,9.0
13.082,80.275,2020-05-09,32.1,51.0,36.9,26.5,73.6,0.0,0,0.0,22.3,11.8,158.8,1008.6,23.9,6.6,297.1,25.7,9.0
13.082,80.275,2020-05-10,32.1,50.1,35.7,26.5,72.9,0.0,0,0.0,16.6,11.2,146.5,1008.6,24.3,6.7,290.4,25.2,10.0
13.082,80.275,2020-05-11,31.7,47.4,33.6,26.4,74.3,0.0,0,0.0,18.4,9.3,116.9,1009.0,27.7,6.9,256.1,22.1,8.0
13.082,80.275,2020-05-12,31.3,48.3,34.2,26.0,74.3,0.0,0,0.0,18.4,8.4,124.9,1008.4,30.1,6.6,198.8,17.1,6.0
13.082,80.275,2020-05-13,31.4,45.3,30.1,24.9,69.6,0.0,0,0.0,25.9,9.8,147.6,1007.6,22.5,6.9,259.0,22.3,9.0
13.082,80.275,2020-05-14,31.9,47.0,33.6,25.9,71.4,0.0,0,0.0,22.3,9.1,85.8,1006.9,24.6,6.9,272.8,23.7,9.0
13.082,80.275,2020-05-15,32.2,46.5,35.7,26.0,71.0,0.0,0,0.0,20.5,9.2,39.5,1005.4,26.0,6.6,248.9,21.4,8.0
13.082,80.275,2020-05-16,32.2,47.1,36.9,26.2,72.5,0.0,0,0.0,22.3,10.9,27.8,1004.5,29.8,6.5,251.4,21.7,9.0
13.082,80.275,2020-05-17,32.1,46.9,36.4,26.1,71.9,0.0,0,0.0,24.1,10.5,15.9,1003.5,40.2,6.2,197.0,17.0,6.0
13.082,80.275,2020-05-18,32.9,49.0,32.7,24.8,64.3,5.0,100,4.17,18.4,9.1,291.4,1001.3,46.9,5.4,174.1,15.2,7.0
13.082,80.275,2020-05-19,33.5,50.1,29.7,24.0,60.0,0.0,0,0.0,22.3,13.7,278.1,999.9,38.4,5.2,260.7,22.6,9.0
13.082,80.275,2020-05-20,35.1,53.0,35.2,23.6,53.0,0.0,0,0.0,36.2,17.2,260.2,999.2,39.8,6.5,266.9,23.2,9.0
13.082,80.275,2020-05-21,34.1,54.2,33.8,24.0,58.0,0.0,0,0.0,25.6,16.5,214.3,1003.0,28.9,7.0,284.1,24.6,10.0
13.082,80.275,2020-05-22,33.8,50.0,36.2,25.7,65.1,0.0,0,0.0,24.1,13.0,180.5,1003.8,17.4,6.6,288.2,24.9,10.0
13.082,80.275,2020-05-23,32.6,53.8,37.9,27.4,75.2,0.0,0,0.0,24.1,14.0,171.0,1004.7,20.1,6.5,298.7,25.8,10.0
13.082,80.275,2020-05-24,32.4,51.6,38.7,27.5,76.2,0.0,0,0.0,24.1,13.6,147.0,1005.9,23.2,6.3,289.7,25.1,9.0
13.082,80.275,2020-05-25,32.6,52.2,38.9,27.2,74.5,0.0,0,0.0,22.3,12.8,158.6,1007.1,21.4,6.5,290.2,25.1,10.0
13.082,80.275,2020-05-26,32.6,50.2,38.9,27.2,74.2,0.0,0,0.0,22.3,12.7,161.3,1007.0,26.5,6.3,283.3,24.5,10.0
13.082,80.275,2020-05-27,32.6,50.2,38.9,27.6,75.9,0.0,0,0.0,25.9,13.9,172.0,1006.1,29.1,6.5,271.4,23.5,9.0
13.082,80.275,2020-05-28,33.0,47.2,38.9,26.9,72.1,0.0,0,0.0,24.1,13.0,175.2,1004.7,19.3,6.6,281.1,24.2,9.0
13.082,80.275,2020-05-29,33.5,47.3,34.1,24.4,60.6,0.0,0,0.0,22.3,13.1,190.1,1005.0,18.7,6.6,282.1,24.3,9.0
13.082,80.275,2020-05-30,32.9,49.0,38.8,26.4,69.8,0.0,0,0.0,25.9,15.3,170.5,1006.3,22.5,6.1,271.9,23.5,9.0
13.082,80.275,2020-05-31,32.2,46.3,36.2,26.0,70.4,0.0,0,0.0,24.1,15.0,174.4,1007.4,19.2,7.0,288.6,24.8,9.0
13.082,80.275,2020-06-01,32.3,46.7,36.2,25.7,68.9,0.0,0,0.0,20.5,13.5,179.7,1007.8,27.5,6.4,240.0,20.8,8.0
13.082,80.275,2020-06-02,32.6,46.3,35.1,25.3,66.5,0.0,0,0.0,22.3,13.4,181.0,1007.2,27.1,6.9,248.3,21.6,9.0
13.082,80.275,2020-06-03,32.6,43.3,33.3,23.4,60.2,0.0,0,0.0,24.1,16.1,183.6,1006.4,21.3,6.9,280.8,24.3,9.0
13.082,80.275,2020-06-04,33.1,45.3,35.3,24.7,63.2,0.0,0,0.0,26.0,15.5,189.3,1006.1,24.8,6.8,285.2,24.5,9.0
13.082,80.275,2020-06-05,32.8,46.3,36.2,25.0,65.1,0.0,0,0.0,22.3,16.3,200.0,1005.9,27.4,6.9,245.3,21.2,9.0
13.082,80.275,2020-06-06,32.2,48.7,32.7,24.5,65.8,1.024,100,4.17,20.5,13.7,204.3,1005.4,32.1,6.5,214.8,18.4,9.0
13.082,80.275,2020-06-07,32.9,43.4,33.6,24.0,62.0,0.0,0,0.0,20.5,12.6,233.3,1004.8,37.4,6.8,214.0,18.3,9.0
13.082,80.275,2020-06-08,33.4,44.8,32.8,22.7,55.1,0.0,0,0.0,24.1,15.3,219.0,1004.2,35.1,6.5,252.0,21.9,9.0
13.082,80.275,2020-06-09,32.8,42.1,36.2,24.1,61.8,0.0,0,0.0,22.3,13.2,221.3,1003.8,40.0,6.0,128.8,11.0,4.0
13.082,80.275,2020-06-10,32.0,42.0,35.5,23.9,62.9,0.0,0,0.0,18.4,8.0,234.3,1002.9,46.8,5.3,89.7,7.7,4.0
13.082,80.275,2020-06-11,29.9,38.1,25.6,23.6,69.8,0.902,100,8.33,22.1,11.5,261.0,1002.3,49.2,5.6,135.9,11.5,5.0
13.082,80.275,2020-06-12,31.1,39.8,25.8,21.6,59.2,1.488,100,4.17,27.7,16.2,243.8,1001.9,43.8,6.8,164.2,14.2,8.0
13.082,80.275,2020-06-13,33.2,42.3,30.8,21.8,53.0,0.0,0,0.0,24.1,14.7,219.8,1002.5,35.8,6.6,266.7,23.2,9.0
13.082,80.275,2020-06-14,33.6,45.7,33.3,23.3,56.5,0.0,0,0.0,22.3,13.6,224.8,1003.3,29.9,6.8,228.2,19.7,8.0
13.082,80.275,2020-06-15,34.0,47.6,33.8,22.9,54.1,0.0,0,0.0,22.3,15.2,233.2,1003.3,38.7,6.8,235.8,20.4,8.0
13.082,80.275,2020-06-16,33.1,46.5,35.4,24.2,61.1,0.0,0,0.0,22.3,13.8,206.4,1002.7,32.3,6.6,242.7,21.1,8.0
13.082,80.275,2020-06-17,33.5,47.6,35.1,24.0,60.1,0.0,0,0.0,25.9,15.5,221.0,1003.5,31.6,6.8,207.0,17.9,7.0
13.082,80.275,2020-06-18,33.3,42.4,34.2,22.8,55.5,0.0,0,0.0,18.4,12.4,235.7,1004.9,35.9,6.6,200.1,17.2,7.0
13.082,80.275,2020-06-19,33.6,46.6,33.8,23.7,58.1,0.0,0,0.0,25.9,15.2,228.6,1005.1,29.6,6.6,216.9,18.7,9.0
13.082,80.275,2020-06-20,33.0,43.9,34.5,23.2,57.2,0.0,0,0.0,25.9,13.3,234.2,1004.8,37.5,6.3,228.2,19.7,8.0
13.082,80.275,2020-06-21,31.9,41.1,30.7,23.9,64.9,3.976,100,8.33,18.4,10.8,255.4,1004.1,47.5,6.1,210.6,18.0,8.0
13.082,80.275,2020-06-22,30.9,44.6,30.2,23.8,68.1,5.608,100,8.33,25.9,12.7,245.5,1003.1,42.1,5.9,242.6,21.1,9.0
13.082,80.275,2020-06-23,30.9,45.1,29.2,23.6,66.6,0.051,100,4.17,27.7,11.4,227.3,1004.8,39.8,6.4,247.8,21.4,9.0
13.082,80.275,2020-06-24,30.8,44.7,29.7,23.9,67.7,0.0,0,0.0,16.6,11.1,227.3,1005.3,25.7,6.9,255.4,22.0,9.0
13.082,80.275,2020-06-25,30.2,41.2,31.3,24.4,71.6,0.744,100,4.17,22.3,10.6,176.9,1004.5,32.7,5.6,225.1,19.5,9.0
13.082,80.275,2020-06-26,31.1,41.8,31.5,24.8,70.2,0.0,0,0.0,22.3,10.2,161.9,1004.0,24.3,6.3,254.8,22.0,8.0
13.082,80.275,2020-06-27,31.1,45.1,34.8,25.7,73.9,1.024,100,4.17,16.6,9.3,188.4,1004.2,29.0,6.2,239.5,20.9,9.0
13.082,80.275,2020-06-28,30.6,48.2,26.0,26.1,77.1,14.184,100,4.17,37.1,9.8,171.2,1004.0,33.6,5.7,234.8,20.4,8.0
13.082,80.275,2020-06-29,30.7,44.1,30.1,25.3,74.0,0.0,0,0.0,16.6,9.5,184.7,1003.2,30.6,7.1,182.2,15.8,8.0
13.082,80.275,2020-06-30,30.8,44.6,26.6,24.6,70.9,8.696,100,8.33,20.5,11.4,226.7,1003.2,31.5,6.8,265.5,23.0,9.0
13.082,80.275,2020-07-01,30.5,41.5,31.3,24.5,71.1,0.0,0,0.0,14.8,7.7,238.4,1004.1,45.6,6.1,136.5,11.8,5.0
13.082,80.275,2020-07-02,30.1,41.0,32.1,25.6,78.0,14.358,100,12.5,16.6,8.8,230.8,1003.8,49.7,5.8,146.8,12.7,5.0
13.082,80.275,2020-07-03,30.4,43.7,25.1,23.8,69.5,4.0,100,4.17,25.9,13.9,238.4,1003.2,44.0,6.2,94.0,8.0,5.0
13.082,80.275,2020-07-04,28.8,40.5,25.0,24.5,78.9,4.844,100,12.5,22.3,13.1,214.8,1003.4,45.1,5.7,180.3,15.6,7.0
13.082,80.275,2020-07-05,30.3,39.1,32.0,24.7,73.1,0.0,0,0.0,18.6,12.1,208.2,1003.2,45.4,6.0,166.1,14.2,6.0
13.082,80.275,2020-07-06,30.8,40.3,34.1,24.8,71.7,0.0,0,0.0,22.3,12.0,217.8,1003.1,43.3,5.9,185.5,15.9,7.0
13.082,80.275,2020-07-07,32.0,45.4,32.1,24.4,66.2,0.0,0,0.0,20.5,12.6,219.8,1004.7,26.2,6.3,253.5,21.9,8.0
13.082,80.275,2020-07-08,30.4,45.7,29.7,24.4,72.0,0.0,0,0.0,22.3,10.4,216.8,1006.1,33.4,6.6,250.8,21.8,9.0
13.082,80.275,2020-07-09,30.6,43.3,29.7,24.4,70.4,0.0,0,0.0,20.5,9.4,226.3,1005.5,32.4,6.8,245.2,21.1,8.0
13.082,80.275,2020-07-10,28.4,41.3,23.8,25.2,83.5,97.888,100,12.5,16.6,10.0,236.6,1006.2,44.3,5.6,228.4,19.7,8.0
13.082,80.275,2020-07-11,29.2,43.4,24.0,25.4,81.2,8.584,100,4.17,27.7,10.2,212.6,1005.9,38.4,6.0,257.6,22.1,8.0
13.082,80.275,2020-07-12,30.1,45.1,26.4,25.2,76.3,3.072,100,8.33,20.5,10.1,239.2,1004.8,30.3,6.2,274.4,23.8,9.0
13.082,80.275,2020-07-13,28.9,43.6,25.0,25.6,83.1,23.61,100,12.5,16.6,9.8,219.2,1004.3,38.5,5.5,215.2,18.6,8.0
13.082,80.275,2020-07-14,29.6,38.8,30.1,25.5,79.2,0.0,0,0.0,13.0,7.6,208.9,1004.0,40.1,5.2,152.7,13.1,6.0
13.082,80.275,2020-07-15,29.5,41.4,26.0,25.3,78.8,2.0,100,4.17,22.3,9.4,208.4,1003.6,44.5,4.8,111.4,9.6,4.0
13.082,80.275,2020-07-16,28.8,39.1,26.4,25.4,82.2,2.432,100,8.33,13.0,7.4,217.2,1003.2,48.2,5.5,131.0,11.3,5.0
13.082,80.275,2020-07-17,29.7,40.6,26.0,25.1,77.4,0.0,0,0.0,16.6,8.6,211.1,1003.5,47.2,5.8,157.4,13.6,6.0
13.082,80.275,2020-07-18,29.9,39.8,31.7,25.3,77.2,0.0,0,0.0,18.4,7.2,232.3,1004.8,44.2,5.6,148.0,12.9,6.0
13.082,80.275,2020-07-19,28.5,39.5,31.9,26.5,89.4,16.936,100,12.5,9.4,5.8,166.3,1005.6,34.6,4.7,201.1,17.3,7.0
13.082,80.275,2020-07-20,29.8,44.1,26.0,25.7,79.2,0.0,0,0.0,25.9,10.3,190.2,1005.1,26.9,6.5,224.3,19.2,8.0
13.082,80.275,2020-07-21,30.5,44.0,33.6,26.1,77.9,0.0,0,0.0,18.4,10.2,153.0,1006.0,25.6,6.4,240.2,20.8,8.0
13.082,80.275,2020-07-22,30.4,43.8,32.7,25.7,76.8,0.0,0,0.0,18.4,11.7,183.7,1006.3,30.2,6.9,217.4,18.7,7.0
13.082,80.275,2020-07-23,30.3,44.9,31.7,25.1,74.5,0.0,0,0.0,20.5,12.4,189.4,1005.7,33.5,6.6,227.2,19.6,8.0
13.082,80.275,2020-07-24,30.1,41.7,32.0,25.2,75.6,0.0,0,0.0,20.5,12.7,196.8,1006.2,37.5,6.1,231.5,19.9,8.0
13.082,80.275,2020-07-25,30.0,44.9,26.6,25.1,76.0,0.0,0,0.0,24.1,11.7,227.5,1007.2,33.2,5.9,234.5,20.3,9.0
13.082,80.275,2020-07-26,29.4,43.4,25.8,24.3,75.8,2.976,100,4.17,16.6,9.3,256.2,1008.0,35.7,5.8,238.6,20.5,9.0
13.082,80.275,2020-07-27,31.0,45.1,30.0,25.0,72.0,0.102,100,4.17,14.8,8.1,280.7,1006.4,30.6,6.1,238.8,20.5,8.0
13.082,80.275,2020-07-28,29.6,48.3,25.0,25.1,78.6,11.816,100,8.33,22.3,9.9,263.7,1004.4,34.7,5.6,233.6,20.1,9.0
13.082,80.275,2020-07-29,26.7,33.6,25.0,25.4,92.8,12.488,100,12.5,14.8,6.8,229.3,1004.3,48.0,4.3,121.0,10.3,6.0
13.082,80.275,2020-07-30,29.9,45.1,26.6,25.9,79.9,0.0,0,0.0,18.4,9.1,205.9,1004.4,41.7,6.0,261.3,22.6,9.0
13.082,80.275,2020-07-31,30.7,47.6,32.5,26.0,76.7,0.0,0,0.0,18.4,11.4,198.9,1003.8,37.1,6.2,248.6,21.3,9.0
13.082,80.275,2020-08-01,29.2,40.9,26.0,24.8,78.0,8.928,100,4.17,22.3,9.8,239.7,1004.7,45.6,5.4,194.5,16.8,7.0
13.082,80.275,2020-08-02,29.2,40.1,25.0,23.9,74.8,14.488,100,8.33,40.7,11.0,251.1,1004.2,47.5,5.5,131.3,11.4,5.0
13.082,80.275,2020-08-03,28.1,37.3,25.0,24.4,80.7,11.954,100,8.33,20.5,10.5,230.5,1003.2,48.8,4.9,105.2,9.1,5.0
13.082,80.275,2020-08-04,30.0,37.3,31.9,23.1,67.2,0.0,0,0.0,22.3,11.8,236.2,1001.3,47.6,5.7,92.9,7.9,4.0
13.082,80.275,2020-08-05,30.0,38.5,29.1,22.5,64.9,0.372,100,8.33,24.1,11.9,223.3,1000.0,47.6,5.5,125.0,11.0,6.0
13.082,80.275,2020-08-06,30.7,42.2,30.7,23.8,67.4,0.0,0,0.0,22.3,12.8,197.7,1001.4,34.3,6.5,208.2,17.8,8.0
13.082,80.275,2020-08-07,31.1,42.3,31.3,24.5,68.9,0.0,0,0.0,18.4,9.8,209.4,1004.1,33.9,6.7,229.3,19.6,8.0
13.082,80.275,2020-08-08,31.1,44.0,24.2,24.6,69.4,57.0,100,4.17,22.3,9.2,259.7,1004.5,39.8,5.6,196.0,16.8,7.0
13.082,80.275,2020-08-09,27.8,37.0,24.2,24.1,81.2,15.904,100,8.33,22.3,12.1,221.7,1004.2,48.4,5.4,125.0,10.8,4.0
13.082,80.275,2020-08-10,29.6,39.5,26.2,24.1,73.4,1.488,100,4.17,22.3,11.7,236.6,1004.6,43.7,6.1,188.9,16.4,9.0
13.082,80.275,2020-08-11,30.0,42.6,26.6,24.2,72.8,19.232,100,8.33,18.4,9.2,227.8,1005.8,38.7,5.5,241.3,20.6,8.0
13.082,80.275,2020-08-12,29.6,40.6,26.6,25.2,78.4,0.0,0,0.0,20.5,7.5,229.6,1006.6,48.9,4.8,168.0,14.5,7.0
13.082,80.275,2020-08-13,30.0,41.1,31.3,23.8,70.0,0.8,100,4.17,22.3,9.7,245.4,1005.0,45.4,5.7,145.3,12.5,6.0
13.082,80.275,2020-08-14,29.3,40.1,26.0,24.4,76.1,0.0,0,0.0,18.4,9.2,232.0,1004.0,49.0,5.3,183.0,15.8,7.0
13.082,80.275,2020-08-15,29.5,37.5,30.3,23.6,71.4,0.0,0,0.0,18.4,8.6,222.7,1004.5,44.7,5.6,158.5,13.7,7.0
13.082,80.275,2020-08-16,29.8,38.5,30.9,23.7,70.9,0.0,0,0.0,20.5,8.0,238.5,1005.0,46.6,6.3,226.8,19.5,9.0
13.082,80.275,2020-08-17,30.5,42.5,30.9,24.2,70.4,0.0,0,0.0,18.4,7.9,232.3,1004.5,44.3,5.9,184.5,15.8,6.0
13.082,80.275,2020-08-18,30.4,42.3,33.6,25.1,74.6,0.149,100,4.17,14.8,7.7,223.3,1004.9,46.3,5.2,186.1,16.1,7.0
13.082,80.275,2020-08-19,30.1,43.3,30.7,24.4,72.2,0.0,0,0.0,18.4,10.2,239.0,1003.9,43.9,5.9,190.1,16.4,7.0
13.082,80.275,2020-08-20,30.5,41.3,33.6,24.7,72.7,0.0,0,0.0,20.5,9.9,220.6,1003.9,46.4,6.1,147.1,12.8,5.0
13.082,80.275,2020-08-21,30.7,44.4,32.7,25.0,73.1,0.0,0,0.0,22.3,10.5,187.1,1006.1,39.4,6.4,246.3,21.2,9.0
13.082,80.275,2020-08-22,30.1,45.7,32.7,25.6,78.0,0.0,0,0.0,16.6,10.2,184.9,1007.4,39.7,6.0,228.4,19.7,8.0
13.082,80.275,2020-08-23,29.5,40.6,32.7,25.4,79.5,0.0,0,0.0,18.4,10.8,198.2,1007.3,45.2,6.0,179.6,15.5,7.0
13.082,80.275,2020-08-24,29.0,42.1,26.0,24.3,76.2,0.0,0,0.0,22.3,10.8,188.2,1007.7,43.3,6.5,237.4,20.5,9.0
13.082,80.275,2020-08-25,29.4,45.8,32.0,25.9,81.6,0.0,0,0.0,18.4,8.6,141.5,1008.2,45.4,5.1,176.1,15.2,7.0
13.082,80.275,2020-08-26,29.4,44.3,30.7,25.4,80.0,1.744,100,4.17,14.8,8.1,211.8,1007.9,44.5,5.2,154.7,13.5,7.0
13.082,80.275,2020-08-27,29.7,43.3,25.0,24.3,74.1,3.72,100,4.17,18.4,10.0,218.2,1006.6,43.3,6.0,245.3,21.1,9.0
13.082,80.275,2020-08-28,29.4,44.1,25.6,24.8,77.2,2.232,100,4.17,18.4,9.4,186.8,1006.0,31.3,6.0,264.3,22.7,9.0
13.082,80.275,2020-08-29,30.5,46.6,33.6,25.9,77.2,0.0,0,0.0,18.4,10.4,187.9,1006.0,30.2,6.0,252.7,21.8,9.0
13.082,80.275,2020-08-30,30.7,46.9,32.7,25.8,76.3,0.0,0,0.0,18.4,10.2,140.3,1006.4,25.7,5.6,256.4,22.2,9.0
13.082,80.275,2020-08-31,30.4,46.6,29.7,24.2,69.9,0.256,100,4.17,18.4,8.7,174.6,1006.8,29.1,6.6,269.6,23.2,9.0
13.082,80.275,2020-09-01,29.5,44.2,25.0,24.6,75.8,4.0,100,4.17,22.3,9.8,277.0,1006.6,40.1,6.0,233.7,20.1,8.0
13.082,80.275,2020-09-02,29.3,41.5,29.5,24.4,75.5,0.0,0,0.0,18.4,7.5,129.2,1006.3,41.9,5.7,202.5,17.6,7.0
13.082,80.275,2020-09-03,29.7,42.9,30.7,25.1,77.3,3.232,100,4.17,20.5,8.2,126.3,1006.8,39.0,5.4,218.8,19.0,8.0
13.082,80.275,2020-09-04,29.5,41.5,30.7,24.8,76.7,1.744,100,4.17,18.4,8.4,118.1,1006.8,33.8,5.9,231.4,20.0,8.0
13.082,80.275,2020-09-05,29.4,40.8,30.7,24.9,77.7,0.628,100,8.33,18.4,6.8,114.3,1006.3,31.5,5.7,235.9,20.2,8.0
13.082,80.275,2020-09-06,29.6,44.1,26.0,25.3,78.2,0.0,0,0.0,20.5,8.5,150.7,1005.7,33.7,5.9,239.4,20.6,8.0
13.082,80.275,2020-09-07,29.1,44.9,29.7,25.1,79.8,0.0,0,0.0,22.3,7.1,197.1,1006.3,37.2,5.8,217.8,18.6,8.0
13.082,80.275,2020-09-08,29.8,45.1,26.0,24.0,72.1,0.0,0,0.0,18.4,8.5,197.1,1006.5,38.5,6.1,228.9,19.7,8.0
13.082,80.275,2020-09-09,28.7,44.2,25.4,24.8,80.2,0.0,0,0.0,16.6,9.1,235.7,1005.7,39.5,5.4,182.0,15.9,6.0
13.082,80.275,2020-09-10,28.4,41.6,25.0,24.6,80.2,0.0,0,0.0,14.8,9.1,214.8,1004.1,45.0,5.7,149.7,13.0,6.0
13.082,80.275,2020-09-11,30.0,43.9,29.7,23.7,69.7,0.0,0,0.0,18.4,10.7,237.3,1004.6,43.1,5.9,164.8,14.5,7.0
13.082,80.275,2020-09-12,28.6,37.8,25.4,23.7,75.1,1.713,100,8.33,22.3,12.0,248.5,1006.8,47.5,5.6,135.9,11.6,5.0
13.082,80.275,2020-09-13,26.2,35.1,24.8,24.3,89.6,9.256,100,12.5,18.4,9.7,244.1,1006.8,46.6,4.9,91.5,7.8,5.0
13.082,80.275,2020-09-14,27.2,37.8,24.0,23.3,79.7,13.307,100,8.33,22.3,12.3,263.4,1005.6,47.7,5.3,93.4,8.0,4.0
13.082,80.275,2020-09-15,28.2,38.3,26.0,24.3,79.8,0.846,100,8.33,18.4,9.5,234.7,1005.4,45.3,5.6,185.9,16.1,8.0
13.082,80.275,2020-09-16,29.3,38.7,26.0,24.9,78.2,2.0,100,4.17,18.4,10.2,238.3,1005.4,41.7,6.0,133.7,11.5,5.0
13.082,80.275,2020-09-17,28.9,42.7,25.4,25.3,82.0,17.0,100,4.17,18.4,9.6,249.2,1005.5,41.3,5.5,216.3,18.6,9.0
13.082,80.275,2020-09-18,28.9,43.7,26.0,25.1,80.2,1.792,100,4.17,20.8,8.7,249.2,1003.9,44.8,5.7,151.1,13.0,5.0
13.082,80.275,2020-09-19,26.9,36.2,24.0,24.1,85.6,86.6,100,8.33,22.0,8.4,277.7,1002.7,47.9,4.8,95.6,8.3,5.0
13.082,80.275,2020-09-20,27.3,37.0,25.8,23.3,79.1,0.0,0,0.0,25.9,11.5,251.9,1002.1,47.6,5.8,82.0,7.1,5.0
13.082,80.275,2020-09-21,28.8,37.0,25.9,22.3,68.2,0.0,0,0.0,15.6,8.7,239.8,1002.8,44.2,6.1,92.7,8.1,4.0
13.082,80.275,2020-09-22,30.0,39.4,26.2,23.3,68.7,0.0,0,0.0,24.1,11.1,224.0,1003.9,32.2,6.6,228.9,19.7,8.0
13.082,80.275,2020-09-23,30.2,38.6,26.0,23.1,67.8,0.0,0,0.0,24.1,11.0,239.1,1006.0,19.9,6.9,268.1,23.0,10.0
13.082,80.275,2020-09-24,30.6,41.2,31.9,24.1,70.0,0.0,0,0.0,18.4,10.7,232.0,1007.8,21.6,6.7,265.9,22.9,9.0
13.082,80.275,2020-09-25,29.4,42.3,26.6,25.1,78.0,0.846,100,8.33,22.3,10.8,207.3,1007.5,44.4,5.6,199.1,17.2,8.0
13.082,80.275,2020-09-26,28.8,38.0,26.0,23.9,75.2,0.0,0,0.0,16.6,8.1,260.1,1007.5,42.4,6.1,135.5,11.7,6.0
13.082,80.275,2020-09-27,29.4,39.0,31.0,25.0,78.1,0.0,0,0.0,20.5,6.3,313.9,1007.7,39.0,5.6,186.8,15.9,7.0
13.082,80.275,2020-09-28,29.0,41.5,25.2,24.1,76.3,6.144,100,4.17,18.4,7.9,275.1,1006.8,37.5,6.0,209.6,18.0,7.0
13.082,80.275,2020-09-29,27.7,42.1,23.8,24.0,82.1,12.28,100,12.5,16.6,10.3,271.8,1005.9,41.9,5.3,232.5,20.0,9.0
13.082,80.275,2020-09-30,27.6,38.1,23.8,23.5,79.3,13.416,100,12.5,18.4,10.5,261.5,1005.2,47.0,5.3,143.6,12.3,5.0
13.082,80.275,2020-10-01,28.9,38.8,26.0,23.3,72.5,0.0,0,0.0,25.9,12.0,285.1,1005.0,37.7,6.1,205.2,17.6,9.0
13.082,80.275,2020-10-02,30.3,42.5,26.0,24.1,70.9,0.0,0,0.0,14.8,8.1,262.9,1005.1,25.8,5.8,248.0,21.5,9.0
13.082,80.275,2020-10-03,30.3,40.7,30.1,24.0,70.0,0.0,0,0.0,24.1,12.8,270.3,1005.4,40.1,6.0,247.8,21.4,9.0
13.082,80.275,2020-10-04,30.3,38.9,30.7,23.1,66.3,0.0,0,0.0,24.1,12.0,279.8,1006.4,38.4,6.0,238.9,20.6,9.0
13.082,80.275,2020-10-05,30.9,42.1,30.2,21.9,59.8,0.0,0,0.0,18.4,12.1,291.7,1005.7,29.4,6.7,231.6,20.1,9.0
13.082,80.275,2020-10-06,31.2,42.8,31.1,23.7,65.9,0.0,0,0.0,18.4,9.4,247.4,1005.9,22.7,6.2,234.7,20.2,8.0
13.082,80.275,2020-10-07,30.5,42.7,30.1,24.6,72.1,0.0,0,0.0,20.5,9.6,226.8,1006.7,23.0,6.2,236.0,20.3,8.0
13.082,80.275,2020-10-08,30.5,41.6,33.6,25.5,76.2,0.0,0,0.0,18.4,6.8,170.7,1006.8,32.2,5.9,240.9,20.8,8.0
13.082,80.275,2020-10-09,29.0,41.4,25.0,24.9,78.8,3.328,100,4.17,14.8,6.0,201.7,1007.0,40.5,5.9,241.1,20.7,8.0
13.082,80.275,2020-10-10,27.9,38.1,25.0,24.0,80.0,0.0,0,0.0,11.2,5.9,321.9,1006.1,57.8,4.7,169.8,14.6,7.0
13.082,80.275,2020-10-11,28.5,38.1,25.0,23.9,76.9,0.372,100,4.17,18.4,10.5,287.8,1004.3,55.3,5.9,101.8,8.7,4.0
13.082,80.275,2020-10-12,28.4,42.0,26.0,23.8,77.7,21.584,100,8.33,22.3,10.4,270.6,1002.3,55.0,5.5,211.4,18.2,8.0
13.082,80.275,2020-10-13,29.8,39.9,25.8,23.6,70.9,0.149,100,4.17,25.9,12.8,255.3,1000.8,46.1,6.1,204.4,17.6,8.0
13.082,80.275,2020-10-14,30.6,40.5,28.5,21.1,58.0,0.0,0,0.0,24.1,10.7,244.8,1002.4,32.5,6.4,224.8,19.3,8.0
13.082,80.275,2020-10-15,30.1,41.5,28.5,21.9,63.2,0.0,0,0.0,24.1,9.0,243.9,1004.1,35.0,6.5,246.3,21.2,9.0
13.082,80.275,2020-10-16,30.1,38.7,31.2,25.1,76.1,4.464,100,8.33,13.0,6.7,43.6,1004.3,39.4,6.1,234.5,20.1,9.0
13.082,80.275,2020-10-17,28.6,39.5,25.5,25.0,81.4,21.517,100,12.5,16.3,5.0,347.0,1005.6,60.4,4.1,182.4,15.6,8.0
13.082,80.275,2020-10-18,26.4,32.0,26.0,24.9,91.7,10.488,100,12.5,9.4,4.6,288.3,1006.5,62.4,3.5,138.1,11.9,7.0
13.082,80.275,2020-10-19,28.7,39.7,25.6,25.2,82.9,0.446,100,4.17,13.0,5.9,314.5,1005.6,56.3,5.1,114.5,9.9,5.0
13.082,80.275,2020-10-20,27.0,35.7,25.5,25.3,90.7,22.743,100,8.33,9.4,4.9,309.7,1005.5,53.2,4.0,93.8,8.3,5.0
13.082,80.275,2020-10-21,27.7,36.7,25.8,25.2,86.8,1.14,100,4.17,18.4,6.7,315.3,1006.0,49.5,5.7,156.6,13.4,6.0
13.082,80.275,2020-10-22,27.8,40.6,24.8,24.8,85.5,59.88,100,4.17,22.3,8.7,274.1,1005.6,52.4,5.1,217.7,18.8,8.0
13.082,80.275,2020-10-23,28.0,40.6,24.0,24.2,81.4,9.027,100,12.5,16.6,7.5,265.1,1006.2,56.2,5.1,116.2,9.9,6.0
13.082,80.275,2020-10-24,28.1,42.0,26.0,24.3,80.6,0.077,100,4.17,20.5,8.8,269.5,1007.5,56.0,4.4,224.6,19.5,8.0
13.082,80.275,2020-10-25,29.1,40.7,26.1,24.9,79.2,0.0,0,0.0,11.2,4.4,30.3,1009.1,52.4,3.7,171.2,14.8,7.0
13.082,80.275,2020-10-26,29.2,38.4,26.0,24.3,76.8,0.0,0,0.0,14.8,7.6,29.9,1009.8,49.9,4.4,225.6,19.5,8.0
13.082,80.275,2020-10-27,28.4,37.5,26.0,24.6,80.8,0.446,100,4.17,14.8,7.5,27.9,1009.2,45.0,3.4,215.7,18.4,8.0
13.082,80.275,2020-10-28,26.8,34.6,25.4,23.9,84.5,11.458,100,8.33,24.1,9.9,354.2,1009.8,46.1,4.3,146.2,12.7,6.0
13.082,80.275,2020-10-29,25.0,26.1,24.0,23.8,93.1,149.537,100,16.67,22.3,11.1,357.4,1010.2,55.8,3.2,133.2,11.5,7.0
13.082,80.275,2020-10-30,27.9,36.2,24.8,23.1,76.9,0.0,0,0.0,16.6,6.2,22.4,1009.8,47.2,4.5,195.6,16.6,7.0
13.082,80.275,2020-10-31,28.1,38.1,24.6,22.7,75.1,0.0,0,0.0,13.0,5.3,1.0,1009.9,22.2,4.7,244.6,21.1,9.0
13.082,80.275,2020-11-01,28.1,39.3,24.8,24.2,80.6,0.0,0,0.0,13.0,5.6,68.2,1010.5,26.1,4.1,249.6,21.5,9.0
13.082,80.275,2020-11-02,28.7,39.5,25.0,25.0,81.6,0.0,0,0.0,18.4,7.1,57.3,1011.2,27.1,4.2,243.2,20.9,9.0
13.082,80.275,2020-11-03,29.1,39.2,25.0,25.4,81.4,0.0,0,0.0,16.6,6.4,41.3,1011.1,30.6,3.9,219.4,18.8,8.0
13.082,80.275,2020-11-04,27.7,38.4,25.0,25.7,89.1,31.142,100,16.67,22.3,6.8,25.4,1010.8,48.1,4.3,167.2,14.4,7.0
13.082,80.275,2020-11-05,28.7,40.7,25.8,25.5,84.0,3.744,100,4.17,18.4,7.3,67.1,1011.3,39.1,5.4,199.2,17.3,7.0
13.082,80.275,2020-11-06,28.3,39.9,25.0,25.5,85.4,9.352,100,12.5,18.4,6.8,66.5,1012.7,44.9,5.2,179.6,15.5,6.0
13.082,80.275,2020-11-07,26.9,36.9,25.0,25.4,91.9,16.936,100,16.67,16.6,5.9,8.3,1013.3,47.6,3.9,165.6,14.3,6.0
13.082,80.275,2020-11-08,27.7,37.8,24.8,23.9,80.7,3.744,100,8.33,22.3,10.4,64.7,1013.5,50.4,4.5,199.2,17.3,8.0
13.082,80.275,2020-11-09,27.7,34.2,24.0,21.3,69.3,0.0,0,0.0,24.1,10.2,33.6,1012.4,33.2,5.4,228.6,19.6,8.0
13.082,80.275,2020-11-10,26.4,32.5,22.0,20.7,72.1,0.0,0,0.0,16.6,9.1,22.2,1010.5,35.4,4.7,234.7,20.2,8.0
13.082,80.275,2020-11-11,25.5,32.4,24.0,22.7,84.9,15.256,100,8.33,20.5,8.7,7.2,1010.2,50.4,4.1,127.9,11.0,6.0
13.082,80.275,2020-11-12,25.3,31.2,24.0,24.2,94.0,41.208,100,20.83,14.8,6.3,20.3,1011.5,53.5,3.4,150.3,13.0,7.0
13.082,80.275,2020-11-13,27.5,42.3,25.0,25.5,89.3,9.301,100,16.67,22.3,10.0,50.8,1011.1,57.0,4.5,104.8,9.0,4.0
13.082,80.275,2020-11-14,28.9,37.4,26.0,24.7,79.1,0.0,0,0.0,25.9,12.2,51.1,1010.3,42.6,5.5,207.6,18.1,8.0
13.082,80.275,2020-11-15,27.1,34.8,25.0,25.9,93.5,33.672,100,25.0,18.4,10.5,55.8,1009.2,61.4,3.8,76.3,6.7,3.0
13.082,80.275,2020-11-16,25.7,38.9,23.8,24.8,95.2,35.256,100,20.83,15.3,7.8,70.4,1011.1,61.0,3.7,28.4,2.4,2.0
13.082,80.275,2020-11-17,26.4,38.3,23.6,24.8,91.1,15.672,100,16.67,22.3,9.2,57.3,1010.5,51.5,4.3,184.8,16.0,7.0
13.082,80.275,2020-11-18,27.6,37.8,25.0,24.5,84.1,4.864,100,8.33,18.4,8.2,72.8,1011.0,53.6,4.9,163.8,14.1,7.0
13.082,80.275,2020-11-19,28.3,42.2,25.0,24.4,79.9,0.0,0,0.0,18.4,8.1,75.4,1011.4,37.6,6.1,192.1,16.4,8.0
13.082,80.275,2020-11-20,28.0,40.6,24.7,23.8,79.3,0.0,0,0.0,18.4,6.9,55.7,1011.7,28.4,5.9,228.7,19.7,8.0
13.082,80.275,2020-11-21,27.5,38.0,23.4,22.1,74.9,0.0,0,0.0,16.6,5.9,48.2,1012.2,24.2,6.0,242.6,20.9,9.0
13.082,80.275,2020-11-22,27.1,36.8,22.7,22.7,77.9,0.0,0,0.0,18.4,6.6,35.1,1012.5,27.2,5.9,209.4,18.1,7.0
13.082,80.275,2020-11-23,28.1,39.3,25.0,24.3,81.1,15.0,100,4.17,27.7,9.3,45.9,1011.9,52.9,4.5,158.6,13.6,7.0
13.082,80.275,2020-11-24,25.9,32.7,24.3,24.9,94.7,184.76,100,25.0,18.4,10.1,29.1,1010.2,63.3,2.9,79.4,6.8,3.0
13.082,80.275,2020-11-25,25.6,31.9,24.1,25.0,96.1,146.744,100,33.33,35.3,18.4,33.8,1006.2,63.8,2.1,18.5,1.4,1.0
13.082,80.275,2020-11-26,25.4,33.6,22.1,23.9,91.7,20.794,100,20.83,51.8,33.4,167.6,1002.6,62.4,2.6,87.2,7.7,4.0
13.082,80.275,2020-11-27,25.5,33.3,21.2,21.8,81.0,6.646,100,8.33,46.4,19.4,275.3,1009.8,49.2,5.2,158.3,13.5,6.0
13.082,80.275,2020-11-28,27.1,40.7,22.5,24.3,85.2,0.0,0,0.0,16.6,7.2,45.9,1012.9,42.5,5.9,180.5,15.6,7.0
13.082,80.275,2020-11-29,27.0,37.5,24.4,25.0,89.4,0.323,100,4.17,18.4,8.8,11.9,1013.2,52.6,5.0,172.8,14.8,6.0
13.082,80.275,2020-11-30,27.4,37.8,24.6,24.4,84.4,3.054,100,8.33,22.3,9.7,24.2,1012.6,44.6,4.9,166.4,14.3,6.0
13.082,80.275,2020-12-01,26.9,34.2,23.3,22.9,79.9,0.0,0,0.0,22.3,9.6,27.4,1012.9,47.2,5.5,204.9,17.6,8.0
13.082,80.275,2020-12-02,26.6,33.6,25.2,24.2,87.2,8.0,100,4.17,20.5,12.6,17.1,1010.6,60.4,3.6,100.9,8.7,4.0
13.082,80.275,2020-12-03,26.2,33.6,24.8,25.1,94.2,72.808,100,25.0,18.4,10.3,45.0,1009.3,64.0,3.5,29.1,2.6,2.0
13.082,80.275,2020-12-04,25.8,31.2,24.0,24.8,94.7,60.256,100,20.83,18.4,9.7,52.9,1009.0,62.9,3.1,14.4,1.1,1.0
13.082,80.275,2020-12-05,26.0,33.6,24.7,25.1,94.7,32.512,100,12.5,14.8,7.2,37.2,1009.5,59.0,3.7,70.5,6.0,3.0
13.082,80.275,2020-12-06,27.6,39.1,25.0,25.3,87.7,24.291,100,16.67,32.6,13.0,69.7,1010.8,47.0,5.2,95.8,8.1,4.0
13.082,80.275,2020-12-07,27.2,38.9,24.7,25.4,90.0,13.733,100,16.67,16.6,6.7,83.4,1012.7,50.9,4.5,111.3,9.7,5.0
13.082,80.275,2020-12-08,27.4,40.7,24.8,25.1,87.8,13.464,100,12.5,27.7,7.4,86.8,1013.2,43.0,5.7,152.5,13.2,6.0
13.082,80.275,2020-12-09,27.1,36.6,24.1,24.1,84.6,4.768,100,8.33,22.3,6.9,72.9,1013.1,42.5,5.2,155.9,13.5,6.0
13.082,80.275,2020-12-10,26.3,34.6,22.7,22.1,79.3,0.0,0,0.0,18.4,6.1,63.9,1013.3,30.4,5.5,201.6,17.5,7.0
13.082,80.275,2020-12-11,25.9,35.5,22.5,22.1,80.4,0.0,0,0.0,18.4,5.8,37.1,1013.1,28.9,4.5,205.5,17.8,7.0
13.082,80.275,2020-12-12,26.1,34.6,22.6,21.3,77.2,0.0,0,0.0,16.6,5.8,47.8,1012.6,25.0,5.0,218.9,18.7,8.0
13.082,80.275,2020-12-13,26.5,34.6,22.4,22.5,80.1,0.0,0,0.0,14.8,5.9,43.8,1011.7,25.8,4.6,198.6,17.2,7.0
13.082,80.275,2020-12-14,26.1,33.6,22.4,21.4,77.6,0.0,0,0.0,16.6,4.5,64.4,1011.7,24.8,5.3,164.3,14.2,7.0
13.082,80.275,2020-12-15,27.3,36.8,23.2,22.7,77.4,0.0,0,0.0,20.5,9.9,49.4,1012.5,37.3,4.9,187.6,16.0,7.0
13.082,80.275,2020-12-16,27.5,36.2,24.4,24.2,82.3,4.195,100,16.67,20.5,11.1,56.3,1013.1,59.9,4.4,118.4,10.3,5.0
13.082,80.275,2020-12-17,27.7,36.2,25.8,24.2,82.0,8.516,100,12.5,22.3,10.6,57.8,1013.0,55.8,4.5,114.5,9.8,5.0
13.082,80.275,2020-12-18,27.2,38.0,25.0,23.5,81.2,0.0,0,0.0,25.9,9.3,45.0,1013.1,49.8,4.4,177.5,15.2,7.0
13.082,80.275,2020-12-19,27.2,36.6,25.0,22.7,77.3,0.0,0,0.0,22.3,9.3,69.6,1013.9,49.5,4.5,205.3,17.8,7.0
13.082,80.275,2020-12-20,26.8,31.9,23.7,20.1,68.2,0.0,0,0.0,27.7,11.2,54.7,1014.1,31.5,5.1,209.9,18.1,8.0
13.082,80.275,2020-12-21,26.2,31.4,23.0,18.9,65.4,0.0,0,0.0,27.7,8.7,51.4,1013.5,40.0,5.8,203.5,17.6,7.0
13.082,80.275,2020-12-22,24.9,30.8,21.4,19.5,72.9,0.0,0,0.0,14.8,5.8,38.5,1012.8,39.7,5.0,202.7,17.3,8.0
13.082,80.275,2020-12-23,25.2,30.8,21.2,19.8,73.4,0.0,0,0.0,18.4,7.4,48.4,1011.9,36.6,5.3,206.9,17.8,8.0
13.082,80.275,2020-12-24,24.9,31.4,20.8,19.7,74.4,0.0,0,0.0,18.4,6.8,40.0,1011.1,31.8,5.0,175.5,15.0,7.0
13.082,80.275,2020-12-25,25.6,32.6,21.2,20.2,73.9,0.0,0,0.0,13.0,6.4,36.1,1011.9,28.7,5.2,212.1,18.3,8.0
13.082,80.275,2020-12-26,25.6,31.9,21.4,20.7,76.2,0.0,0,0.0,14.8,7.2,26.8,1012.7,33.8,5.2,170.5,14.7,7.0
13.082,80.275,2020-12-27,25.9,32.8,22.6,21.6,78.3,0.0,0,0.0,22.3,9.5,33.8,1012.1,31.4,4.4,196.6,16.9,7.0
13.082,80.275,2020-12-28,25.9,32.6,21.7,20.9,75.4,0.0,0,0.0,18.4,8.4,29.1,1011.6,28.6,4.9,205.4,17.8,8.0
13.082,80.275,2020-12-29,26.8,33.6,24.2,22.2,76.4,0.0,0,0.0,22.3,10.7,38.1,1011.4,53.0,4.1,111.4,9.6,4.0
13.082,80.275,2020-12-30,27.0,33.0,25.0,23.3,80.9,5.72,100,4.17,24.1,11.4,53.5,1011.5,57.8,4.1,63.3,5.4,4.0
13.082,80.275,2020-12-31,27.4,34.2,25.4,22.4,74.9,0.0,0,0.0,27.7,16.2,66.1,1012.1,51.8,5.0,171.5,14.8,7.0
13.082,80.275,2021-01-01,26.3,32.6,23.0,21.1,74.2,0.0,0,0.0,27.7,10.1,55.8,1013.0,39.1,5.1,174.9,15.1,7.0
13.082,80.275,2021-01-02,25.3,30.1,24.4,23.3,88.4,5.768,100,8.33,13.9,6.9,29.8,1012.4,57.7,3.5,58.3,5.0,2.0
13.082,80.275,2021-01-03,26.1,32.0,24.8,23.7,87.1,0.205,100,4.17,27.7,10.6,48.9,1011.0,56.7,4.3,128.3,11.0,5.0
13.082,80.275,2021-01-04,26.5,33.6,23.0,23.1,82.2,0.0,0,0.0,22.3,10.4,48.6,1011.4,43.9,5.1,160.1,13.8,6.0
13.082,80.275,2021-01-05,24.6,26.0,23.0,23.7,94.6,164.304,100,29.17,9.9,4.5,24.4,1011.7,62.6,2.7,57.6,4.9,4.0
13.082,80.275,2021-01-06,24.8,33.4,22.0,23.2,91.1,34.072,100,12.5,18.4,5.7,81.0,1010.9,52.9,4.0,120.4,10.5,5.0
13.082,80.275,2021-01-07,26.3,35.1,24.7,24.6,90.9,7.874,100,12.5,24.1,6.0,55.2,1009.8,56.8,4.4,157.8,13.5,6.0
13.082,80.275,2021-01-08,26.3,32.7,24.9,24.2,88.5,0.0,0,0.0,13.0,5.4,54.4,1009.3,55.6,5.1,162.9,14.2,6.0
13.082,80.275,2021-01-09,26.8,35.1,24.3,24.2,85.9,0.074,100,4.17,20.5,6.9,68.5,1010.1,41.8,5.4,187.5,16.3,8.0
13.082,80.275,2021-01-10,27.2,36.2,25.0,24.5,85.6,0.0,0,0.0,24.1,8.8,43.1,1010.5,41.1,4.6,151.8,13.0,5.0
13.082,80.275,2021-01-11,27.3,35.1,25.8,24.3,84.3,0.512,100,4.17,18.4,10.2,38.5,1011.1,47.6,4.9,140.1,12.1,7.0
13.082,80.275,2021-01-12,27.0,35.1,25.0,23.8,82.8,0.0,0,0.0,22.3,11.9,40.9,1011.3,47.0,5.5,151.4,13.0,6.0
13.082,80.275,2021-01-13,26.8,34.2,24.7,23.3,82.3,0.0,0,0.0,25.9,8.7,56.1,1011.5,33.2,4.6,208.9,17.9,8.0
13.082,80.275,2021-01-14,26.8,35.1,24.1,23.6,83.4,0.0,0,0.0,22.3,9.6,58.2,1011.0,38.4,4.7,170.1,14.7,7.0
13.082,80.275,2021-01-15,26.4,35.5,23.0,22.2,78.8,0.0,0,0.0,18.4,6.8,66.4,1011.0,35.0,4.7,208.6,18.1,7.0
13.082,80.275,2021-01-16,25.6,32.6,22.1,21.2,77.7,0.0,0,0.0,20.7,7.8,74.1,1010.5,23.1,5.6,224.7,19.5,8.0
13.082,80.275,2021-01-17,25.4,31.4,21.0,19.8,72.5,0.0,0,0.0,16.6,6.7,62.5,1011.6,23.3,5.6,234.2,20.2,8.0
13.082,80.275,2021-01-18,25.6,31.4,21.3,20.3,73.8,0.0,0,0.0,18.4,7.0,61.8,1012.3,26.0,5.9,165.3,14.0,6.0
13.082,80.275,2021-01-19,26.4,32.5,22.0,21.0,74.2,0.0,0,0.0,22.3,8.9,46.2,1011.8,30.2,5.1,222.7,19.3,8.0
13.082,80.275,2021-01-20,26.4,32.0,24.0,22.3,78.4,0.0,0,0.0,13.0,7.8,29.1,1012.2,37.0,4.3,123.7,10.6,5.0
13.082,80.275,2021-01-21,27.1,36.6,24.0,23.8,83.5,0.0,0,0.0,14.8,6.8,88.6,1011.7,31.4,4.9,199.7,17.3,7.0
13.082,80.275,2021-01-22,27.4,35.8,24.2,23.6,81.1,0.0,0,0.0,18.4,6.3,98.2,1011.6,29.7,5.3,213.5,18.4,8.0
13.082,80.275,2021-01-23,26.3,32.8,23.0,21.6,76.8,0.0,0,0.0,16.6,6.7,85.0,1012.1,21.2,5.7,234.2,20.4,8.0
13.082,80.275,2021-01-24,26.2,32.8,22.9,21.1,75.3,0.0,0,0.0,18.4,6.2,73.0,1012.8,28.0,5.0,210.3,18.2,8.0
13.082,80.275,2021-01-25,26.2,33.1,22.6,20.7,73.7,0.0,0,0.0,14.8,6.6,86.7,1013.2,24.2,4.9,221.3,19.2,8.0
13.082,80.275,2021-01-26,25.8,31.0,21.8,19.5,70.4,0.0,0,0.0,16.6,7.6,76.5,1012.8,22.2,5.6,253.6,21.9,9.0
13.082,80.275,2021-01-27,25.5,31.4,22.0,20.0,73.1,0.0,0,0.0,16.6,5.7,74.9,1013.1,25.1,4.7,203.6,17.7,7.0
13.082,80.275,2021-01-28,26.0,32.6,23.0,21.1,75.7,0.0,0,0.0,22.3,9.8,70.7,1013.1,34.5,4.3,212.1,18.3,8.0
13.082,80.275,2021-01-29,26.6,33.8,23.0,21.1,73.4,0.0,0,0.0,20.5,8.1,72.3,1013.5,24.6,4.6,229.6,19.8,8.0
13.082,80.275,2021-01-30,26.5,33.1,23.0,21.2,73.9,0.0,0,0.0,20.5,7.6,70.9,1012.9,25.2,4.7,239.0,20.7,8.0
13.082,80.275,2021-01-31,26.4,33.8,22.0,21.3,75.4,0.0,0,0.0,18.4,7.9,77.0,1013.6,22.1,4.8,245.0,21.2,9.0
13.082,80.275,2021-02-01,26.6,32.5,23.0,20.7,71.2,0.0,0,0.0,24.1,11.1,67.0,1015.1,28.2,5.4,236.0,20.3,8.0
13.082,80.275,2021-02-02,26.6,34.6,23.0,21.1,73.1,0.0,0,0.0,20.5,9.8,75.9,1015.2,31.3,4.8,222.2,19.3,8.0
13.082,80.275,2021-02-03,26.2,30.9,23.0,19.0,65.4,0.0,0,0.0,24.1,11.0,70.2,1014.9,28.6,5.4,244.8,21.1,8.0
13.082,80.275,2021-02-04,25.2,30.4,21.0,18.1,66.7,0.0,0,0.0,22.3,8.2,72.4,1014.9,21.4,5.4,258.4,22.4,9.0
13.082,80.275,2021-02-05,24.9,30.5,20.0,17.8,66.5,0.0,0,0.0,22.3,7.2,63.3,1014.1,24.4,5.2,250.7,21.5,9.0
13.082,80.275,2021-02-06,24.9,30.4,20.0,18.2,68.7,0.0,0,0.0,24.1,7.2,61.3,1012.9,17.7,5.3,265.8,23.0,9.0
13.082,80.275,2021-02-07,25.1,31.9,20.0,19.0,71.3,0.0,0,0.0,20.5,7.8,43.1,1013.1,17.0,5.2,260.5,22.5,9.0
13.082,80.275,2021-02-08,25.4,30.8,19.0,18.5,68.8,0.0,0,0.0,27.7,9.8,60.8,1013.9,19.4,5.4,251.4,21.9,8.0
13.082,80.275,2021-02-09,26.0,30.2,22.0,17.4,60.9,0.0,0,0.0,20.5,11.0,65.3,1013.4,28.6,5.2,258.1,22.4,9.0
13.082,80.275,2021-02-10,25.3,30.1,22.0,17.6,63.8,0.0,0,0.0,16.6,7.6,72.4,1012.5,23.2,5.4,265.8,23.0,9.0
13.082,80.275,2021-02-11,24.5,29.5,20.0,16.9,65.1,0.0,0,0.0,18.4,5.6,94.1,1012.4,12.0,5.3,271.2,23.4,9.0
13.082,80.275,2021-02-12,25.0,29.9,20.0,16.8,61.8,0.0,0,0.0,14.8,7.4,71.7,1012.9,15.4,5.9,213.3,18.4,8.0
13.082,80.275,2021-02-13,25.2,31.0,21.0,18.8,69.2,0.0,0,0.0,18.4,7.2,75.1,1013.9,16.8,5.0,242.8,20.9,9.0
13.082,80.275,2021-02-14,25.0,30.5,21.1,18.8,70.8,0.0,0,0.0,16.6,6.5,82.4,1013.7,16.1,6.1,247.5,21.4,8.0
13.082,80.275,2021-02-15,25.2,32.0,21.0,19.8,73.5,0.0,0,0.0,18.4,6.2,93.6,1012.5,20.2,5.8,272.3,23.4,9.0
13.082,80.275,2021-02-16,25.4,31.9,20.0,19.3,70.8,0.0,0,0.0,14.8,6.5,103.1,1012.0,17.6,5.9,267.0,22.9,9.0
13.082,80.275,2021-02-17,25.5,30.8,21.8,19.2,69.6,0.0,0,0.0,14.8,7.5,95.6,1011.9,25.4,5.4,245.8,21.2,9.0
13.082,80.275,2021-02-18,26.0,31.5,22.0,19.0,66.4,0.0,0,0.0,27.7,11.6,84.5,1012.8,24.7,5.7,242.7,21.0,8.0
13.082,80.275,2021-02-19,26.1,33.1,23.0,21.6,76.4,1.1,100,25.0,25.9,12.2,70.1,1012.9,48.8,5.1,176.6,15.3,6.0
13.082,80.275,2021-02-20,25.2,30.6,23.0,21.3,79.4,6.5,100,75.0,27.7,16.1,55.3,1012.9,83.0,4.6,150.2,13.0,5.0
13.082,80.275,2021-02-21,26.0,30.8,24.0,21.4,76.1,21.2,100,54.17,27.7,15.5,78.1,1013.9,70.7,5.3,139.5,12.1,5.0
13.082,80.275,2021-02-22,26.9,34.9,23.0,22.0,75.4,0.0,0,0.0,20.5,10.4,63.6,1013.6,28.9,5.4,226.8,19.7,8.0
13.082,80.275,2021-02-23,26.4,34.6,23.0,21.6,75.7,0.0,0,0.0,18.4,6.5,75.2,1012.6,20.4,4.7,248.5,21.4,9.0
13.082,80.275,2021-02-24,26.2,32.9,22.0,20.2,72.0,0.0,0,0.0,14.8,5.5,114.8,1011.7,17.5,5.0,270.8,23.4,9.0
13.082,80.275,2021-02-25,26.2,33.5,22.0,20.5,73.0,0.0,0,0.0,14.8,4.8,110.0,1011.4,18.5,4.7,269.7,23.3,10.0
13.082,80.275,2021-02-26,26.5,37.4,22.0,21.3,75.0,0.0,0,0.0,13.0,6.1,178.0,1009.8,17.0,5.3,283.2,24.4,10.0
13.082,80.275,2021-02-27,26.7,35.8,22.0,21.4,75.4,0.0,0,0.0,13.0,6.1,185.7,1009.0,18.0,4.9,276.7,23.9,10.0
13.082,80.275,2021-02-28,26.6,34.6,23.0,21.6,75.9,0.0,0,0.0,16.6,6.4,160.4,1009.9,19.7,5.6,273.7,23.5,10.0
13.082,80.275,2021-03-01,27.0,36.0,22.0,21.1,73.1,0.0,0,0.0,14.8,6.9,138.2,1012.4,12.2,5.8,271.8,23.6,10.0
13.082,80.275,2021-03-02,27.3,34.6,23.0,20.4,69.7,0.0,0,0.0,14.8,6.8,151.0,1012.8,15.6,5.7,274.1,23.7,10.0
13.082,80.275,2021-03-03,26.8,34.3,22.0,19.2,68.0,0.0,0,0.0,18.4,6.2,122.5,1012.0,13.4,5.1,279.9,24.3,10.0
13.082,80.275,2021-03-04,26.4,32.0,22.0,19.3,67.6,0.0,0,0.0,13.0,6.7,115.0,1012.3,14.7,5.3,270.4,23.4,10.0
13.082,80.275,2021-03-05,26.9,33.9,22.0,19.7,67.3,0.0,0,0.0,14.8,6.9,118.9,1013.2,18.5,5.6,281.5,24.2,10.0
13.082,80.275,2021-03-06,27.0,35.1,22.0,21.6,73.7,0.0,0,0.0,13.0,5.7,131.5,1012.7,16.5,5.6,275.8,23.8,10.0
13.082,80.275,2021-03-07,28.0,37.1,24.0,22.3,73.1,0.0,0,0.0,14.8,7.2,143.5,1011.9,20.4,5.8,274.9,23.8,10.0
13.082,80.275,2021-03-08,27.9,36.8,23.9,22.2,72.2,0.0,0,0.0,16.6,8.2,120.1,1012.6,19.9,6.0,275.3,23.9,9.0
13.082,80.275,2021-03-09,28.3,36.0,25.0,22.4,71.4,0.0,0,0.0,14.8,7.5,109.3,1013.2,26.3,6.1,277.1,23.9,10.0
13.082,80.275,2021-03-10,28.2,37.7,24.0,23.1,74.3,0.0,0,0.0,18.4,8.4,118.6,1012.8,28.8,6.1,264.9,22.8,10.0
13.082,80.275,2021-03-11,28.2,37.9,24.0,22.3,71.5,0.0,0,0.0,18.4,7.3,148.6,1012.9,27.6,6.2,276.8,24.0,9.0
13.082,80.275,2021-03-12,27.2,34.0,23.0,20.8,70.2,0.0,0,0.0,18.4,6.2,140.0,1014.1,17.7,6.1,278.3,24.0,10.0
13.082,80.275,2021-03-13,27.3,34.5,22.0,20.6,69.3,0.0,0,0.0,14.8,6.9,107.9,1013.4,15.7,6.0,285.6,24.7,10.0
13.082,80.275,2021-03-14,28.0,34.2,23.0,19.8,65.1,0.0,0,0.0,16.6,7.0,137.6,1011.9,11.3,6.2,289.9,25.0,10.0
13.082,80.275,2021-03-15,28.0,34.3,23.0,21.1,69.2,0.0,0,0.0,18.4,6.8,105.2,1011.0,13.6,6.0,283.1,24.6,10.0
13.082,80.275,2021-03-16,27.5,36.0,24.0,22.5,75.6,0.0,0,0.0,14.8,5.8,120.4,1010.9,18.8,5.8,281.8,24.5,10.0
13.082,80.275,2021-03-17,27.2,35.6,23.0,22.2,75.1,0.0,0,0.0,13.0,5.7,138.6,1010.1,26.6,5.4,271.6,23.4,10.0
13.082,80.275,2021-03-18,27.7,34.4,24.0,20.6,67.4,0.0,0,0.0,14.8,5.3,117.3,1010.5,30.7,5.6,272.7,23.6,9.0
13.082,80.275,2021-03-19,27.2,34.3,23.0,20.9,69.5,0.0,0,0.0,14.8,5.4,143.9,1010.2,23.2,5.0,282.1,24.5,10.0
13.082,80.275,2021-03-20,27.5,37.0,23.0,22.1,74.0,0.0,0,0.0,18.4,6.4,136.4,1009.0,26.0,4.8,257.1,22.1,10.0
13.082,80.275,2021-03-21,28.2,36.4,23.0,21.8,70.4,0.0,0,0.0,13.0,6.6,114.3,1008.7,34.2,5.5,268.4,23.0,9.0
13.082,80.275,2021-03-22,28.6,36.1,25.0,22.0,68.6,0.0,0,0.0,16.6,7.3,137.9,1010.2,23.5,5.8,283.7,24.8,10.0
13.082,80.275,2021-03-23,28.3,36.1,24.0,22.3,71.3,0.0,0,0.0,16.6,6.9,107.1,1011.0,20.4,5.2,274.0,23.7,9.0
13.082,80.275,2021-03-24,28.6,37.3,24.0,22.2,70.6,0.0,0,0.0,16.6,5.3,109.8,1010.9,21.7,5.2,284.0,24.6,10.0
13.082,80.275,2021-03-25,28.9,36.1,25.0,22.6,71.1,0.0,0,0.0,20.5,5.7,129.2,1009.8,24.0,5.3,288.3,25.1,10.0
13.082,80.275,2021-03-26,28.8,39.2,25.0,23.3,73.8,0.0,0,0.0,14.8,6.0,132.6,1009.2,24.1,5.6,262.1,22.6,10.0
13.082,80.275,2021-03-27,29.2,40.6,25.0,23.3,71.9,0.0,0,0.0,14.8,6.4,152.4,1008.8,28.5,5.8,277.6,23.8,10.0
13.082,80.275,2021-03-28,29.2,40.2,25.0,23.7,73.9,0.0,0,0.0,18.4,6.4,170.7,1008.3,25.1,5.7,291.2,25.1,10.0
13.082,80.275,2021-03-29,29.7,40.5,26.0,24.3,74.6,0.0,0,0.0,24.1,10.0,199.6,1007.9,30.2,6.1,288.4,25.1,10.0
13.082,80.275,2021-03-30,30.8,43.6,26.0,23.7,68.2,0.0,0,0.0,22.3,10.3,215.0,1006.0,18.1,6.1,304.3,26.3,10.0
13.082,80.275,2021-03-31,30.9,46.3,30.1,24.8,72.5,0.0,0,0.0,18.4,9.7,216.2,1004.3,11.8,6.0,302.4,26.1,10.0
13.082,80.275,2021-04-01,31.4,46.8,30.1,24.7,69.9,0.0,0,0.0,22.3,12.2,217.9,1003.8,8.3,6.0,296.3,25.6,10.0
13.082,80.275,2021-04-02,32.4,42.3,32.0,22.4,59.8,0.0,0,0.0,18.4,10.8,228.8,1004.0,9.8,6.3,305.8,26.4,10.0
13.082,80.275,2021-04-03,31.0,44.8,30.1,24.8,71.2,0.0,0,0.0,24.1,11.7,196.9,1005.2,15.5,6.1,285.5,24.6,10.0
13.082,80.275,2021-04-04,30.3,46.0,32.7,25.6,76.5,0.0,0,0.0,22.3,10.2,159.1,1007.0,22.3,5.5,294.7,25.6,10.0
13.082,80.275,2021-04-05,29.9,42.2,32.0,24.8,74.8,0.0,0,0.0,16.6,8.4,131.9,1008.5,25.0,5.7,278.7,24.1,10.0
13.082,80.275,2021-04-06,29.3,39.3,26.0,23.6,72.8,0.0,0,0.0,16.6,6.6,139.7,1009.8,25.2,6.0,275.0,23.8,9.0
13.082,80.275,2021-04-07,29.1,38.4,25.0,23.2,71.5,0.0,0,0.0,20.3,9.9,154.9,1010.6,19.8,6.1,279.8,24.3,10.0
13.082,80.275,2021-04-08,29.1,38.1,25.0,22.3,69.1,0.0,0,0.0,23.9,14.6,176.0,1009.2,18.5,5.8,282.8,24.6,10.0
13.082,80.275,2021-04-09,29.0,37.1,25.0,21.7,66.5,0.0,0,0.0,29.9,14.4,157.8,1009.0,18.7,5.7,287.0,25.0,9.0
13.082,80.275,2021-04-10,29.2,39.4,25.0,22.8,69.4,0.0,0,0.0,24.9,14.2,135.5,1010.3,23.8,6.1,273.7,23.7,9.0
13.082,80.275,2021-04-11,29.7,39.6,26.0,23.4,69.8,0.0,0,0.0,25.9,13.4,122.7,1011.2,25.4,6.2,246.3,21.3,9.0
13.082,80.275,2021-04-12,30.0,41.3,31.3,23.6,69.0,0.0,0,0.0,27.6,11.8,142.2,1011.4,30.3,6.4,253.7,21.9,8.0
13.082,80.275,2021-04-13,29.8,40.2,30.1,23.7,70.6,0.0,0,0.0,17.3,9.2,181.1,1010.9,28.2,5.8,245.5,21.2,8.0
13.082,80.275,2021-04-14,28.6,40.6,24.0,24.0,77.2,0.1,100,8.33,13.7,7.3,235.0,1010.4,39.6,5.3,213.2,18.5,7.0
13.082,80.275,2021-04-15,27.4,35.6,23.0,23.1,78.5,25.024,100,8.33,16.4,7.5,218.8,1010.3,40.8,5.5,152.8,13.3,8.0
13.082,80.275,2021-04-16,29.1,40.6,25.0,23.8,74.5,0.0,0,0.0,14.1,7.3,162.0,1009.3,27.6,5.9,272.1,23.6,10.0
13.082,80.275,2021-04-17,30.3,42.3,30.1,24.1,71.2,0.0,0,0.0,14.5,8.2,161.6,1006.1,20.6,6.2,273.8,23.7,9.0
13.082,80.275,2021-04-18,30.7,42.1,30.7,24.4,71.1,0.0,0,0.0,16.4,8.3,170.8,1010.9,27.5,6.6,290.7,25.2,10.0
13.082,80.275,2021-04-19,30.9,46.3,32.0,25.1,72.4,0.0,0,0.0,17.3,10.4,172.1,1008.6,19.3,6.1,294.4,25.6,10.0
13.082,80.275,2021-04-20,31.0,43.6,32.7,24.9,71.5,0.0,0,0.0,15.1,10.6,177.0,1007.9,27.7,6.0,299.6,26.0,10.0
13.082,80.275,2021-04-21,30.7,43.2,32.7,25.1,73.4,0.0,0,0.0,17.1,10.3,160.5,1009.4,19.4,6.0,283.3,24.6,9.0
13.082,80.275,2021-04-22,30.5,43.8,32.7,24.9,73.1,0.0,0,0.0,20.3,11.3,186.0,1009.7,25.6,6.1,288.0,24.9,10.0
13.082,80.275,2021-04-23,30.9,42.0,32.7,24.0,68.3,0.0,0,0.0,28.8,13.0,216.8,1004.6,23.4,6.0,285.9,24.9,10.0
13.082,80.275,2021-04-24,30.7,45.6,32.7,24.9,72.0,0.0,0,0.0,20.8,11.8,195.5,1008.8,28.7,6.1,265.6,22.9,9.0
13.082,80.275,2021-04-25,30.5,42.8,32.7,24.8,72.5,0.0,0,0.0,16.4,9.4,161.2,1008.5,25.0,6.2,283.4,24.6,10.0
13.082,80.275,2021-04-26,30.2,41.5,31.8,24.2,71.0,0.0,0,0.0,20.3,10.1,156.2,1008.1,27.2,6.4,284.4,24.6,10.0
13.082,80.275,2021-04-27,30.6,43.2,32.0,24.4,70.2,0.0,0,0.0,21.6,9.1,170.4,1008.5,24.4,6.1,289.4,24.9,10.0
13.082,80.275,2021-04-28,30.9,44.5,32.7,24.6,70.7,0.0,0,0.0,16.9,8.9,170.0,1008.8,19.5,6.0,287.4,25.0,10.0
13.082,80.275,2021-04-29,31.1,43.5,32.7,24.2,68.4,0.0,0,0.0,17.3,9.5,149.7,1008.2,16.4,6.1,282.6,24.4,10.0
13.082,80.275,2021-04-30,30.6,43.6,32.7,24.9,72.3,0.0,0,0.0,18.3,9.4,141.8,1007.9,25.1,6.6,273.5,23.6,9.0
13.082,80.275,2021-05-01,30.6,43.7,30.1,24.7,71.6,0.0,0,0.0,18.9,9.4,132.6,1008.3,30.3,6.6,275.1,23.7,9.0
13.082,80.275,2021-05-02,30.5,41.8,30.1,24.2,70.2,0.0,0,0.0,16.6,8.0,131.7,1008.5,29.8,6.9,259.8,22.3,8.0
13.082,80.275,2021-05-03,30.5,41.9,32.0,24.2,69.8,0.0,0,0.0,14.5,8.1,130.2,1007.9,31.7,6.5,259.0,22.4,8.0
13.082,80.275,2021-05-04,30.6,41.7,26.0,24.0,68.8,0.0,0,0.0,18.9,9.4,146.5,997.9,28.0,6.6,245.2,21.3,8.0
13.082,80.275,2021-05-05,30.6,44.4,30.1,24.2,69.7,0.0,0,0.0,20.3,9.4,141.1,1007.6,23.3,6.8,252.9,21.7,9.0
13.082,80.275,2021-05-06,30.7,42.4,30.1,24.2,69.3,0.0,0,0.0,20.3,9.4,139.4,1008.7,26.6,6.9,262.9,22.7,9.0
13.082,80.275,2021-05-07,31.1,42.9,32.7,24.2,67.8,0.0,0,0.0,22.1,11.9,148.6,1009.5,29.4,6.9,229.3,20.0,9.0
13.082,80.275,2021-05-08,30.7,42.9,32.0,23.9,68.0,0.0,0,0.0,19.2,9.3,144.5,1008.6,30.8,6.7,254.2,22.0,8.0
13.082,80.275,2021-05-09,30.9,42.9,30.1,24.0,67.6,0.0,0,0.0,19.2,10.0,133.4,1006.9,26.6,6.7,255.8,22.1,9.0
13.082,80.275,2021-05-10,31.0,43.3,32.0,24.2,67.9,0.0,0,0.0,21.1,11.2,169.3,1006.8,24.7,6.7,249.1,21.5,9.0
13.082,80.275,2021-05-11,31.7,44.2,30.1,24.4,66.7,0.0,0,0.0,24.9,13.3,194.9,1005.9,25.1,6.8,290.9,25.3,10.0
13.082,80.275,2021-05-12,31.6,46.2,33.6,25.1,69.8,0.0,0,0.0,26.3,13.3,181.8,992.1,31.7,6.2,261.1,22.7,8.0
13.082,80.275,2021-05-13,31.5,46.1,34.6,25.3,70.9,0.0,0,0.0,24.0,14.7,176.0,1004.5,25.9,6.9,243.8,20.9,8.0
13.082,80.275,2021-05-14,31.3,46.0,32.7,25.2,70.8,0.0,0,0.0,25.7,14.6,174.4,1003.9,31.0,6.7,260.4,22.5,9.0
13.082,80.275,2021-05-15,31.3,41.4,31.4,23.5,64.4,0.0,0,0.0,27.2,17.3,182.2,1003.2,34.0,7.2,249.7,21.7,8.0
13.082,80.275,2021-05-16,30.9,42.6,30.7,24.1,68.4,0.0,0,0.0,28.0,16.9,181.9,1002.2,32.1,6.6,242.2,21.3,8.0
13.082,80.275,2021-05-17,31.6,42.6,33.6,24.5,67.7,0.0,0,0.0,23.1,15.1,169.1,1005.6,21.4,6.8,282.7,24.6,9.0
13.082,80.275,2021-05-18,31.7,44.8,33.6,24.9,68.6,0.0,0,0.0,28.0,16.3,180.6,1006.0,27.7,6.8,261.2,22.6,8.0
13.082,80.275,2021-05-19,31.5,48.5,32.0,25.3,70.5,0.0,0,0.0,26.3,16.0,180.9,1005.3,28.4,6.6,264.6,22.8,8.0
13.082,80.275,2021-05-20,29.8,42.9,24.7,23.2,70.0,8.376,100,4.17,25.2,10.6,241.0,1005.8,32.1,5.9,236.9,20.4,9.0
13.082,80.275,2021-05-21,27.8,43.8,24.0,23.5,79.0,8.744,100,4.17,25.5,11.2,248.9,1006.0,45.9,5.8,143.7,12.4,7.0
13.082,80.275,2021-05-22,28.5,38.4,25.0,23.8,76.0,0.0,0,0.0,22.1,7.7,261.8,1005.3,57.4,6.1,139.1,12.1,7.0
13.082,80.275,2021-05-23,30.2,40.9,29.2,23.9,70.1,0.0,0,0.0,17.3,9.2,233.6,1004.8,39.8,6.3,183.6,15.8,6.0
13.082,80.275,2021-05-24,31.4,42.3,32.7,24.3,67.6,0.0,0,0.0,26.5,9.2,261.2,1003.9,42.2,6.1,194.6,16.8,8.0
13.082,80.275,2021-05-25,31.9,43.7,31.4,23.0,60.4,0.0,0,0.0,25.9,12.7,249.9,1002.4,40.0,6.4,164.6,14.3,6.0
13.082,80.275,2021-05-26,32.4,45.0,28.9,22.1,56.3,0.0,0,0.0,26.1,14.4,259.6,1001.6,28.1,6.5,260.7,22.5,9.0
13.082,80.275,2021-05-27,32.3,43.0,30.8,21.5,54.9,0.0,0,0.0,20.3,15.1,272.3,1002.5,20.7,6.5,268.8,23.2,9.0
13.082,80.275,2021-05-28,30.8,42.7,28.9,21.4,59.1,0.0,0,0.0,20.3,13.0,250.7,1004.2,17.1,6.7,276.9,24.0,10.0
13.082,80.275,2021-05-29,30.6,44.8,26.0,21.6,60.0,0.0,0,0.0,20.3,12.0,228.9,1005.2,17.5,6.5,280.3,24.1,10.0
13.082,80.275,2021-05-30,30.6,43.4,26.0,21.3,59.0,0.0,0,0.0,20.5,11.3,225.0,1004.8,23.5,6.8,273.5,23.7,9.0
13.082,80.275,2021-05-31,29.4,46.5,23.0,22.1,66.0,1.244,100,8.33,29.5,11.8,242.7,1003.8,23.8,6.5,285.4,24.8,9.0
13.082,80.275,2021-06-01,30.1,44.6,25.0,21.9,62.7,0.0,0,0.0,22.3,9.9,229.8,1004.2,21.8,6.8,270.6,23.3,9.0
13.082,80.275,2021-06-02,30.6,47.7,26.0,24.1,69.1,0.0,0,0.0,22.3,10.3,169.9,1005.0,23.0,6.3,269.8,23.3,8.0
13.082,80.275,2021-06-03,31.4,42.3,34.6,25.3,71.3,0.0,0,0.0,18.4,10.6,175.5,1006.3,30.5,6.1,274.3,23.8,9.0
13.082,80.275,2021-06-04,30.8,45.8,32.7,25.4,73.7,0.0,0,0.0,22.3,9.7,172.7,1007.5,27.3,6.5,245.5,21.1,8.0
13.082,80.275,2021-06-05,30.6,43.5,32.0,24.9,72.4,0.0,0,0.0,22.3,10.6,178.7,1006.9,30.1,6.5,239.2,20.9,8.0
13.082,80.275,2021-06-06,30.1,41.7,26.0,23.5,68.5,0.0,0,0.0,20.5,9.2,180.2,1006.7,26.3,6.5,240.5,20.6,8.0
13.082,80.275,2021-06-07,31.3,45.0,24.3,24.6,69.3,43.396,100,8.33,18.4,9.7,229.1,1006.4,33.8,6.3,259.9,22.5,9.0
13.082,80.275,2021-06-08,31.3,48.2,30.1,25.6,73.8,10.788,100,4.17,16.6,7.0,225.4,1005.6,41.1,5.8,268.9,23.2,9.0
13.082,80.275,2021-06-09,32.3,44.6,32.0,24.0,63.4,0.872,100,8.33,27.7,12.2,257.5,1004.4,33.3,6.4,270.4,23.4,9.0
13.082,80.275,2021-06-10,32.5,41.2,31.9,23.5,60.5,0.2,100,4.17,18.4,11.8,257.1,1003.2,37.6,6.0,227.0,19.6,8.0
13.082,80.275,2021-06-11,31.8,39.6,33.3,22.5,59.1,0.744,100,4.17,27.7,12.8,268.7,1003.4,47.8,6.0,157.8,13.6,6.0
13.082,80.275,2021-06-12,31.9,43.4,32.0,23.3,62.5,1.182,100,8.33,24.1,11.1,263.2,1003.3,38.5,5.9,184.6,15.7,8.0
13.082,80.275,2021-06-13,31.7,43.3,29.9,22.7,60.5,0.7,100,4.17,24.1,15.3,264.6,1003.1,50.0,6.2,190.8,16.5,9.0
13.082,80.275,2021-06-14,31.7,40.3,32.0,22.2,57.8,0.256,100,4.17,24.1,16.2,255.7,1003.0,52.4,6.4,178.1,15.3,8.0
13.082,80.275,2021-06-15,32.4,43.4,30.7,23.0,59.2,0.0,0,0.0,24.1,12.8,244.5,1002.5,40.7,6.3,227.8,19.8,8.0
13.082,80.275,2021-06-16,33.1,43.4,33.3,22.3,54.1,0.0,0,0.0,22.3,12.2,258.2,1003.6,40.4,6.2,243.3,20.9,8.0
13.082,80.275,2021-06-17,32.7,42.2,32.6,23.0,58.0,0.0,0,0.0,27.7,13.3,243.6,1004.4,39.7,6.3,190.4,16.4,7.0
13.082,80.275,2021-06-18,32.1,43.2,32.0,22.8,59.1,0.0,0,0.0,22.3,11.3,236.2,1006.0,56.3,6.5,202.3,17.4,7.0
13.082,80.275,2021-06-19,32.1,44.9,31.4,23.0,60.4,11.904,100,4.17,18.4,9.3,238.9,1007.5,44.2,6.4,229.9,19.9,8.0
13.082,80.275,2021-06-20,33.0,45.3,31.4,22.7,56.3,0.0,0,0.0,25.9,12.1,268.6,1007.4,30.0,6.3,225.6,19.5,9.0
13.082,80.275,2021-06-21,32.8,47.4,33.3,23.6,60.5,0.5,100,4.17,20.5,11.6,241.1,1006.3,25.5,6.8,240.7,20.8,8.0
13.082,80.275,2021-06-22,31.1,44.9,30.1,24.2,68.7,0.0,0,0.0,18.4,10.4,235.3,1005.7,38.7,6.3,218.6,18.9,8.0
13.082,80.275,2021-06-23,32.4,47.5,34.0,24.7,65.2,0.0,0,0.0,16.6,11.1,232.8,1005.5,35.7,6.0,221.5,19.1,8.0
13.082,80.275,2021-06-24,30.7,43.4,26.0,24.2,69.9,0.0,0,0.0,22.3,12.7,274.4,1006.3,43.2,5.8,189.2,16.3,8.0
13.082,80.275,2021-06-25,32.4,43.9,32.6,23.3,60.6,0.0,0,0.0,20.5,13.0,245.3,1004.7,34.0,6.3,252.4,21.7,9.0
13.082,80.275,2021-06-26,31.3,40.1,32.6,23.2,63.0,0.0,0,0.0,27.7,12.9,260.7,1004.4,45.9,6.1,187.3,16.3,8.0
13.082,80.275,2021-06-27,30.2,43.0,30.7,23.5,68.0,0.0,0,0.0,20.5,10.5,263.5,1005.7,55.2,6.4,113.6,9.9,4.0
13.082,80.275,2021-06-28,28.8,41.9,24.9,25.0,81.1,30.922,100,12.5,16.6,7.8,216.2,1006.5,42.0,5.7,226.2,19.3,8.0
13.082,80.275,2021-06-29,30.9,42.0,33.1,25.1,72.6,0.0,0,0.0,24.1,11.2,190.7,1006.1,23.6,6.0,242.6,21.0,8.0
13.082,80.275,2021-06-30,31.5,48.5,33.6,26.3,74.8,0.0,0,0.0,16.6,11.4,202.9,1005.4,24.2,6.1,244.2,21.0,9.0
13.082,80.275,2021-07-01,30.9,47.1,30.1,25.3,72.8,0.0,0,0.0,25.9,11.6,229.5,1004.6,34.0,6.1,270.7,23.5,9.0
13.082,80.275,2021-07-02,30.1,46.0,25.0,24.4,73.1,7.048,100,4.17,22.3,10.9,258.5,1005.2,34.3,6.4,264.3,22.9,9.0
13.082,80.275,2021-07-03,29.8,43.4,25.4,25.0,76.5,0.0,0,0.0,13.0,6.7,228.4,1006.0,39.6,6.4,246.0,21.4,8.0
13.082,80.275,2021-07-04,30.5,43.6,32.0,25.4,74.7,0.0,0,0.0,15.8,7.5,234.3,1005.8,39.9,6.2,243.3,21.4,8.0
13.082,80.275,2021-07-05,30.8,44.7,26.4,24.3,69.4,0.026,100,4.17,20.5,11.5,214.9,1004.8,34.3,6.4,270.5,23.5,9.0
13.082,80.275,2021-07-06,31.3,46.7,31.3,25.2,71.2,0.0,0,0.0,16.6,6.6,202.8,1004.0,29.8,6.5,254.6,22.1,9.0
13.082,80.275,2021-07-07,31.7,46.4,31.8,25.1,69.4,0.0,0,0.0,24.1,10.5,216.1,1004.0,28.3,6.3,224.8,19.4,7.0
13.082,80.275,2021-07-08,30.4,44.7,24.8,24.5,72.3,31.0,100,4.17,18.4,10.1,228.3,1004.4,30.7,6.3,268.5,23.3,9.0
13.082,80.275,2021-07-09,28.5,42.0,24.2,24.6,80.7,33.64,100,16.67,24.1,11.0,259.9,1003.2,51.5,5.6,243.8,21.1,9.0
13.082,80.275,2021-07-10,29.6,40.6,25.0,24.4,74.9,2.976,100,4.17,18.0,8.5,240.8,1002.0,61.1,5.9,157.1,13.4,6.0
13.082,80.275,2021-07-11,29.8,39.3,26.0,23.4,69.4,0.58,100,8.33,19.6,10.7,275.4,1001.9,59.6,5.6,137.2,11.8,5.0
13.082,80.275,2021-07-12,30.3,39.0,30.7,23.6,68.3,0.0,0,0.0,22.3,8.5,256.9,1002.0,57.4,6.4,119.1,10.4,6.0
13.082,80.275,2021-07-13,30.2,40.5,31.8,23.7,68.8,2.744,100,4.17,18.4,8.3,268.0,1002.8,59.6,5.8,112.2,9.7,5.0
13.082,80.275,2021-07-14,29.9,42.0,25.6,23.7,70.8,2.792,100,4.17,16.6,8.5,275.0,1003.6,59.1,6.0,174.0,15.0,6.0
13.082,80.275,2021-07-15,28.6,39.2,25.4,24.3,78.3,8.232,100,12.5,24.0,10.3,244.5,1004.1,57.6,5.5,148.1,12.9,6.0
13.082,80.275,2021-07-16,29.5,42.6,25.0,25.1,78.7,44.927,100,16.67,18.4,7.8,231.5,1005.7,51.3,5.5,204.1,17.6,8.0
13.082,80.275,2021-07-17,28.3,42.2,24.5,25.0,83.2,69.872,100,8.33,18.4,7.3,261.8,1005.7,55.1,4.7,167.5,14.6,6.0
13.082,80.275,2021-07-18,28.8,40.6,25.4,24.8,80.0,2.232,100,4.17,20.5,10.5,263.6,1004.3,52.5,5.6,161.7,13.9,6.0
13.082,80.275,2021-07-19,30.4,41.9,25.6,24.2,71.8,9.133,100,12.5,35.0,11.2,267.1,1004.5,39.2,5.6,241.1,20.8,8.0
13.082,80.275,2021-07-20,29.8,43.2,25.4,24.0,73.0,14.136,100,8.33,24.1,10.5,285.9,1005.8,53.6,5.9,203.2,17.5,8.0
13.082,80.275,2021-07-21,29.3,39.2,26.4,24.1,74.5,9.333,100,16.67,20.4,8.4,278.6,1005.2,57.8,4.9,148.0,12.7,5.0
13.082,80.275,2021-07-22,29.4,38.4,29.3,23.2,70.4,2.048,100,4.17,22.3,9.3,264.1,1002.4,56.8,5.2,124.5,10.8,6.0
13.082,80.275,2021-07-23,30.2,41.9,29.7,23.5,67.9,0.512,100,4.17,22.2,13.2,257.2,1001.5,43.7,6.1,210.9,18.2,7.0
13.082,80.275,2021-07-24,31.7,43.9,30.4,24.0,64.6,0.0,0,0.0,24.1,11.4,251.3,1003.1,31.1,6.8,231.6,19.9,8.0
13.082,80.275,2021-07-25,32.1,44.7,30.7,24.7,66.0,0.0,0,0.0,25.6,12.0,253.9,1004.3,28.2,6.5,257.6,22.2,9.0
13.082,80.275,2021-07-26,31.4,44.4,29.5,24.3,67.7,0.595,100,4.17,37.5,14.7,264.2,1005.1,34.1,6.8,260.3,22.5,9.0
13.082,80.275,2021-07-27,31.1,43.7,26.2,24.6,70.2,12.416,100,8.33,22.2,10.6,265.5,1004.6,34.6,5.9,241.7,20.9,8.0
13.082,80.275,2021-07-28,31.6,40.9,30.6,23.6,63.8,0.0,0,0.0,22.3,11.9,267.6,1005.0,28.8,6.5,263.5,22.9,9.0
13.082,80.275,2021-07-29,31.7,43.1,31.4,22.7,59.7,2.0,100,4.17,25.8,12.8,278.1,1005.5,36.4,6.0,232.7,19.9,8.0
13.082,80.275,2021-07-30,32.1,42.7,32.5,22.7,58.1,1.0,100,4.17,22.3,11.4,274.9,1006.4,39.9,6.0,210.8,18.2,7.0
13.082,80.275,2021-07-31,31.5,40.8,26.0,22.9,61.8,11.0,100,4.17,18.4,11.3,282.0,1007.1,35.7,5.9,248.4,21.4,9.0
13.082,80.275,2021-08-01,30.2,41.9,25.6,23.9,70.5,8.928,100,4.17,22.1,10.2,253.7,1006.1,43.2,6.0,223.4,19.4,8.0
13.082,80.275,2021-08-02,31.5,42.7,31.3,23.4,63.6,0.256,100,4.17,20.5,11.5,268.2,1006.0,33.3,5.9,249.2,21.5,9.0
13.082,80.275,2021-08-03,31.8,42.5,32.8,24.3,66.1,0.0,0,0.0,20.4,10.7,273.7,1007.1,28.0,6.4,249.0,21.4,9.0
13.082,80.275,2021-08-04,32.1,43.1,32.0,23.8,62.7,0.6,100,4.17,22.2,11.6,262.7,1007.2,31.7,6.5,233.5,20.1,9.0
13.082,80.275,2021-08-05,32.1,43.6,26.4,23.5,61.6,1.0,100,4.17,25.8,12.7,279.4,1005.6,32.3,6.3,241.3,20.6,8.0
13.082,80.275,2021-08-06,31.1,45.1,30.1,24.7,70.2,1.792,100,4.17,23.9,11.1,245.2,1004.6,33.6,5.6,218.3,18.7,7.0
13.082,80.275,2021-08-07,31.5,47.2,31.6,25.0,69.6,0.0,0,0.0,25.9,10.0,237.9,1005.3,26.4,6.6,243.3,21.0,9.0
13.082,80.275,2021-08-08,31.8,44.6,34.0,25.5,69.9,0.0,0,0.0,18.5,10.0,207.0,1006.2,28.3,6.7,267.5,23.1,9.0
13.082,80.275,2021-08-09,32.0,49.4,33.6,26.0,71.6,0.0,0,0.0,16.4,9.8,185.2,1006.5,25.1,6.8,271.2,23.4,9.0
13.082,80.275,2021-08-10,30.1,43.3,23.0,24.6,73.9,35.304,100,8.33,18.4,9.0,287.5,1006.4,33.9,6.3,263.2,22.8,9.0
13.082,80.275,2021-08-11,31.6,47.3,32.7,25.5,71.4,8.384,100,8.33,14.8,7.4,268.2,1006.0,24.6,6.0,246.4,21.3,9.0
13.082,80.275,2021-08-12,30.9,41.9,31.9,24.4,69.0,0.0,0,0.0,18.4,9.8,280.8,1006.6,42.9,5.8,154.8,13.4,6.0
13.082,80.275,2021-08-13,30.9,44.8,30.7,23.8,66.9,0.0,0,0.0,14.8,8.0,282.4,1005.8,48.4,6.1,200.3,17.3,8.0
13.082,80.275,2021-08-14,31.0,42.3,31.3,23.9,66.9,0.0,0,0.0,18.4,9.1,284.3,1004.1,42.4,5.9,155.7,13.4,5.0
13.082,80.275,2021-08-15,30.0,40.1,31.2,22.9,66.2,0.0,0,0.0,22.3,11.6,278.9,1004.8,48.3,5.9,210.7,18.1,8.0
13.082,80.275,2021-08-16,30.0,38.1,32.7,24.1,71.8,0.723,100,12.5,14.7,6.6,259.3,1005.9,53.3,5.2,215.0,18.6,8.0
13.082,80.275,2021-08-17,28.9,39.6,24.0,25.0,80.5,15.363,100,4.17,18.4,7.1,213.0,1006.6,52.5,5.3,235.7,20.3,8.0
13.082,80.275,2021-08-18,30.3,42.6,26.5,24.7,73.2,0.0,0,0.0,18.2,10.6,233.5,1005.1,38.5,5.9,220.9,19.1,8.0
13.082,80.275,2021-08-19,30.2,40.7,31.1,24.1,70.2,0.0,0,0.0,18.2,9.9,228.9,1004.6,50.7,5.9,213.4,18.5,8.0
13.082,80.275,2021-08-20,29.2,41.7,25.3,24.9,78.5,12.976,100,8.33,18.4,8.0,228.2,1006.0,49.3,5.3,173.4,14.9,8.0
13.082,80.275,2021-08-21,29.4,38.4,31.9,24.9,77.6,54.313,100,4.17,18.4,6.6,248.5,1007.7,45.8,5.9,174.8,15.2,7.0
13.082,80.275,2021-08-22,29.9,40.5,26.1,24.5,73.9,0.0,0,0.0,18.4,8.5,181.8,1007.8,26.6,6.3,238.7,20.7,8.0
13.082,80.275,2021-08-23,28.6,40.7,25.7,24.3,78.0,0.0,0,0.0,13.0,6.9,235.9,1007.6,33.4,5.6,253.9,22.0,9.0
13.082,80.275,2021-08-24,30.3,43.0,26.6,24.9,74.2,0.0,0,0.0,18.2,8.7,220.5,1006.6,22.2,6.1,242.9,20.9,9.0
13.082,80.275,2021-08-25,30.8,41.9,25.9,24.4,69.9,0.958,100,4.17,27.6,11.5,249.7,1005.5,31.4,6.3,237.5,20.4,8.0
13.082,80.275,2021-08-26,29.6,43.7,29.5,24.8,76.0,0.768,100,4.17,20.5,7.9,240.6,1004.3,36.2,6.1,260.5,22.5,9.0
13.082,80.275,2021-08-27,28.3,43.4,24.8,24.6,81.1,6.85,100,8.33,27.7,9.1,262.7,1003.9,51.1,5.5,233.3,20.2,9.0
13.082,80.275,2021-08-28,28.4,41.2,24.4,24.5,80.4,43.641,100,16.67,16.6,9.0,273.0,1003.0,56.6,5.3,172.2,15.0,6.0
13.082,80.275,2021-08-29,27.7,37.9,25.0,24.7,84.4,30.103,100,12.5,20.5,6.9,255.5,1002.3,56.7,5.0,113.7,9.8,4.0
13.082,80.275,2021-08-30,29.4,39.1,25.5,24.0,73.6,3.976,100,8.33,23.8,7.6,254.3,1003.2,54.1,5.9,200.4,17.3,8.0
13.082,80.275,2021-08-31,29.7,43.1,26.0,24.3,74.3,0.298,100,4.17,18.3,7.4,222.5,1005.1,43.7,6.2,198.9,17.2,8.0
13.082,80.275,2021-09-01,29.5,43.5,31.7,25.4,78.9,0.0,0,0.0,11.1,5.4,201.2,1006.2,56.1,5.4,200.6,17.3,7.0
13.082,80.275,2021-09-02,28.6,36.7,30.1,25.0,81.3,0.051,100,4.17,18.4,5.5,284.4,1006.1,47.1,5.2,144.7,12.5,6.0
13.082,80.275,2021-09-03,28.9,39.2,25.8,24.6,78.3,0.628,100,4.17,20.5,10.0,276.5,1004.9,56.8,4.9,118.7,10.3,5.0
13.082,80.275,2021-09-04,28.3,38.0,25.7,24.3,79.9,3.372,100,12.5,22.2,10.2,256.7,1005.1,56.1,5.0,81.1,7.0,4.0
13.082,80.275,2021-09-05,28.1,40.4,25.0,24.0,79.5,6.144,100,4.17,22.1,9.9,262.1,1004.7,54.0,5.6,147.0,12.7,7.0
13.082,80.275,2021-09-06,28.1,38.4,24.9,23.6,77.7,26.368,100,4.17,22.2,9.8,269.0,1004.2,53.8,5.6,86.1,7.5,4.0
13.082,80.275,2021-09-07,30.3,41.0,25.6,23.8,69.5,0.0,0,0.0,22.3,11.4,240.8,1004.6,40.6,6.1,226.3,19.5,9.0
13.082,80.275,2021-09-08,30.6,41.9,30.8,24.3,70.2,0.0,0,0.0,22.3,10.7,246.6,1006.2,37.9,6.5,248.1,21.5,9.0
13.082,80.275,2021-09-09,31.2,44.2,30.6,24.4,68.3,0.0,0,0.0,18.4,10.1,258.9,1006.9,31.5,6.5,256.0,22.2,9.0
13.082,80.275,2021-09-10,31.1,42.7,31.9,24.5,69.0,4.149,100,8.33,22.1,10.7,260.9,1006.0,46.9,6.1,176.3,15.2,7.0
13.082,80.275,2021-09-11,31.6,44.8,33.5,25.4,71.0,0.0,0,0.0,27.7,11.7,250.8,1004.8,38.5,6.3,233.4,20.2,9.0
13.082,80.275,2021-09-12,31.2,42.5,32.7,24.4,68.1,0.0,0,0.0,18.4,10.8,242.6,1003.7,48.9,6.1,151.4,13.1,7.0
13.082,80.275,2021-09-13,31.3,44.1,30.6,24.3,67.8,0.0,0,0.0,22.3,12.2,246.5,1003.1,48.0,6.2,208.5,18.0,9.0
13.082,80.275,2021-09-14,31.9,46.0,31.3,24.7,67.3,0.0,0,0.0,25.8,13.5,243.0,1004.1,26.5,6.8,249.2,21.6,9.0
13.082,80.275,2021-09-15,31.7,45.7,34.5,25.3,70.0,0.0,0,0.0,16.5,9.2,217.5,1005.3,26.3,6.3,273.1,23.7,9.0
13.082,80.275,2021-09-16,30.8,46.3,30.1,25.3,73.3,0.0,0,0.0,14.8,9.1,219.6,1005.4,34.6,6.3,206.0,17.6,7.0
13.082,80.275,2021-09-17,30.7,45.0,29.6,25.5,74.8,2.304,100,4.17,14.8,8.8,211.2,1005.2,45.7,5.1,244.0,21.0,8.0
13.082,80.275,2021-09-18,30.2,44.5,26.6,24.7,73.1,0.223,100,4.17,14.8,7.3,210.3,1006.9,35.5,5.7,245.0,21.1,8.0
13.082,80.275,2021-09-19,30.5,46.2,26.6,24.8,72.4,0.0,0,0.0,18.4,9.0,207.1,1008.0,24.1,6.0,252.0,21.7,9.0
13.082,80.275,2021-09-20,30.2,45.0,25.9,24.2,71.1,0.0,0,0.0,18.3,9.4,224.2,1007.4,29.4,6.7,258.9,22.4,9.0
13.082,80.275,2021-09-21,29.8,44.1,26.0,24.9,76.1,0.256,100,4.17,27.5,11.0,246.2,1005.9,35.8,5.3,251.2,21.9,9.0
13.082,80.275,2021-09-22,28.7,40.6,24.1,24.7,80.3,71.322,100,16.67,27.7,10.5,258.4,1004.7,43.7,5.4,188.6,16.4,7.0
13.082,80.275,2021-09-23,29.7,39.5,29.6,25.0,77.1,0.0,0,0.0,13.2,6.6,229.1,1005.3,38.8,5.5,210.6,18.1,8.0
13.082,80.275,2021-09-24,29.7,43.2,31.1,25.6,79.0,0.0,0,0.0,12.1,4.7,163.1,1006.0,35.0,5.6,239.3,20.6,9.0
13.082,80.275,2021-09-25,30.4,43.3,31.2,25.1,74.5,0.0,0,0.0,14.7,6.6,246.6,1005.3,30.6,5.8,233.8,20.1,9.0
13.082,80.275,2021-09-26,28.8,40.6,25.6,25.1,81.3,11.074,100,8.33,14.8,8.5,265.3,1003.3,52.8,5.5,143.5,12.4,6.0
13.082,80.275,2021-09-27,30.1,40.3,30.1,24.3,72.0,0.0,0,0.0,20.5,11.2,244.1,1001.6,37.3,6.5,211.0,18.2,8.0
13.082,80.275,2021-09-28,30.4,42.3,29.6,23.6,67.9,0.0,0,0.0,20.5,10.7,254.9,1004.4,30.9,6.0,247.8,21.5,9.0
13.082,80.275,2021-09-29,29.7,42.1,29.2,23.6,70.9,0.0,0,0.0,16.6,7.2,295.3,1006.7,41.4,5.8,229.2,19.7,9.0
13.082,80.275,2021-09-30,29.0,43.1,30.1,25.5,82.0,5.256,100,12.5,9.5,5.3,303.2,1007.6,48.1,5.0,200.5,17.4,8.0
13.082,80.275,2021-10-01,30.1,43.7,31.9,26.0,79.4,3.72,100,4.17,22.2,6.7,84.9,1007.1,37.0,5.3,222.2,19.0,8.0
13.082,80.275,2021-10-02,30.1,43.3,31.1,25.5,77.4,1.0,100,8.33,20.4,8.5,89.2,1007.1,33.2,5.8,217.6,18.8,8.0
13.082,80.275,2021-10-03,29.6,43.9,30.6,25.5,79.5,3.126,100,8.33,18.3,6.4,95.9,1006.8,41.5,5.7,199.6,17.2,8.0
13.082,80.275,2021-10-04,29.9,43.5,31.0,25.7,78.8,0.0,0,0.0,16.5,6.3,85.6,1006.1,33.2,6.0,239.0,20.7,8.0
13.082,80.275,2021-10-05,26.6,35.7,25.0,25.3,92.7,44.792,100,25.0,14.6,5.3,327.3,1005.7,51.9,3.4,118.5,10.1,6.0
13.082,80.275,2021-10-06,28.7,42.1,25.6,25.4,83.3,8.184,100,4.17,14.7,6.0,183.8,1004.7,49.0,5.1,200.3,17.3,8.0
13.082,80.275,2021-10-07,29.7,43.8,26.1,26.0,81.1,29.392,100,8.33,18.1,8.1,180.2,1005.5,49.4,5.3,236.5,20.3,9.0
13.082,80.275,2021-10-08,29.5,39.3,29.7,24.9,77.3,0.0,0,0.0,18.2,6.9,259.0,1005.8,43.0,5.6,220.8,19.0,9.0
13.082,80.275,2021-10-09,30.2,41.8,26.6,24.3,72.0,7.44,100,4.17,18.3,9.4,285.7,1006.4,38.7,5.7,225.0,19.5,8.0
13.082,80.275,2021-10-10,29.1,41.9,26.1,24.9,79.0,21.512,100,4.17,29.5,7.0,288.0,1006.2,54.6,5.0,150.6,13.0,5.0
13.082,80.275,2021-10-11,29.1,44.2,26.4,25.2,80.0,0.521,100,4.17,11.3,6.6,279.5,1005.0,53.9,4.4,160.7,13.9,6.0
13.082,80.275,2021-10-12,29.3,40.9,26.4,24.0,74.3,0.128,100,4.17,20.5,9.2,276.5,1005.0,47.7,5.5,140.0,12.1,5.0
13.082,80.275,2021-10-13,28.6,42.0,25.6,24.0,77.5,3.595,100,8.33,20.4,8.6,283.9,1004.7,42.9,4.9,223.9,19.5,9.0
13.082,80.275,2021-10-14,29.8,43.7,25.7,25.4,78.5,0.0,0,0.0,14.8,6.9,260.7,1003.9,40.5,5.5,233.9,20.2,9.0
13.082,80.275,2021-10-15,29.5,43.3,30.1,24.8,76.8,0.223,100,4.17,20.3,6.1,260.7,1001.7,48.0,4.6,220.5,19.0,9.0
13.082,80.275,2021-10-16,29.3,41.0,31.5,25.7,81.2,0.0,0,0.0,11.2,6.5,211.6,1001.9,45.1,4.9,201.1,17.4,8.0
13.082,80.275,2021-10-17,29.8,43.4,26.2,25.0,75.7,0.372,100,4.17,14.8,5.4,241.6,1003.0,43.3,5.3,220.5,19.1,8.0
13.082,80.275,2021-10-18,30.2,42.1,32.1,25.1,74.9,0.0,0,0.0,14.7,5.5,269.3,1005.5,53.2,4.6,141.9,12.3,6.0
13.082,80.275,2021-10-19,30.4,44.6,29.8,25.7,76.9,3.072,100,4.17,18.2,6.2,264.6,1008.3,39.9,4.9,223.1,19.2,9.0
13.082,80.275,2021-10-20,30.2,42.1,32.0,25.8,78.2,0.0,0,0.0,14.6,4.8,156.2,1010.2,38.1,5.4,233.7,20.2,8.0
13.082,80.275,2021-10-21,29.8,42.0,26.7,25.4,78.2,0.0,0,0.0,11.1,4.3,184.9,1010.8,40.8,4.2,211.2,18.1,8.0
13.082,80.275,2021-10-22,29.9,40.8,26.2,25.0,76.0,2.232,100,4.17,12.8,5.8,139.6,1011.2,29.6,5.1,209.4,18.1,8.0
13.082,80.275,2021-10-23,29.9,42.2,31.1,25.4,77.6,0.0,0,0.0,11.0,4.5,194.8,1011.6,39.0,5.3,205.4,17.8,7.0
13.082,80.275,2021-10-24,28.4,39.4,26.0,25.0,82.8,10.744,100,4.17,22.3,4.7,39.5,1011.3,46.8,4.7,175.3,15.3,7.0
13.082,80.275,2021-10-25,28.7,39.2,25.1,24.4,78.8,8.928,100,4.17,18.4,7.3,30.3,1010.2,43.8,5.2,205.6,17.7,7.0
13.082,80.275,2021-10-26,28.7,38.2,26.0,24.2,77.6,2.816,100,4.17,18.4,5.3,60.8,1009.2,45.5,4.4,209.3,18.2,8.0
13.082,80.275,2021-10-27,29.0,38.8,26.0,24.0,75.3,0.0,0,0.0,22.1,8.5,37.2,1009.2,40.4,4.6,209.2,18.0,7.0
13.082,80.275,2021-10-28,27.5,34.0,26.4,23.7,79.8,1.59,100,4.17,22.1,7.7,10.6,1009.4,57.0,3.7,113.2,9.9,4.0
13.082,80.275,2021-10-29,26.7,37.5,25.0,24.8,89.3,17.744,100,12.5,14.8,4.9,9.6,1010.4,56.3,3.6,114.2,9.9,6.0
13.082,80.275,2021-10-30,27.5,37.7,24.7,25.0,86.9,38.576,100,20.83,12.9,5.9,33.8,1011.4,49.5,4.2,163.4,14.0,6.0
13.082,80.275,2021-10-31,28.0,40.6,25.6,25.4,86.6,18.512,100,16.67,18.2,7.1,54.8,1010.7,58.2,4.4,187.4,16.1,6.0
13.082,80.275,2021-11-01,26.9,37.4,25.6,25.1,90.1,35.201,100,20.83,18.4,4.9,44.9,1010.2,56.5,3.9,88.4,7.6,3.0
13.082,80.275,2021-11-02,26.7,34.6,25.0,25.1,91.4,33.048,100,20.83,14.7,4.6,69.3,1010.3,59.6,3.8,122.6,10.6,5.0
13.082,80.275,2021-11-03,26.9,35.1,24.7,25.0,89.9,24.725,100,12.5,18.4,4.4,59.9,1010.2,56.7,3.9,90.1,7.9,4.0
13.082,80.275,2021-11-04,25.9,32.7,24.8,24.5,92.0,25.668,100,16.67,12.8,3.3,9.2,1009.9,54.6,3.5,88.8,7.8,3.0
13.082,80.275,2021-11-05,27.3,38.0,24.6,24.6,86.1,33.0,100,4.17,16.5,6.1,5.3,1008.8,36.0,4.9,153.9,13.3,7.0
13.082,80.275,2021-11-06,25.9,34.5,24.8,24.7,93.4,32.624,100,16.67,14.8,5.3,17.5,1008.0,57.8,3.8,115.4,10.1,4.0
13.082,80.275,2021-11-07,25.3,26.0,24.5,24.6,95.7,251.321,100,29.17,22.0,7.1,15.1,1007.6,60.6,2.5,59.7,5.3,4.0
13.082,80.275,2021-11-08,25.4,30.6,23.5,24.2,93.2,41.488,100,29.17,9.3,4.1,358.9,1009.0,61.9,2.4,55.4,4.8,2.0
13.082,80.275,2021-11-09,25.5,30.1,24.4,23.7,89.9,36.528,100,16.67,11.2,7.1,10.4,1009.0,63.1,2.9,83.2,7.1,3.0
13.082,80.275,2021-11-10,23.7,26.0,22.5,22.4,92.4,72.184,100,29.17,18.2,11.8,343.9,1007.8,63.7,2.6,49.5,4.3,2.0
13.082,80.275,2021-11-11,24.0,30.4,22.2,23.0,94.3,216.633,100,25.0,46.0,23.8,359.7,1001.1,62.3,2.6,42.7,3.7,2.0
13.082,80.275,2021-11-12,26.6,37.7,23.4,23.9,85.9,0.0,0,0.0,16.5,4.5,148.8,1005.5,51.0,5.0,160.5,13.9,6.0
13.082,80.275,2021-11-13,27.6,36.2,24.9,24.6,84.1,1.488,100,4.17,11.0,3.0,162.7,1007.2,44.8,4.4,166.5,14.3,6.0
13.082,80.275,2021-11-14,28.0,38.1,25.3,25.3,85.8,0.0,0,0.0,12.9,3.8,132.6,1007.4,34.5,5.0,143.0,12.3,5.0
13.082,80.275,2021-11-15,26.9,33.4,25.7,25.1,90.5,0.304,100,12.5,7.6,2.4,17.9,1006.5,50.4,3.7,135.3,11.6,6.0
13.082,80.275,2021-11-16,27.9,37.8,25.0,24.9,84.4,0.0,0,0.0,14.8,4.4,104.3,1006.7,35.3,4.8,182.9,15.6,7.0
13.082,80.275,2021-11-17,27.1,39.1,25.0,25.4,90.5,15.55,100,16.67,18.4,5.5,56.0,1008.3,43.2,3.9,75.8,6.7,4.0
13.082,80.275,2021-11-18,26.6,33.6,25.0,25.5,93.8,56.024,100,25.0,22.3,14.1,45.3,1004.2,59.6,3.3,51.6,4.3,2.0
13.082,80.275,2021-11-19,26.6,33.5,25.6,24.8,90.3,11.092,100,12.5,25.9,14.2,136.6,1002.6,55.3,3.3,145.0,12.4,7.0
13.082,80.275,2021-11-20,27.0,35.5,25.4,25.0,89.1,12.396,100,12.5,14.7,7.4,158.0,1005.6,57.5,3.7,138.8,12.0,5.0
13.082,80.275,2021-11-21,27.6,38.1,24.3,24.8,85.1,0.372,100,4.17,13.0,3.5,62.0,1008.3,40.0,4.8,178.1,15.4,7.0
13.082,80.275,2021-11-22,27.5,37.7,24.7,25.3,88.2,27.252,100,12.5,16.5,4.8,33.8,1009.9,42.9,4.8,125.0,10.8,4.0
13.082,80.275,2021-11-23,28.4,39.2,25.5,25.1,83.1,2.976,100,4.17,18.3,6.1,60.9,1009.5,37.2,5.5,202.7,17.6,7.0
13.082,80.275,2021-11-24,28.4,37.9,25.4,25.0,82.6,0.0,0,0.0,20.5,6.9,60.9,1009.6,40.2,5.6,204.2,17.5,7.0
13.082,80.275,2021-11-25,27.9,38.3,24.2,25.2,85.9,50.28,100,20.83,22.3,9.8,41.6,1009.4,52.6,4.2,136.8,11.9,6.0
13.082,80.275,2021-11-26,26.3,33.5,25.3,25.7,96.5,82.808,100,29.17,18.2,6.2,37.1,1009.8,60.5,2.8,106.3,9.2,5.0
13.082,80.275,2021-11-27,25.9,35.5,23.7,24.7,93.3,109.576,100,25.0,18.4,9.0,26.5,1010.1,58.6,3.2,88.7,7.7,3.0
13.082,80.275,2021-11-28,25.6,35.5,23.0,24.5,94.0,34.264,100,20.83,24.0,5.3,89.1,1010.9,53.5,3.3,68.7,5.9,3.0
13.082,80.275,2021-11-29,25.9,34.4,24.4,25.0,94.7,15.048,100,16.67,9.3,3.7,349.6,1011.6,56.8,3.2,113.1,9.6,5.0
13.082,80.275,2021-11-30,28.0,40.6,25.4,26.0,89.2,0.823,100,8.33,24.0,7.8,83.3,1011.6,38.4,5.1,139.0,12.1,5.0
13.082,80.275,2021-12-01,27.9,37.7,25.6,24.8,84.0,0.0,0,0.0,24.0,8.8,68.7,1011.1,41.2,4.6,199.2,17.2,8.0
13.082,80.275,2021-12-02,27.7,33.7,25.0,22.7,75.8,0.0,0,0.0,33.8,8.5,37.0,1010.9,31.0,5.6,210.3,18.2,8.0
13.082,80.275,2021-12-03,27.4,36.5,24.0,23.8,81.8,0.0,0,0.0,18.2,6.0,20.3,1010.6,29.1,5.5,156.9,13.6,7.0
13.082,80.275,2021-12-04,27.6,42.1,23.6,22.9,77.6,0.0,0,0.0,9.3,3.5,13.2,1010.7,16.6,5.1,231.2,20.1,8.0
13.082,80.275,2021-12-05,28.1,40.6,24.4,24.8,83.3,0.0,0,0.0,11.1,4.1,155.3,1010.6,19.7,4.4,208.8,18.0,8.0
13.082,80.275,2021-12-06,28.2,39.0,25.9,25.8,87.3,1.488,100,4.17,14.8,3.2,135.0,1010.7,32.2,3.8,181.2,15.7,7.0
13.082,80.275,2021-12-07,27.9,36.8,25.0,24.7,84.0,0.0,0,0.0,14.7,5.2,42.0,1011.3,29.9,4.8,207.5,18.0,8.0
13.082,80.275,2021-12-08,28.2,37.9,25.2,25.3,85.1,0.0,0,0.0,18.4,6.6,66.2,1011.2,27.3,4.4,184.2,15.9,7.0
13.082,80.275,2021-12-09,28.4,37.6,25.4,24.6,80.7,1.488,100,4.17,14.6,7.0,72.1,1012.4,34.3,6.0,180.2,15.8,7.0
13.082,80.275,2021-12-10,27.5,36.7,25.0,24.4,83.6,0.0,0,0.0,24.7,9.2,41.7,1013.1,32.4,5.1,171.9,14.9,6.0
13.082,80.275,2021-12-11,27.8,36.5,25.0,24.6,83.7,3.768,100,8.33,22.1,10.5,33.0,1012.6,34.7,5.9,137.2,11.8,5.0
13.082,80.275,2021-12-12,27.2,37.7,24.8,24.8,87.5,18.185,100,16.67,21.0,9.5,42.1,1012.5,45.0,5.2,153.8,13.2,6.0
13.082,80.275,2021-12-13,27.7,37.6,25.3,24.7,84.4,2.309,100,8.33,23.5,9.3,65.8,1011.5,40.9,4.6,160.8,13.8,6.0
13.082,80.275,2021-12-14,27.5,35.4,25.0,23.3,79.0,0.0,0,0.0,23.8,11.9,44.1,1011.3,35.1,5.5,162.1,14.1,6.0
13.082,80.275,2021-12-15,27.4,33.3,25.0,21.9,72.5,0.0,0,0.0,22.0,10.7,32.1,1012.0,30.7,5.6,176.4,15.3,7.0
13.082,80.275,2021-12-16,26.3,32.5,23.4,21.3,75.4,0.0,0,0.0,17.4,8.4,30.1,1011.5,30.9,4.7,214.8,18.7,8.0
13.082,80.275,2021-12-17,25.8,31.6,23.0,21.3,77.3,0.0,0,0.0,16.1,7.5,11.4,1013.4,31.6,4.3,193.2,16.9,7.0
13.082,80.275,2021-12-18,25.6,31.7,22.9,21.0,77.0,0.0,0,0.0,17.4,8.0,17.4,1012.8,24.1,4.1,181.4,15.7,7.0
13.082,80.275,2021-12-19,25.2,30.8,21.0,19.6,72.8,0.0,0,0.0,18.4,7.6,31.4,1013.7,22.6,4.7,170.3,14.6,6.0
13.082,80.275,2021-12-20,25.6,34.5,22.0,21.7,80.2,0.0,0,0.0,16.4,6.9,5.2,1013.8,29.1,4.2,158.3,13.8,6.0
13.082,80.275,2021-12-21,26.6,35.7,21.9,22.0,77.4,0.0,0,0.0,18.1,7.2,48.6,1014.0,25.2,4.4,178.5,15.3,7.0
13.082,80.275,2021-12-22,25.3,31.3,21.0,20.3,76.3,0.0,0,0.0,16.8,5.8,102.5,1012.9,17.4,3.6,233.3,20.2,8.0
13.082,80.275,2021-12-23,24.3,31.3,19.6,19.1,75.5,0.0,0,0.0,16.9,6.5,75.2,1012.5,18.2,4.6,237.3,20.5,8.0
13.082,80.275,2021-12-24,24.9,33.1,20.3,20.3,77.6,0.0,0,0.0,12.3,6.3,97.4,1012.4,17.9,4.8,216.8,18.7,7.0
13.082,80.275,2021-12-25,25.1,32.5,20.8,20.8,78.5,0.0,0,0.0,15.0,6.1,95.6,1000.9,15.7,5.1,230.4,19.8,8.0
13.082,80.275,2021-12-26,25.5,32.0,21.4,21.1,78.9,0.0,0,0.0,14.6,6.1,94.1,1014.0,14.6,4.8,215.9,18.6,8.0
13.082,80.275,2021-12-27,26.3,33.7,22.0,21.6,77.6,0.0,0,0.0,15.5,6.4,75.4,1014.4,18.7,5.4,194.6,16.8,7.0
13.082,80.275,2021-12-28,26.3,34.1,24.0,23.4,84.9,0.721,100,4.17,18.2,7.6,43.9,1013.2,34.6,5.3,166.8,14.5,6.0
13.082,80.275,2021-12-29,26.7,35.4,23.2,22.5,79.4,0.0,0,0.0,20.8,8.2,51.4,1012.5,26.3,5.3,201.6,17.3,8.0
13.082,80.275,2021-12-30,25.1,34.1,22.8,23.7,92.1,181.225,100,16.67,22.0,8.5,40.0,1013.6,47.7,3.4,138.8,12.0,5.0
13.082,80.275,2021-12-31,26.0,34.6,24.4,24.5,91.5,46.016,100,12.5,22.1,11.0,43.6,1014.1,60.7,3.8,123.0,10.7,5.0
13.082,80.275,2022-01-01,26.8,35.5,25.2,25.0,90.4,39.6,100,8.33,21.6,12.0,43.1,1014.5,47.9,4.9,139.5,11.9,6.0
13.082,80.275,2022-01-02,26.7,34.1,24.0,23.5,83.8,0.0,0,0.0,19.9,9.7,50.1,1013.6,34.0,5.1,180.1,15.6,6.0
13.082,80.275,2022-01-03,26.0,33.5,23.7,22.3,81.4,0.0,0,0.0,21.7,9.9,48.0,1013.2,25.1,4.8,201.1,17.4,7.0
13.082,80.275,2022-01-04,25.3,30.3,22.1,20.8,77.6,0.0,0,0.0,16.9,9.2,37.2,1013.5,25.3,5.0,204.9,17.7,8.0
13.082,80.275,2022-01-05,25.1,31.2,22.0,21.9,83.3,0.0,0,0.0,16.8,8.8,39.1,1013.5,21.9,4.7,189.0,16.3,7.0
13.082,80.275,2022-01-06,25.7,32.7,22.2,22.4,83.6,0.0,0,0.0,19.2,7.7,66.4,1012.8,22.7,5.3,187.8,16.1,7.0
13.082,80.275,2022-01-07,26.4,37.7,22.6,23.8,87.0,0.0,0,0.0,19.2,7.5,62.0,1013.1,33.1,5.0,183.1,15.8,6.0
13.082,80.275,2022-01-08,27.8,39.1,23.3,24.7,84.2,0.0,0,0.0,16.5,6.3,39.7,1013.5,26.8,6.2,182.2,15.7,6.0
13.082,80.275,2022-01-09,27.5,42.3,24.1,25.0,87.1,0.0,0,0.0,14.0,6.5,39.9,1011.9,28.8,5.6,209.3,18.1,7.0
13.082,80.275,2022-01-10,27.8,43.6,22.7,24.9,85.3,0.0,0,0.0,15.1,5.9,86.5,1012.0,21.3,5.3,219.2,18.9,8.0
13.082,80.275,2022-01-11,28.0,40.5,24.2,24.5,82.4,0.0,0,0.0,18.3,8.0,69.1,1011.8,27.1,6.1,179.6,15.7,7.0
13.082,80.275,2022-01-12,27.5,38.7,23.9,23.9,81.2,0.0,0,0.0,22.0,10.3,84.2,1011.3,28.7,5.7,200.1,17.3,7.0
13.082,80.275,2022-01-13,28.2,37.7,24.9,24.5,81.3,0.0,0,0.0,20.9,11.0,140.3,1009.4,32.2,5.9,177.4,15.4,6.0
13.082,80.275,2022-01-14,27.9,39.1,25.0,24.7,83.6,2.232,100,4.17,21.6,9.1,123.9,1010.6,31.8,5.5,184.3,16.0,7.0
13.082,80.275,2022-01-15,27.5,38.8,24.6,24.5,84.3,0.0,0,0.0,22.6,9.8,59.9,1011.2,29.2,5.7,177.9,15.3,6.0
13.082,80.275,2022-01-16,27.6,37.7,25.0,24.0,81.5,0.0,0,0.0,23.9,11.3,58.6,1012.7,32.3,6.0,180.1,15.8,7.0
13.082,80.275,2022-01-17,24.1,26.0,22.5,22.9,92.8,32.833,100,20.83,14.7,8.1,333.9,1014.4,52.1,3.9,125.3,10.8,6.0
13.082,80.275,2022-01-18,25.3,33.6,21.8,22.4,84.8,0.0,0,0.0,20.5,7.7,55.6,1013.6,30.3,4.8,190.2,16.2,7.0
13.082,80.275,2022-01-19,25.7,34.1,22.4,21.5,78.9,0.0,0,0.0,14.1,6.5,46.8,1012.2,22.2,4.7,224.0,19.4,8.0
13.082,80.275,2022-01-20,25.6,34.5,21.2,21.4,78.7,0.0,0,0.0,14.8,6.5,163.1,1001.0,19.3,4.7,241.7,20.9,8.0
13.082,80.275,2022-01-21,26.5,39.2,21.6,22.4,79.5,0.0,0,0.0,17.9,8.4,258.4,1010.6,12.4,4.6,248.8,21.6,9.0
13.082,80.275,2022-01-22,27.3,40.6,23.2,24.2,84.0,0.0,0,0.0,20.6,12.1,220.9,1008.9,17.5,4.3,242.6,21.1,9.0
13.082,80.275,2022-01-23,28.0,40.6,24.3,24.7,83.2,0.0,0,0.0,19.7,12.2,251.8,1009.1,25.5,5.0,216.5,18.9,8.0
13.082,80.275,2022-01-24,26.4,35.7,24.0,23.7,85.5,4.608,100,4.17,22.5,10.0,250.5,1008.9,46.9,4.7,182.8,15.8,6.0
13.082,80.275,2022-01-25,27.1,39.0,23.2,23.7,82.5,0.0,0,0.0,22.7,9.9,178.5,1009.1,31.4,5.3,198.6,17.3,8.0
13.082,80.275,2022-01-26,27.1,36.7,23.7,23.3,80.5,0.102,100,4.17,19.6,10.4,46.8,1010.0,42.7,5.7,190.2,16.3,7.0
13.082,80.275,2022-01-27,27.2,36.5,23.2,22.6,76.9,0.0,0,0.0,18.8,9.8,43.7,1010.4,29.5,6.1,192.6,16.8,7.0
13.082,80.275,2022-01-28,27.3,34.2,25.0,22.4,75.4,0.1,100,4.17,27.7,16.6,16.3,1011.4,40.8,5.7,203.8,17.6,7.0
13.082,80.275,2022-01-29,26.5,32.7,24.8,22.8,80.8,0.0,0,0.0,22.8,14.0,350.9,1012.4,55.0,4.8,156.5,13.3,6.0
13.082,80.275,2022-01-30,26.6,35.1,24.0,22.9,81.0,0.0,0,0.0,18.0,9.5,22.1,1011.9,42.4,4.8,189.5,16.4,7.0
13.082,80.275,2022-01-31,26.5,37.6,23.0,22.9,81.4,0.0,0,0.0,20.7,8.3,88.3,1010.9,24.6,4.6,185.9,16.1,7.0
13.082,80.275,2022-02-01,26.2,36.5,22.3,22.2,79.8,0.0,0,0.0,16.5,6.6,41.6,1010.5,15.8,5.2,248.8,21.5,9.0
13.082,80.275,2022-02-02,25.8,35.4,21.2,21.4,78.2,0.0,0,0.0,16.4,7.6,54.9,1011.3,11.4,5.3,252.1,21.7,9.0
13.082,80.275,2022-02-03,25.8,34.5,20.9,21.3,77.3,0.0,0,0.0,19.5,8.8,280.1,1011.1,17.7,5.9,249.8,21.4,9.0
13.082,80.275,2022-02-04,27.3,40.5,22.6,22.9,77.6,0.0,0,0.0,20.0,10.3,68.4,1009.3,15.9,5.7,244.7,21.1,9.0
13.082,80.275,2022-02-05,27.7,37.8,24.0,24.0,80.8,0.0,0,0.0,20.7,10.0,58.5,1010.1,29.0,5.7,200.7,17.4,7.0
13.082,80.275,2022-02-06,27.2,34.2,24.0,22.9,78.1,0.0,0,0.0,20.1,10.5,70.0,1012.6,29.6,5.9,211.0,18.3,8.0
13.082,80.275,2022-02-07,26.8,35.7,23.0,22.1,76.8,0.0,0,0.0,19.8,10.8,59.8,1013.1,21.7,5.7,254.9,22.1,9.0
13.082,80.275,2022-02-08,26.8,34.9,22.4,20.8,71.7,0.0,0,0.0,20.3,11.9,28.2,1012.0,18.1,6.1,249.3,21.6,9.0
13.082,80.275,2022-02-09,26.4,33.3,23.4,21.1,73.3,0.0,0,0.0,22.8,12.9,39.2,1012.1,38.3,5.9,250.2,21.6,9.0
13.082,80.275,2022-02-10,26.7,34.5,22.3,21.1,72.2,0.0,0,0.0,20.6,10.4,17.0,1011.2,25.6,5.5,223.2,19.1,8.0
13.082,80.275,2022-02-11,27.0,36.6,23.4,22.2,75.5,0.0,0,0.0,23.3,12.2,20.6,1011.1,28.4,5.8,217.5,18.8,7.0
13.082,80.275,2022-02-12,27.1,36.5,23.0,22.1,75.3,0.0,0,0.0,25.4,14.0,23.5,1010.8,28.8,5.8,246.3,21.3,8.0
13.082,80.275,2022-02-13,26.6,34.2,23.0,21.9,76.4,0.0,0,0.0,21.2,9.7,49.6,1010.1,23.8,5.7,232.7,20.2,8.0
13.082,80.275,2022-02-14,26.6,32.7,23.8,22.1,77.1,0.0,0,0.0,22.7,11.6,54.1,1009.9,36.5,5.5,192.4,16.7,7.0
13.082,80.275,2022-02-15,26.4,32.5,23.0,20.6,71.2,0.0,0,0.0,21.8,11.9,45.7,1005.5,23.0,5.9,239.4,20.7,8.0
13.082,80.275,2022-02-16,26.2,33.3,22.8,20.9,73.6,0.0,0,0.0,19.3,10.7,21.6,1001.9,19.7,6.0,267.6,23.1,9.0
13.082,80.275,2022-02-17,26.5,34.5,22.7,21.3,74.0,0.0,0,0.0,15.8,9.4,27.8,1007.6,24.9,5.9,251.2,21.6,9.0
13.082,80.275,2022-02-18,27.0,35.5,24.0,21.8,73.9,0.0,0,0.0,18.4,11.5,61.3,1009.1,31.3,6.1,246.5,21.3,9.0
13.082,80.275,2022-02-19,27.2,35.5,23.9,22.3,75.6,0.0,0,0.0,18.5,7.7,43.2,1011.2,26.5,5.4,245.9,21.2,8.0
13.082,80.275,2022-02-20,27.5,37.0,23.1,22.6,76.0,0.0,0,0.0,15.1,7.6,3.5,1010.3,12.7,5.0,272.6,23.4,9.0
13.082,80.275,2022-02-21,28.1,43.6,23.6,23.9,79.5,0.0,0,0.0,18.4,9.4,260.7,1008.9,11.4,5.8,275.1,23.6,9.0
13.082,80.275,2022-02-22,28.2,40.5,24.2,24.4,80.9,0.0,0,0.0,14.2,7.7,37.6,1010.9,20.1,5.9,251.2,21.8,9.0
13.082,80.275,2022-02-23,28.0,39.2,24.6,23.2,75.7,0.0,0,0.0,20.3,11.2,53.9,1013.5,23.2,5.9,262.7,22.7,9.0
13.082,80.275,2022-02-24,27.2,35.7,23.9,22.3,75.7,0.0,0,0.0,17.1,9.0,49.1,1014.4,23.8,6.2,267.8,23.1,9.0
13.082,80.275,2022-02-25,26.7,34.5,22.6,21.4,73.7,0.0,0,0.0,16.4,8.4,54.0,1008.9,18.9,6.2,272.9,23.5,9.0
13.082,80.275,2022-02-26,27.0,36.6,23.0,22.3,75.8,0.0,0,0.0,20.7,9.0,84.7,1013.5,29.4,6.1,198.7,17.2,7.0
13.082,80.275,2022-02-27,27.8,38.0,23.9,22.3,73.1,0.0,0,0.0,20.6,9.5,80.0,1013.4,23.7,5.4,271.7,23.5,9.0
13.082,80.275,2022-02-28,27.5,39.1,23.8,22.8,76.0,0.0,0,0.0,20.7,10.1,39.1,1012.9,15.5,6.1,281.8,24.3,10.0
13.082,80.275,2022-03-01,27.8,36.9,22.1,20.9,70.3,0.0,0,0.0,20.8,7.9,37.6,1012.7,14.2,5.9,286.5,24.8,10.0
13.082,80.275,2022-03-02,27.3,38.0,22.3,22.3,75.6,0.0,0,0.0,18.4,8.4,35.2,1012.0,32.9,5.4,275.4,23.7,9.0
13.082,80.275,2022-03-03,27.7,37.9,24.0,23.5,79.1,0.0,0,0.0,22.0,12.7,21.7,1011.5,35.7,4.9,237.4,20.4,9.0
13.082,80.275,2022-03-04,28.1,38.0,24.9,22.9,74.0,0.0,0,0.0,19.9,12.7,39.2,1011.0,39.5,5.1,217.5,18.7,8.0
13.082,80.275,2022-03-05,28.2,36.8,25.3,22.4,71.7,0.0,0,0.0,21.2,13.0,16.2,1010.6,33.9,5.5,239.7,20.7,9.0
13.082,80.275,2022-03-06,28.0,35.4,25.0,20.7,65.4,0.2,100,4.17,25.2,16.3,48.3,1006.9,46.7,5.7,201.9,17.5,8.0
13.082,80.275,2022-03-07,29.0,38.0,26.4,22.9,70.0,0.0,0,0.0,26.2,15.0,41.5,1010.8,46.5,6.0,245.3,21.2,9.0
13.082,80.275,2022-03-08,28.2,38.0,24.0,23.3,76.4,0.0,0,0.0,17.4,7.8,45.3,1010.9,18.6,5.4,282.3,24.4,10.0
13.082,80.275,2022-03-09,28.4,37.6,24.0,22.5,73.0,0.0,0,0.0,17.0,7.0,75.8,1010.3,15.7,5.3,285.7,24.8,10.0
13.082,80.275,2022-03-10,28.1,38.0,24.0,22.7,74.5,0.0,0,0.0,15.0,7.0,49.9,1010.0,17.3,5.6,284.3,24.7,10.0
13.082,80.275,2022-03-11,28.0,38.0,23.8,22.9,75.7,0.0,0,0.0,17.3,7.8,47.2,1009.6,18.3,5.4,283.1,24.6,10.0
13.082,80.275,2022-03-12,28.4,36.9,24.0,22.1,71.8,0.0,0,0.0,18.3,7.7,31.2,1009.1,11.7,5.9,280.5,24.3,10.0
13.082,80.275,2022-03-13,28.7,36.6,23.9,21.8,69.2,0.0,0,0.0,14.8,8.2,78.2,1009.4,19.8,6.1,279.6,24.0,10.0
13.082,80.275,2022-03-14,28.8,39.4,24.2,22.5,70.9,0.0,0,0.0,15.1,7.0,84.7,1009.6,11.9,5.9,291.3,25.2,10.0
13.082,80.275,2022-03-15,29.1,39.4,24.6,22.6,71.0,0.0,0,0.0,15.1,7.4,91.9,1008.4,16.9,5.4,283.8,24.5,10.0
13.082,80.275,2022-03-16,29.2,44.4,24.0,22.5,69.6,0.0,0,0.0,23.4,7.9,268.3,1007.2,19.2,5.3,292.2,25.1,10.0
13.082,80.275,2022-03-17,29.8,41.9,24.5,22.4,66.6,0.0,0,0.0,17.9,9.1,250.0,1006.6,20.3,5.5,294.8,25.6,10.0
13.082,80.275,2022-03-18,29.1,46.8,24.9,24.5,77.6,0.0,0,0.0,18.7,9.9,248.1,1006.6,21.0,5.9,283.4,24.6,10.0
13.082,80.275,2022-03-19,29.8,43.6,26.1,26.1,81.6,0.0,0,0.0,19.0,11.7,183.4,1006.4,25.7,5.5,262.4,22.7,9.0
13.082,80.275,2022-03-20,30.4,44.7,32.9,26.6,81.3,0.0,0,0.0,18.4,9.2,260.9,1005.9,34.5,4.9,251.8,21.9,9.0
13.082,80.275,2022-03-21,31.7,53.0,33.7,27.1,78.1,0.0,0,0.0,17.3,8.1,200.1,1006.2,35.8,4.7,263.1,22.7,9.0
13.082,80.275,2022-03-22,31.9,49.3,32.6,26.1,73.0,0.0,0,0.0,18.0,9.1,217.2,1006.5,29.1,5.9,264.3,22.9,9.0
13.082,80.275,2022-03-23,31.0,50.8,34.1,27.5,82.0,0.0,0,0.0,18.0,11.3,218.1,1006.6,32.7,5.2,261.5,22.6,9.0
13.082,80.275,2022-03-24,30.6,48.5,34.1,26.8,81.4,0.0,0,0.0,21.9,11.5,179.2,1007.3,28.0,5.7,246.3,21.3,9.0
13.082,80.275,2022-03-25,30.3,47.1,33.2,26.8,82.1,0.0,0,0.0,20.8,11.7,213.1,1004.7,28.5,5.8,245.3,21.1,9.0
13.082,80.275,2022-03-26,30.4,49.3,30.8,26.6,80.9,0.0,0,0.0,20.4,11.7,267.5,1006.2,27.0,5.9,238.2,20.5,8.0
13.082,80.275,2022-03-27,30.7,48.8,33.4,26.9,81.3,0.0,0,0.0,24.3,14.1,235.5,1010.1,28.5,5.8,273.9,23.7,10.0
13.082,80.275,2022-03-28,30.5,48.8,33.0,26.8,81.1,0.0,0,0.0,23.0,14.1,246.6,1009.5,23.8,5.8,260.9,22.7,9.0
13.082,80.275,2022-03-29,30.7,51.6,34.1,26.9,81.3,0.0,0,0.0,25.4,15.9,245.0,1008.3,22.2,6.5,285.7,24.6,10.0
13.082,80.275,2022-03-30,31.3,51.4,35.1,27.2,79.7,0.0,0,0.0,24.3,14.0,230.3,1007.9,23.9,6.4,288.2,24.7,10.0
13.082,80.275,2022-03-31,31.3,50.2,34.6,26.8,77.9,0.0,0,0.0,24.3,15.1,233.1,1008.1,19.3,6.1,292.8,25.3,10.0
13.082,80.275,2022-04-01,30.8,50.2,34.6,26.7,79.5,0.0,0,0.0,27.2,13.3,235.3,1008.7,23.2,6.2,258.4,22.4,8.0
13.082,80.275,2022-04-02,30.7,48.6,33.6,26.7,80.3,0.0,0,0.0,23.0,12.3,223.1,1009.9,22.0,6.3,284.9,24.7,10.0
13.082,80.275,2022-04-03,30.5,46.8,31.3,26.4,80.0,0.0,0,0.0,19.7,11.4,227.4,1005.2,22.3,6.3,276.4,24.0,10.0
13.082,80.275,2022-04-04,30.3,47.3,33.4,26.7,81.5,0.0,0,0.0,19.8,12.2,231.4,1010.0,24.2,6.5,289.9,25.1,10.0
13.082,80.275,2022-04-05,30.4,48.5,31.1,26.3,79.4,0.0,0,0.0,21.1,11.1,171.7,1011.7,19.8,6.5,280.5,24.1,10.0
13.082,80.275,2022-04-06,30.3,45.4,30.5,26.2,79.4,0.0,0,0.0,20.3,10.0,149.9,1011.6,20.3,6.1,278.7,24.1,9.0
13.082,80.275,2022-04-07,30.7,46.8,33.4,26.4,78.6,0.0,0,0.0,17.3,9.3,163.3,1010.4,21.9,6.0,277.6,24.0,10.0
13.082,80.275,2022-04-08,31.0,43.6,32.6,26.0,75.8,0.0,0,0.0,19.3,9.0,126.5,1009.8,24.7,6.4,276.5,23.8,10.0
13.082,80.275,2022-04-09,30.8,45.4,34.4,26.6,78.8,0.1,100,4.17,18.4,9.0,93.7,1008.6,33.7,6.2,256.4,22.1,9.0
13.082,80.275,2022-04-10,31.0,46.8,34.4,26.7,78.5,0.0,0,0.0,18.4,9.3,34.6,1008.0,34.0,6.4,219.7,19.0,7.0
13.082,80.275,2022-04-11,31.0,45.4,35.0,26.5,77.6,0.0,0,0.0,14.8,9.5,67.2,1007.5,31.4,6.6,184.9,16.0,7.0
13.082,80.275,2022-04-12,30.9,47.1,33.3,26.9,79.7,0.0,0,0.0,17.1,7.9,83.6,1006.8,32.0,6.1,239.2,20.5,8.0
13.082,80.275,2022-04-13,30.9,48.0,34.2,27.2,80.8,0.0,0,0.0,15.5,9.2,151.5,1006.3,40.0,5.9,234.3,20.3,8.0
13.082,80.275,2022-04-14,31.3,52.5,34.6,26.9,78.2,0.0,0,0.0,22.6,11.7,212.7,1006.6,30.0,6.2,269.9,23.3,9.0
13.082,80.275,2022-04-15,31.7,53.9,35.1,27.2,77.6,0.0,0,0.0,21.3,15.1,243.1,1006.1,28.2,6.7,258.2,22.4,9.0
13.082,80.275,2022-04-16,31.8,52.5,36.9,27.7,79.8,0.0,0,0.0,23.1,12.8,223.0,996.0,34.1,6.5,276.4,23.9,9.0
13.082,80.275,2022-04-17,31.3,48.8,34.6,26.7,77.2,0.0,0,0.0,21.1,12.7,240.9,1006.0,34.4,6.0,246.9,21.4,8.0
13.082,80.275,2022-04-18,31.6,51.1,34.6,27.0,77.0,0.0,0,0.0,18.8,10.6,165.3,1007.9,27.9,6.5,278.2,24.0,9.0
13.082,80.275,2022-04-19,31.6,52.5,34.2,27.2,78.5,0.0,0,0.0,17.3,10.0,193.2,1009.0,20.6,6.6,291.9,25.4,10.0
13.082,80.275,2022-04-20,31.4,52.5,36.6,27.7,81.2,0.0,0,0.0,17.1,10.1,198.2,1007.4,23.0,6.2,274.6,23.8,9.0
13.082,80.275,2022-04-21,31.3,48.8,34.9,26.7,77.5,0.0,0,0.0,22.0,11.3,182.0,1006.9,24.5,6.3,275.8,23.9,9.0
13.082,80.275,2022-04-22,31.0,44.8,32.5,26.2,76.3,0.0,0,0.0,19.7,9.4,160.7,1008.2,20.6,6.6,289.1,25.1,10.0
13.082,80.275,2022-04-23,31.5,48.5,33.5,26.7,76.9,0.0,0,0.0,19.8,11.2,105.7,1008.7,29.8,6.6,255.3,22.0,9.0
13.082,80.275,2022-04-24,31.5,50.2,35.5,26.9,77.2,0.0,0,0.0,19.7,9.7,222.8,1007.4,22.3,6.6,297.1,25.8,10.0
13.082,80.275,2022-04-25,31.5,50.6,33.6,26.8,77.1,0.0,0,0.0,23.9,12.2,242.4,1006.6,24.0,6.4,291.7,25.3,10.0
13.082,80.275,2022-04-26,31.7,50.3,34.5,26.8,76.6,0.0,0,0.0,24.1,14.2,206.9,1006.9,15.2,6.6,292.4,25.3,10.0
13.082,80.275,2022-04-27,31.5,53.5,34.5,27.3,79.3,0.0,0,0.0,21.4,11.9,262.9,1006.7,24.9,6.5,296.4,25.7,10.0
13.082,80.275,2022-04-28,31.6,51.3,34.1,26.8,77.4,0.0,0,0.0,24.3,11.1,213.0,1007.5,20.4,6.4,297.8,25.7,10.0
13.082,80.275,2022-04-29,31.8,53.6,36.8,27.9,80.4,0.0,0,0.0,19.9,12.0,246.8,1007.2,23.1,6.2,301.7,26.2,10.0
13.082,80.275,2022-04-30,32.4,58.0,36.8,28.1,79.1,0.0,0,0.0,21.3,11.0,235.7,1005.6,19.4,6.0,305.1,26.5,10.0
13.082,80.275,2022-05-01,32.4,60.3,39.0,28.7,81.9,0.0,0,0.0,20.4,12.7,251.1,1004.5,25.4,5.9,298.8,26.0,10.0
13.082,80.275,2022-05-02,32.4,50.9,30.1,26.1,71.0,0.0,0,0.0,17.5,8.8,219.9,1004.4,19.9,5.7,294.7,25.5,10.0
13.082,80.275,2022-05-03,32.3,55.1,39.0,28.6,81.6,0.0,0,0.0,22.0,11.1,190.1,1005.5,25.3,5.8,273.2,23.8,9.0
13.082,80.275,2022-05-04,32.0,54.9,37.5,28.2,81.0,0.0,0,0.0,18.7,10.1,280.1,1006.8,31.7,5.4,244.4,21.1,9.0
13.082,80.275,2022-05-05,31.8,52.5,32.6,27.2,77.5,0.0,0,0.0,17.0,8.1,233.3,1006.2,25.1,5.7,276.8,23.8,10.0
13.082,80.275,2022-05-06,32.5,56.6,39.0,28.5,80.2,0.0,0,0.0,18.1,10.8,272.3,992.8,24.8,5.4,278.3,24.1,9.0
13.082,80.275,2022-05-07,31.8,53.0,32.0,27.1,76.9,0.0,0,0.0,20.5,7.7,76.3,1004.9,22.9,5.3,292.5,25.3,10.0
13.082,80.275,2022-05-08,32.0,53.7,36.6,28.1,80.4,0.0,0,0.0,17.4,7.8,37.8,1002.9,45.9,4.9,241.5,20.9,8.0
13.082,80.275,2022-05-09,31.6,45.4,36.2,27.0,77.3,0.0,0,0.0,15.5,8.6,301.7,1001.0,59.1,4.8,109.0,9.4,4.0
13.082,80.275,2022-05-10,28.8,51.3,25.0,25.7,83.5,27.687,100,16.67,26.1,12.9,311.9,1000.3,61.6,4.5,86.0,7.5,3.0
13.082,80.275,2022-05-11,31.4,56.0,30.5,26.9,77.3,3.13,100,4.17,21.3,13.9,296.0,1000.9,61.0,5.2,125.0,10.9,5.0
13.082,80.275,2022-05-12,28.7,44.2,25.1,24.6,79.2,5.744,100,8.33,22.7,13.7,243.8,1003.6,60.6,5.0,79.9,6.6,3.0
13.082,80.275,2022-05-13,29.9,48.2,25.4,26.3,82.2,0.446,100,4.17,19.8,10.4,255.5,1003.4,49.7,5.3,199.3,17.0,8.0
13.082,80.275,2022-05-14,30.9,51.4,33.3,26.9,80.2,0.128,100,4.17,17.4,9.4,262.4,1003.9,44.6,5.2,216.8,18.8,8.0
13.082,80.275,2022-05-15,30.9,52.3,31.7,27.3,81.7,0.154,100,4.17,20.8,11.7,287.4,1004.7,33.2,5.4,210.8,18.1,9.0
13.082,80.275,2022-05-16,29.7,49.4,26.4,26.7,84.9,0.0,0,0.0,17.5,9.9,291.9,1004.3,39.0,5.5,231.2,20.0,8.0
13.082,80.275,2022-05-17,30.3,49.4,32.6,27.6,85.9,0.0,0,0.0,21.3,8.7,197.9,1002.4,37.5,5.6,242.5,21.1,8.0
13.082,80.275,2022-05-18,31.0,47.3,35.4,27.6,82.4,0.0,0,0.0,25.7,13.7,223.4,1003.8,39.9,5.9,247.6,21.4,8.0
13.082,80.275,2022-05-19,31.9,45.0,34.4,26.2,72.7,0.0,0,0.0,26.3,15.0,247.9,1005.1,31.3,6.4,245.5,21.4,9.0
13.082,80.275,2022-05-20,31.9,45.9,31.0,24.8,67.4,2.0,100,4.17,22.1,13.2,281.6,1005.8,28.3,5.8,275.8,23.9,9.0
13.082,80.275,2022-05-21,32.1,43.3,31.9,24.0,63.7,0.372,100,4.17,22.0,13.3,290.7,1004.9,23.5,5.7,285.6,24.7,9.0
13.082,80.275,2022-05-22,32.8,47.0,34.1,24.4,61.8,0.0,0,0.0,22.0,14.5,284.8,1003.1,37.2,6.1,256.3,22.2,9.0
13.082,80.275,2022-05-23,33.1,49.3,33.5,25.3,64.2,0.0,0,0.0,27.7,13.3,253.6,1002.9,20.5,6.8,301.3,25.9,10.0
13.082,80.275,2022-05-24,33.7,52.2,37.5,27.0,69.2,0.0,0,0.0,21.1,13.1,258.5,1004.7,21.3,6.6,285.9,24.7,9.0
13.082,80.275,2022-05-25,32.6,53.0,37.7,26.7,72.2,0.0,0,0.0,16.6,10.8,272.2,1006.4,26.1,5.7,269.5,23.3,9.0
13.082,80.275,2022-05-26,31.5,52.8,32.7,26.3,74.9,0.0,0,0.0,24.4,14.1,280.1,1006.7,27.5,5.4,286.1,24.7,9.0
13.082,80.275,2022-05-27,32.2,48.4,32.7,25.9,71.4,0.0,0,0.0,19.3,12.7,279.9,1006.2,23.1,5.8,289.7,25.2,9.0
13.082,80.275,2022-05-28,32.9,50.3,32.7,25.9,68.2,0.0,0,0.0,22.3,11.8,253.5,1005.2,15.6,6.2,279.9,24.3,9.0
13.082,80.275,2022-05-29,33.0,51.6,36.2,26.5,70.5,0.0,0,0.0,23.6,14.6,262.6,1005.0,15.8,6.3,291.7,25.1,10.0
13.082,80.275,2022-05-30,32.8,52.8,35.7,27.0,72.9,0.0,0,0.0,18.8,11.7,242.2,1004.5,20.1,6.1,289.4,25.0,9.0
13.082,80.275,2022-05-31,32.9,52.5,35.5,26.9,71.8,0.0,0,0.0,22.8,14.5,286.1,1003.7,22.6,5.9,285.8,24.7,9.0
13.082,80.275,2022-06-01,33.4,53.9,35.5,26.8,69.7,0.0,0,0.0,21.6,12.7,266.7,1003.6,24.6,6.2,276.8,23.9,9.0
13.082,80.275,2022-06-02,33.6,53.9,38.1,27.1,70.0,0.0,0,0.0,22.3,11.2,242.8,1003.3,25.4,6.3,281.0,24.2,9.0
13.082,80.275,2022-06-03,33.0,51.8,36.2,26.4,69.1,0.0,0,0.0,20.4,13.9,297.9,1003.0,17.9,6.5,291.4,25.3,9.0
13.082,80.275,2022-06-04,32.3,49.0,36.6,26.6,73.2,0.0,0,0.0,23.1,13.0,264.0,1003.3,36.2,5.8,286.5,24.7,9.0
13.082,80.275,2022-06-05,32.8,56.5,38.9,28.2,77.6,0.0,0,0.0,22.4,14.9,255.3,1003.3,27.2,5.9,290.4,25.1,9.0
13.082,80.275,2022-06-06,30.9,47.3,31.6,25.8,75.2,0.256,100,4.17,19.2,13.2,274.0,1004.7,37.7,6.1,254.5,21.9,9.0
13.082,80.275,2022-06-07,32.1,49.8,30.1,25.3,68.4,0.0,0,0.0,20.6,13.8,256.2,1004.8,32.2,6.1,248.6,21.4,9.0
13.082,80.275,2022-06-08,33.5,56.8,36.8,26.5,68.2,0.0,0,0.0,24.9,14.9,261.6,1003.8,24.4,6.3,289.8,25.0,9.0
13.082,80.275,2022-06-09,33.2,57.8,36.9,26.7,70.3,0.0,0,0.0,24.8,13.2,262.0,1000.0,20.3,6.7,274.5,23.7,9.0
13.082,80.275,2022-06-10,33.4,48.8,35.6,26.1,68.0,0.0,0,0.0,20.3,13.0,245.0,1004.8,26.1,6.5,278.3,24.0,9.0
13.082,80.275,2022-06-11,32.2,44.7,34.3,25.4,69.3,0.0,0,0.0,19.5,13.1,259.9,1005.9,47.1,7.1,261.5,22.7,9.0
13.082,80.275,2022-06-12,32.8,48.7,35.0,25.9,69.1,0.0,0,0.0,21.3,13.7,257.2,1005.7,31.5,6.4,286.8,24.8,9.0
13.082,80.275,2022-06-13,31.8,44.7,31.5,25.2,69.4,0.0,0,0.0,25.9,12.3,322.3,1006.6,36.2,6.4,261.2,22.5,9.0
13.082,80.275,2022-06-14,32.5,48.2,35.7,26.6,72.5,0.0,0,0.0,20.9,13.6,284.9,1005.7,31.2,6.4,253.7,21.9,8.0
13.082,80.275,2022-06-15,31.2,45.4,29.4,24.8,70.4,0.0,0,0.0,18.5,11.4,259.9,1005.6,33.5,6.1,249.8,21.7,9.0
13.082,80.275,2022-06-16,31.4,46.8,30.5,26.2,75.2,0.0,0,0.0,22.9,13.2,349.7,1005.6,30.4,6.2,253.2,21.7,9.0
13.082,80.275,2022-06-17,31.1,45.4,34.8,26.3,76.4,0.0,0,0.0,23.4,11.6,260.8,997.6,33.3,5.8,227.6,19.9,7.0
13.082,80.275,2022-06-18,30.7,45.4,30.4,26.2,78.0,1.744,100,4.17,24.5,13.7,286.7,1005.9,43.1,5.9,225.5,19.4,8.0
13.082,80.275,2022-06-19,30.8,47.2,24.0,25.6,75.9,13.0,100,4.17,22.2,14.1,274.4,1005.9,35.7,6.1,243.0,21.1,8.0
13.082,80.275,2022-06-20,29.0,47.2,24.4,25.8,84.0,166.152,100,16.67,21.4,11.7,304.4,1005.3,47.5,4.9,252.2,21.8,9.0
13.082,80.275,2022-06-21,28.6,46.6,25.0,25.7,85.3,40.464,100,12.5,17.4,8.2,298.4,1004.4,54.9,5.1,211.7,18.3,7.0
13.082,80.275,2022-06-22,30.1,45.2,25.7,26.0,80.2,28.344,100,8.33,22.4,8.5,274.7,1005.5,46.4,5.7,200.6,17.3,8.0
13.082,80.275,2022-06-23,30.5,45.6,32.5,26.4,79.0,0.0,0,0.0,16.6,8.2,253.1,1003.3,48.9,5.8,225.5,19.4,8.0
13.082,80.275,2022-06-24,31.7,46.3,32.6,26.5,75.2,0.0,0,0.0,23.6,12.5,278.0,1005.1,31.8,6.1,256.5,22.2,9.0
13.082,80.275,2022-06-25,31.4,44.8,32.3,24.9,69.0,0.174,100,4.17,24.0,12.1,271.1,1003.1,48.4,5.7,226.4,19.2,8.0
13.082,80.275,2022-06-26,31.9,44.8,27.7,24.4,66.3,0.0,0,0.0,26.1,14.9,263.3,1003.8,37.7,6.1,245.9,21.2,8.0
13.082,80.275,2022-06-27,30.9,42.0,31.6,25.1,72.1,4.0,100,4.17,23.5,12.4,294.1,1005.5,40.6,6.0,208.1,17.9,8.0
13.082,80.275,2022-06-28,30.6,43.3,32.1,26.0,77.4,8.208,100,8.33,17.1,9.0,316.6,1005.6,38.2,5.8,243.5,20.8,8.0
13.082,80.275,2022-06-29,31.4,46.2,33.6,26.3,75.9,1.0,100,4.17,20.4,11.9,318.9,1003.8,34.1,6.0,253.9,21.9,9.0
13.082,80.275,2022-06-30,31.0,46.8,31.2,26.0,76.6,6.232,100,8.33,22.0,10.8,317.8,1003.3,38.8,5.9,229.7,19.9,8.0
13.082,80.275,2022-07-01,31.0,46.6,26.3,26.1,76.7,30.504,100,4.17,26.3,11.9,331.8,1003.4,39.0,5.9,242.3,20.9,9.0
13.082,80.275,2022-07-02,31.1,48.1,30.7,26.3,76.7,0.0,0,0.0,18.9,11.5,309.1,1003.4,37.5,6.6,243.0,21.0,8.0
13.082,80.275,2022-07-03,31.1,45.4,31.5,26.1,75.7,8.0,100,4.17,22.3,12.6,288.7,1002.8,46.6,6.7,222.2,19.3,8.0
13.082,80.275,2022-07-04,31.1,43.6,31.3,25.3,72.1,1.488,100,4.17,25.0,12.8,312.2,1003.2,37.0,6.4,197.4,17.2,7.0
13.082,80.275,2022-07-05,30.3,42.2,31.9,24.7,73.3,2.768,100,4.17,22.6,12.3,285.4,1000.9,51.5,5.9,100.5,8.8,4.0
13.082,80.275,2022-07-06,28.5,40.6,26.3,25.9,86.2,12.512,100,4.17,18.1,9.6,289.6,1004.6,55.5,5.1,88.1,7.6,3.0
13.082,80.275,2022-07-07,29.7,42.0,26.3,25.5,78.6,0.0,0,0.0,18.4,9.2,282.9,1006.2,54.8,5.3,132.6,11.6,5.0
13.082,80.275,2022-07-08,29.6,40.6,30.5,24.5,74.5,0.0,0,0.0,21.0,11.0,320.3,1005.4,53.2,5.8,95.4,8.3,5.0
13.082,80.275,2022-07-09,29.8,42.1,31.2,24.9,75.7,0.33,100,8.33,20.9,10.7,292.3,1003.3,57.4,5.7,205.1,17.6,8.0
13.082,80.275,2022-07-10,29.5,40.6,30.2,24.7,75.8,3.822,100,4.17,23.2,13.9,273.9,1003.8,57.7,5.6,152.0,12.9,5.0
13.082,80.275,2022-07-11,29.2,40.6,26.1,24.1,74.5,1.396,100,4.17,22.5,14.8,272.8,1005.9,55.3,5.0,124.7,10.8,4.0
13.082,80.275,2022-07-12,30.2,44.6,29.8,24.5,72.9,9.464,100,8.33,28.4,14.4,292.7,1005.1,50.0,5.6,217.5,18.8,8.0
13.082,80.275,2022-07-13,30.3,42.0,30.0,24.1,70.7,2.0,100,4.17,27.0,15.5,276.8,1003.2,53.9,5.5,188.5,16.2,7.0
13.082,80.275,2022-07-14,31.2,44.7,30.0,23.7,65.3,0.0,0,0.0,23.4,15.2,264.5,1002.4,46.1,5.9,223.1,19.3,7.0
13.082,80.275,2022-07-15,31.6,43.4,30.8,23.4,62.6,0.0,0,0.0,24.1,13.0,262.2,1003.5,42.1,6.5,208.3,18.1,7.0
13.082,80.275,2022-07-16,30.7,44.8,25.5,24.1,68.9,0.0,0,0.0,28.4,13.7,290.6,1004.5,47.0,6.0,200.8,17.5,7.0
13.082,80.275,2022-07-17,29.3,45.2,26.0,25.9,82.3,16.672,100,8.33,23.5,12.0,266.0,1005.0,52.1,5.5,158.7,13.5,6.0
13.082,80.275,2022-07-18,29.5,43.9,26.0,25.9,81.9,6.298,100,8.33,16.2,8.2,292.6,1005.9,53.7,5.3,134.0,11.5,5.0
13.082,80.275,2022-07-19,30.9,46.6,31.4,26.2,77.2,0.0,0,0.0,16.4,9.0,9.1,1005.7,31.9,6.0,262.1,22.7,8.0
13.082,80.275,2022-07-20,29.8,48.0,26.2,26.4,82.6,2.976,100,4.17,19.7,10.3,302.0,1005.8,40.9,5.4,244.2,21.2,9.0
13.082,80.275,2022-07-21,30.6,50.2,30.3,26.4,79.2,0.0,0,0.0,18.4,11.6,293.0,1005.4,34.0,6.0,254.9,21.9,9.0
13.082,80.275,2022-07-22,29.0,44.1,25.2,26.1,85.0,6.696,100,4.17,25.0,10.0,314.2,1006.1,52.1,5.5,175.6,15.1,6.0
13.082,80.275,2022-07-23,29.9,46.6,25.9,26.2,81.7,7.256,100,12.5,20.4,12.3,296.0,1005.4,46.8,5.2,219.7,18.9,8.0
13.082,80.275,2022-07-24,29.4,42.0,25.9,25.7,81.3,6.696,100,4.17,14.0,8.4,275.0,1006.0,51.8,5.9,234.2,20.1,8.0
13.082,80.275,2022-07-25,30.5,46.6,30.1,26.2,78.5,0.0,0,0.0,19.4,9.3,338.1,1006.5,35.4,5.6,246.6,21.1,8.0
13.082,80.275,2022-07-26,28.8,40.7,29.5,25.3,81.7,0.0,0,0.0,27.5,12.0,323.9,1007.6,46.5,5.5,213.2,18.5,8.0
13.082,80.275,2022-07-27,29.9,43.7,26.2,25.9,79.8,0.0,0,0.0,18.4,9.4,64.6,1007.0,32.6,5.8,241.7,20.8,7.0
13.082,80.275,2022-07-28,30.4,46.1,32.9,26.8,81.5,0.0,0,0.0,18.3,8.5,80.9,1007.2,30.3,5.9,260.2,22.2,8.0
13.082,80.275,2022-07-29,30.6,47.3,33.2,26.8,81.0,0.0,0,0.0,14.8,7.9,155.6,1006.9,31.5,5.6,257.8,22.2,9.0
13.082,80.275,2022-07-30,30.8,47.2,33.2,26.9,80.3,0.0,0,0.0,18.7,10.1,263.5,1005.9,30.2,5.5,230.1,19.8,8.0
13.082,80.275,2022-07-31,31.0,47.2,32.8,26.8,78.9,0.0,0,0.0,19.6,11.2,311.4,1003.7,32.8,5.8,249.9,21.5,8.0
13.082,80.275,2022-08-01,31.4,48.0,33.5,26.7,77.1,0.0,0,0.0,18.4,10.7,201.8,1002.9,34.3,5.7,265.2,22.8,9.0
13.082,80.275,2022-08-02,29.6,45.6,29.6,26.4,83.0,0.3,100,4.17,16.6,8.0,313.0,1001.8,47.4,5.0,198.9,17.2,7.0
13.082,80.275,2022-08-03,28.5,44.2,30.6,26.3,87.8,2.098,100,12.5,19.6,6.7,320.4,1002.3,54.4,4.5,140.2,12.2,7.0
13.082,80.275,2022-08-04,28.8,40.6,29.9,26.0,85.1,0.1,100,4.17,14.8,8.6,264.9,1002.4,56.7,4.9,117.2,10.0,5.0
13.082,80.275,2022-08-05,29.4,42.0,26.4,25.1,78.9,0.0,0,0.0,27.7,13.5,278.5,1002.7,57.4,5.6,99.2,8.8,4.0
13.082,80.275,2022-08-06,29.8,40.6,29.2,24.4,74.1,0.7,100,4.17,27.7,17.0,270.9,1002.4,54.0,5.8,124.3,10.7,6.0
13.082,80.275,2022-08-07,30.1,40.6,30.5,24.5,72.4,0.0,0,0.0,24.1,16.7,266.7,1001.2,49.2,6.0,124.7,10.7,7.0
13.082,80.275,2022-08-08,31.3,46.1,31.4,24.6,68.2,0.074,100,4.17,25.7,16.1,265.4,1000.7,47.3,6.3,177.0,15.3,6.0
13.082,80.275,2022-08-09,32.1,57.8,30.8,23.7,62.2,0.0,0,0.0,24.1,16.7,264.6,1001.3,42.8,6.4,207.2,18.0,7.0
13.082,80.275,2022-08-10,32.2,44.4,30.1,23.0,59.3,0.0,0,0.0,27.7,17.7,256.4,984.6,34.1,6.7,235.2,20.4,8.0
13.082,80.275,2022-08-11,32.2,45.8,30.1,23.5,60.7,0.0,0,0.0,27.6,14.9,258.8,1003.2,30.8,6.6,222.6,19.2,8.0
13.082,80.275,2022-08-12,32.4,44.7,32.5,24.3,63.7,0.0,0,0.0,24.0,13.4,274.1,1004.5,35.2,6.6,227.5,19.7,8.0
13.082,80.275,2022-08-13,32.2,44.7,32.8,24.4,64.5,0.0,0,0.0,27.5,14.3,276.1,1004.4,38.6,6.5,231.0,19.7,9.0
13.082,80.275,2022-08-14,31.4,44.7,32.4,24.5,67.8,0.0,0,0.0,23.1,12.8,285.2,1005.6,35.8,6.1,206.0,17.8,7.0
13.082,80.275,2022-08-15,31.2,45.0,33.7,25.5,73.0,0.0,0,0.0,24.1,12.8,233.3,1006.7,31.2,6.3,236.3,20.3,8.0
13.082,80.275,2022-08-16,30.8,45.2,34.2,26.6,78.8,0.0,0,0.0,26.8,14.9,245.9,1007.0,33.5,6.0,233.2,20.0,8.0
13.082,80.275,2022-08-17,30.7,45.7,30.2,26.6,79.0,4.938,100,4.17,20.6,14.0,244.8,1006.9,38.8,6.1,239.5,20.8,8.0
13.082,80.275,2022-08-18,29.4,42.6,24.0,25.0,77.7,31.0,100,4.17,22.1,10.0,271.3,1005.9,58.3,12.2,238.5,20.5,8.0
13.082,80.275,2022-08-19,30.6,45.4,26.3,25.5,75.1,1.7,100,4.17,24.8,13.3,252.9,1005.6,52.7,11.7,211.6,18.4,8.0
13.082,80.275,2022-08-20,31.8,44.9,34.0,25.8,71.6,0.2,100,4.17,23.2,13.9,285.2,1005.0,36.7,6.7,235.7,20.3,9.0
13.082,80.275,2022-08-21,30.5,47.7,25.0,25.6,76.9,58.0,100,8.33,26.8,14.3,276.2,1004.6,41.1,5.6,241.3,20.9,9.0
13.082,80.275,2022-08-22,29.4,50.7,25.0,25.6,81.6,22.832,100,8.33,30.3,14.7,264.6,1004.1,42.0,5.3,251.0,21.7,9.0
13.082,80.275,2022-08-23,30.4,46.2,25.9,25.7,77.4,0.0,0,0.0,22.2,14.4,255.8,1004.6,32.3,5.9,247.2,21.4,9.0
13.082,80.275,2022-08-24,30.0,45.2,25.3,26.1,80.4,36.48,100,4.17,22.1,11.8,304.6,1006.3,39.9,6.0,235.9,20.3,8.0
13.082,80.275,2022-08-25,29.2,45.4,26.0,26.0,83.2,3.997,100,4.17,18.4,9.1,305.1,1005.3,40.0,5.4,250.8,21.6,9.0
13.082,80.275,2022-08-26,28.8,47.2,25.6,26.2,86.2,10.304,100,8.33,22.3,9.9,310.7,1004.9,41.2,5.5,223.6,19.4,9.0
13.082,80.275,2022-08-27,28.4,43.9,24.4,25.4,84.3,35.232,100,8.33,18.2,10.5,262.2,1004.8,47.1,5.4,196.8,17.0,8.0
13.082,80.275,2022-08-28,28.1,45.6,24.8,25.4,85.8,3.744,100,8.33,24.1,10.4,308.5,1004.6,37.6,5.3,246.5,21.3,9.0
13.082,80.275,2022-08-29,29.3,46.1,26.6,26.2,84.0,3.72,100,4.17,18.0,8.5,41.6,1005.9,40.9,5.3,238.1,20.7,9.0
13.082,80.275,2022-08-30,30.0,43.7,30.1,26.3,80.8,0.0,0,0.0,14.7,6.9,74.2,1006.8,31.8,5.6,239.1,20.7,8.0
13.082,80.275,2022-08-31,28.6,42.4,25.5,26.1,86.5,1.616,100,8.33,16.4,6.3,239.2,1006.4,44.1,5.3,132.6,11.4,5.0
13.082,80.275,2022-09-01,26.6,33.5,25.2,25.2,92.2,29.416,100,12.5,11.2,4.7,304.5,1006.5,45.1,4.7,114.0,9.9,6.0
13.082,80.275,2022-09-02,28.8,42.0,25.2,25.5,82.9,0.0,0,0.0,15.9,7.1,244.8,1007.1,32.4,5.4,230.2,19.8,8.0
13.082,80.275,2022-09-03,30.0,43.7,29.9,26.2,81.0,0.0,0,0.0,18.4,9.1,236.1,1006.6,35.5,5.5,243.9,21.1,8.0
13.082,80.275,2022-09-04,30.7,48.6,32.8,27.1,81.8,0.0,0,0.0,22.2,12.3,227.0,1005.9,30.5,5.5,240.0,20.8,8.0
13.082,80.275,2022-09-05,30.5,45.2,26.6,26.2,78.7,0.0,0,0.0,22.1,12.2,230.1,1005.6,34.1,5.9,251.0,21.7,8.0
13.082,80.275,2022-09-06,30.9,47.1,34.4,27.0,80.0,0.0,0,0.0,22.1,13.5,293.9,1005.1,40.0,5.6,243.9,21.2,9.0
13.082,80.275,2022-09-07,28.6,45.2,26.0,25.4,83.4,0.3,100,4.17,14.9,8.4,280.9,1005.3,55.7,5.6,188.5,16.3,8.0
13.082,80.275,2022-09-08,27.9,37.3,25.9,25.4,86.6,0.372,100,4.17,22.1,10.1,293.1,1005.1,47.0,4.8,102.6,9.0,5.0
13.082,80.275,2022-09-09,30.1,47.1,30.9,26.0,79.8,0.0,0,0.0,27.6,11.7,289.2,1004.1,53.5,5.4,184.6,15.9,7.0
13.082,80.275,2022-09-10,30.0,42.2,31.9,25.8,78.8,0.0,0,0.0,22.3,12.8,267.2,1004.1,53.2,6.3,148.2,12.7,5.0
13.082,80.275,2022-09-11,30.7,42.0,31.8,25.6,75.0,0.0,0,0.0,27.4,16.0,262.7,1003.8,51.8,6.1,168.8,14.7,7.0
13.082,80.275,2022-09-12,31.0,47.1,29.9,25.8,75.8,0.0,0,0.0,28.8,16.6,246.5,1004.0,35.9,6.4,225.7,19.5,8.0
13.082,80.275,2022-09-13,30.8,47.7,31.5,26.5,78.9,0.0,0,0.0,28.3,15.2,267.1,1006.4,24.5,6.4,272.3,23.7,10.0
13.082,80.275,2022-09-14,30.6,46.6,31.8,26.7,80.2,0.0,0,0.0,25.6,17.4,270.5,1008.6,30.6,6.1,252.6,21.8,8.0
13.082,80.275,2022-09-15,30.1,43.4,32.3,25.8,78.6,0.0,0,0.0,17.0,11.0,276.9,1009.3,45.9,5.6,245.1,21.1,9.0
13.082,80.275,2022-09-16,31.1,44.7,30.7,25.8,75.3,0.0,0,0.0,23.1,12.7,274.3,1006.9,29.5,5.6,259.3,22.5,9.0
13.082,80.275,2022-09-17,31.7,46.2,33.5,26.1,74.0,0.0,0,0.0,22.1,12.8,263.7,1006.6,33.6,6.0,259.6,22.4,9.0
13.082,80.275,2022-09-18,30.5,45.0,26.0,25.7,76.8,0.0,0,0.0,20.3,11.8,294.8,1007.0,41.1,5.8,224.7,19.7,9.0
13.082,80.275,2022-09-19,30.6,42.0,30.9,25.7,76.5,0.0,0,0.0,22.3,11.9,286.6,1006.7,37.9,5.8,202.7,17.4,8.0
13.082,80.275,2022-09-20,30.5,40.5,30.9,24.1,70.0,15.624,100,4.17,25.3,12.8,291.8,1006.2,40.8,5.8,240.3,20.8,9.0
13.082,80.275,2022-09-21,31.2,42.0,31.5,24.5,69.2,0.0,0,0.0,24.0,14.1,293.7,1006.2,28.8,6.1,257.3,22.2,9.0
13.082,80.275,2022-09-22,31.9,43.3,32.3,24.0,65.5,0.0,0,0.0,20.9,13.7,305.2,1006.7,27.8,6.2,271.5,23.5,9.0
13.082,80.275,2022-09-23,32.5,40.5,34.6,22.7,59.9,0.0,0,0.0,23.9,12.3,280.7,1007.4,29.8,6.2,278.1,24.0,10.0
13.082,80.275,2022-09-24,31.7,43.1,34.1,23.6,63.7,0.0,0,0.0,19.2,11.9,325.5,1006.7,29.1,5.9,255.7,22.0,9.0
13.082,80.275,2022-09-25,31.7,41.7,31.7,23.8,63.9,1.488,100,4.17,18.4,9.8,334.4,1005.9,26.8,5.9,244.1,21.1,9.0
13.082,80.275,2022-09-26,30.6,41.4,26.5,24.7,72.2,0.0,0,0.0,22.3,7.2,270.1,1006.9,48.4,5.3,210.5,18.1,8.0
13.082,80.275,2022-09-27,30.8,41.0,29.9,24.3,69.1,23.808,100,4.17,16.9,8.9,355.4,1005.9,50.6,5.5,212.9,18.3,7.0
13.082,80.275,2022-09-28,29.0,40.6,26.0,25.7,83.1,0.223,100,4.17,16.3,8.8,276.1,1004.9,58.3,4.2,205.5,17.6,8.0
13.082,80.275,2022-09-29,29.7,38.9,29.7,24.7,75.3,21.65,100,8.33,18.2,9.1,298.3,1004.5,56.2,5.3,106.7,9.1,6.0
13.082,80.275,2022-09-30,29.5,36.8,30.8,23.3,70.0,0.0,0,0.0,21.3,9.4,284.9,1005.2,54.5,5.3,136.4,11.7,5.0
13.082,80.275,2022-10-01,29.3,39.4,25.0,23.2,71.0,0.0,0,0.0,25.9,15.9,303.8,1005.1,51.7,5.6,88.1,7.6,4.0
13.082,80.275,2022-10-02,30.5,38.3,28.7,22.1,61.2,0.0,0,0.0,25.7,15.5,304.3,1004.4,48.1,6.0,175.0,15.1,6.0
13.082,80.275,2022-10-03,31.0,40.6,30.6,23.2,63.7,0.0,0,0.0,22.2,13.6,312.7,1004.0,44.3,5.5,175.4,15.1,7.0
13.082,80.275,2022-10-04,31.3,40.6,30.4,22.9,62.0,0.0,0,0.0,22.1,10.8,320.0,1004.2,49.6,6.0,196.9,17.0,8.0
13.082,80.275,2022-10-05,28.7,37.5,30.3,25.1,81.4,5.818,100,8.33,11.4,4.4,337.2,1005.0,57.8,3.2,66.2,5.6,3.0
13.082,80.275,2022-10-06,28.6,40.6,24.2,25.0,81.9,10.76,100,12.5,19.5,11.4,291.2,1005.1,56.5,5.0,148.0,12.7,5.0
13.082,80.275,2022-10-07,28.2,37.5,25.6,24.7,81.9,14.808,100,8.33,13.4,6.0,332.3,1006.7,52.7,3.9,144.3,12.5,6.0
13.082,80.275,2022-10-08,29.0,39.1,25.4,24.9,79.5,20.72,100,8.33,18.1,7.8,345.7,1007.5,45.0,4.2,171.7,14.9,7.0
13.082,80.275,2022-10-09,28.5,38.0,25.2,24.8,81.9,11.16,100,4.17,14.8,7.5,353.3,1007.9,51.7,4.8,180.0,15.6,7.0
13.082,80.275,2022-10-10,28.6,39.2,25.6,25.0,81.9,27.368,100,8.33,15.9,6.9,166.7,1009.2,49.1,5.1,175.8,15.0,7.0
13.082,80.275,2022-10-11,29.0,40.6,26.1,25.0,79.5,5.174,100,8.33,18.2,9.9,97.8,1009.3,36.4,5.7,201.5,17.2,7.0
13.082,80.275,2022-10-12,29.8,42.2,25.6,25.0,76.4,7.44,100,4.17,16.0,7.9,64.3,1009.1,35.9,5.4,231.5,20.0,9.0
13.082,80.275,2022-10-13,29.9,42.2,30.6,24.8,75.3,0.223,100,4.17,18.4,7.8,165.2,1008.8,32.2,5.4,220.7,19.0,8.0
13.082,80.275,2022-10-14,28.6,40.6,26.4,25.4,83.1,0.968,100,8.33,19.6,8.7,4.6,1008.1,50.8,5.2,181.9,15.8,8.0
13.082,80.275,2022-10-15,28.9,39.2,25.2,24.7,78.9,7.315,100,12.5,20.1,10.1,8.4,1007.0,32.9,5.8,202.5,17.6,8.0
13.082,80.275,2022-10-16,29.7,40.5,30.3,25.3,78.2,2.336,100,8.33,16.5,8.8,66.3,1009.0,40.8,5.7,208.3,18.1,7.0
13.082,80.275,2022-10-17,29.8,42.2,30.5,25.4,78.2,1.6,100,25.0,14.7,7.6,55.4,1010.7,46.3,5.4,189.9,16.3,8.0
13.082,80.275,2022-10-18,29.9,42.3,31.8,25.5,78.1,0.1,100,4.17,20.1,7.8,356.4,1009.9,37.0,5.9,222.8,19.2,8.0
13.082,80.275,2022-10-19,29.3,40.6,26.1,24.8,77.5,1.173,100,8.33,17.0,8.9,345.0,1009.4,38.3,4.9,210.1,18.1,8.0
13.082,80.275,2022-10-20,28.8,40.6,25.0,25.0,80.8,25.098,100,16.67,19.6,10.8,347.2,1009.9,51.1,5.1,209.6,18.2,7.0
13.082,80.275,2022-10-21,28.8,40.6,25.0,24.8,79.6,26.438,100,4.17,18.1,10.9,3.8,1011.1,46.1,5.2,157.6,13.7,5.0
13.082,80.275,2022-10-22,28.6,40.6,24.7,24.7,80.0,6.85,100,8.33,29.3,13.7,0.2,1011.1,46.3,4.9,198.7,17.0,7.0
13.082,80.275,2022-10-23,28.9,37.1,25.4,22.9,71.5,0.0,0,0.0,20.6,9.7,344.0,1009.7,35.8,5.2,256.2,22.0,9.0
13.082,80.275,2022-10-24,28.2,34.0,23.0,20.2,65.2,0.0,0,0.0,14.8,5.8,301.5,1008.9,26.7,4.6,272.6,23.6,9.0
13.082,80.275,2022-10-25,28.2,35.7,22.3,19.6,62.2,0.0,0,0.0,14.8,7.4,314.6,1009.8,17.5,4.7,270.5,23.3,9.0
13.082,80.275,2022-10-26,27.9,34.5,23.7,19.2,62.2,0.0,0,0.0,15.4,7.1,0.8,1011.5,17.9,5.4,259.4,22.2,9.0
13.082,80.275,2022-10-27,26.7,37.4,23.7,23.4,82.1,6.642,100,12.5,21.9,10.0,339.3,1010.9,49.1,4.5,208.7,17.8,7.0
13.082,80.275,2022-10-28,28.3,39.1,24.6,24.4,80.3,12.232,100,8.33,23.1,13.5,23.7,1010.1,43.2,5.4,196.8,16.7,7.0
13.082,80.275,2022-10-29,28.0,37.7,25.8,23.9,79.3,1.044,100,12.5,23.2,14.8,12.4,1010.0,49.7,4.7,152.8,13.3,6.0
13.082,80.275,2022-10-30,28.6,37.9,25.1,24.1,77.1,2.86,100,8.33,25.7,14.0,8.7,1010.2,44.9,4.8,231.9,19.8,8.0
13.082,80.275,2022-10-31,26.1,32.7,23.7,23.9,87.6,47.782,100,16.67,25.7,13.2,352.2,1010.1,58.0,3.2,33.4,3.0,2.0
13.082,80.275,2022-11-01,24.7,25.0,23.9,23.8,95.0,115.64,100,29.17,16.0,8.1,8.2,1010.9,58.9,2.5,27.6,2.4,1.0
13.082,80.275,2022-11-02,25.0,30.6,23.4,24.1,94.6,96.504,100,25.0,18.0,10.8,347.0,1010.4,59.1,3.0,30.0,2.5,1.0
13.082,80.275,2022-11-03,26.0,35.6,24.2,24.4,91.1,45.112,100,20.83,20.5,10.5,4.8,1010.1,58.9,4.2,65.4,5.5,4.0
13.082,80.275,2022-11-04,26.9,39.0,23.6,24.4,86.5,35.504,100,12.5,25.9,9.4,28.7,1011.5,46.7,5.1,188.4,16.3,7.0
13.082,80.275,2022-11-05,27.8,39.1,24.6,24.7,84.0,3.67,100,8.33,25.9,10.1,40.0,1013.0,47.3,4.7,199.7,17.3,7.0
13.082,80.275,2022-11-06,27.9,36.5,25.0,23.6,78.3,0.0,0,0.0,26.3,13.1,24.2,1013.2,42.9,5.3,207.8,17.9,7.0
13.082,80.275,2022-11-07,27.2,37.4,25.0,24.2,84.1,32.351,100,8.33,23.2,11.8,350.5,1012.6,57.0,3.9,194.2,16.9,7.0
13.082,80.275,2022-11-08,26.4,36.8,25.0,24.9,91.5,33.784,100,12.5,25.7,10.1,17.3,1012.2,55.1,3.1,153.2,13.2,5.0
13.082,80.275,2022-11-09,27.5,38.9,24.4,24.5,84.0,0.0,0,0.0,25.7,11.3,7.1,1011.7,39.0,4.5,177.9,15.5,7.0
13.082,80.275,2022-11-10,27.0,39.0,24.4,24.4,86.2,16.797,100,12.5,35.6,12.8,10.1,1011.0,51.0,4.8,179.1,15.3,7.0
13.082,80.275,2022-11-11,25.4,33.5,23.1,24.4,94.1,76.952,100,25.0,35.8,19.6,11.5,1009.8,61.5,2.8,44.2,3.8,2.0
13.082,80.275,2022-11-12,27.0,38.0,25.4,25.6,92.2,25.728,100,20.83,18.4,10.9,79.2,1010.3,56.5,4.0,101.6,8.7,3.0
13.082,80.275,2022-11-13,25.7,34.6,23.8,24.4,92.9,49.627,100,16.67,13.0,5.3,348.7,1011.6,58.6,4.0,108.0,9.4,5.0
13.082,80.275,2022-11-14,25.7,36.8,23.5,24.3,91.9,25.816,100,20.83,18.2,5.7,13.7,1012.1,55.8,4.0,167.8,14.5,6.0
13.082,80.275,2022-11-15,26.7,37.4,24.2,24.3,87.0,0.0,0,0.0,16.6,6.4,30.9,1012.4,36.7,3.6,179.7,15.5,6.0
13.082,80.275,2022-11-16,26.8,35.1,23.7,23.4,82.3,0.0,0,0.0,18.3,7.0,37.8,1011.2,30.3,3.6,196.1,16.9,8.0
13.082,80.275,2022-11-17,26.1,35.0,22.0,21.6,77.1,0.0,0,0.0,18.4,6.6,12.9,1010.8,28.9,4.4,230.7,20.1,8.0
13.082,80.275,2022-11-18,26.0,34.1,21.6,21.7,77.7,0.0,0,0.0,20.4,8.4,11.5,1010.9,35.4,4.3,186.8,16.2,7.0
13.082,80.275,2022-11-19,26.0,32.3,22.1,21.2,75.7,0.0,0,0.0,25.9,9.6,14.0,1010.7,32.7,4.8,222.6,19.4,8.0
13.082,80.275,2022-11-20,25.2,29.2,21.6,19.8,72.5,0.0,0,0.0,22.2,9.2,2.6,1009.4,44.0,4.7,151.7,13.1,6.0
13.082,80.275,2022-11-21,23.9,25.0,22.5,21.1,84.4,0.249,100,4.17,22.3,12.2,335.5,1008.6,60.2,3.4,36.8,3.1,2.0
13.082,80.275,2022-11-22,25.3,30.1,23.2,22.8,85.7,0.0,0,0.0,22.1,11.0,323.5,1008.0,56.3,4.0,96.5,8.4,4.0
13.082,80.275,2022-11-23,27.0,35.5,24.6,24.6,86.8,6.696,100,4.17,25.7,10.4,246.6,1008.5,49.1,4.9,121.2,10.4,5.0
13.082,80.275,2022-11-24,27.6,37.7,25.5,24.9,85.8,0.179,100,4.17,14.7,4.1,140.6,1010.3,38.0,4.3,186.1,16.2,6.0
13.082,80.275,2022-11-25,27.6,37.8,25.1,24.8,84.9,0.0,0,0.0,13.0,5.5,49.8,1011.4,27.0,4.6,178.8,15.4,7.0
13.082,80.275,2022-11-26,27.6,39.0,24.9,24.7,84.4,0.0,0,0.0,13.0,5.6,47.6,1010.4,37.7,4.2,165.4,14.3,6.0
13.082,80.275,2022-11-27,27.8,38.9,25.4,25.0,85.3,0.298,100,4.17,14.8,5.8,91.7,1008.7,36.8,3.9,198.0,16.9,7.0
13.082,80.275,2022-11-28,26.9,36.7,24.0,23.7,83.1,0.0,0,0.0,18.4,5.7,92.7,1009.4,35.4,3.6,191.0,16.6,7.0
13.082,80.275,2022-11-29,26.7,33.3,23.5,21.9,76.1,0.0,0,0.0,14.8,6.7,44.1,1010.7,30.9,4.1,222.0,19.2,8.0
13.082,80.275,2022-11-30,26.7,36.5,22.8,22.8,79.9,0.0,0,0.0,14.7,7.1,15.2,1011.1,35.3,4.2,166.0,14.4,6.0
13.082,80.275,2022-12-01,27.9,40.6,25.3,24.9,84.2,4.262,100,8.33,22.1,8.1,58.3,1010.6,43.9,3.8,173.6,15.0,7.0
13.082,80.275,2022-12-02,28.1,37.7,25.3,24.6,81.9,0.1,100,4.17,22.3,8.2,68.4,1010.3,31.6,4.9,200.5,17.3,7.0
13.082,80.275,2022-12-03,28.2,40.7,25.4,24.9,82.7,0.0,0,0.0,20.5,9.5,64.3,1010.6,37.9,5.8,193.2,16.7,7.0
13.082,80.275,2022-12-04,27.9,37.4,25.9,24.6,83.0,1.0,100,4.17,23.9,9.7,55.1,1011.3,48.6,4.9,192.7,16.6,7.0
13.082,80.275,2022-12-05,28.2,36.2,26.0,24.1,78.7,0.0,0,0.0,20.5,9.9,67.6,1012.0,34.9,4.1,215.3,18.6,8.0
13.082,80.275,2022-12-06,27.1,32.7,25.0,23.0,78.7,0.0,0,0.0,18.3,9.4,35.2,1010.9,56.8,3.5,185.9,16.0,7.0
13.082,80.275,2022-12-07,26.3,32.8,24.2,22.6,80.2,0.0,0,0.0,24.1,11.6,14.7,1009.8,58.0,3.2,81.9,7.0,3.0
13.082,80.275,2022-12-08,23.9,25.0,21.6,20.7,82.7,15.744,100,12.5,25.8,17.3,353.5,1007.6,62.0,3.2,57.8,5.1,4.0
13.082,80.275,2022-12-09,22.3,25.0,20.2,21.0,92.6,164.488,100,33.33,36.1,23.2,12.7,1002.5,64.9,1.9,27.9,2.6,1.0
13.082,80.275,2022-12-10,24.5,25.0,23.4,22.6,89.8,16.212,100,16.67,46.4,18.4,125.4,1002.2,61.9,3.1,78.4,6.6,4.0
13.082,80.275,2022-12-11,25.8,35.5,23.5,23.8,88.9,20.08,100,16.67,11.2,3.7,97.6,1008.2,59.6,3.7,113.4,9.8,5.0
13.082,80.275,2022-12-12,25.1,30.7,23.7,23.7,91.8,32.107,100,16.67,25.7,7.9,143.8,1009.2,59.2,3.0,84.8,7.2,4.0
13.082,80.275,2022-12-13,26.9,36.1,23.4,24.2,85.7,0.0,0,0.0,22.2,7.7,119.0,1011.1,43.8,5.4,207.5,17.9,8.0
13.082,80.275,2022-12-14,27.1,36.7,24.2,24.5,85.7,0.0,0,0.0,18.5,6.9,59.2,1011.7,34.6,5.2,196.2,16.9,7.0
13.082,80.275,2022-12-15,26.3,33.3,23.1,22.5,80.4,0.0,0,0.0,16.5,5.6,52.1,1011.4,26.5,5.3,198.5,17.1,8.0
13.082,80.275,2022-12-16,26.4,35.4,22.9,22.6,80.6,0.0,0,0.0,18.4,6.6,47.5,1010.5,25.2,4.9,208.6,18.1,8.0
13.082,80.275,2022-12-17,27.4,35.5,23.9,23.3,79.6,0.0,0,0.0,18.4,6.7,43.6,1011.1,24.1,4.7,201.8,17.5,7.0
13.082,80.275,2022-12-18,26.9,32.7,24.7,22.7,78.3,0.0,0,0.0,27.6,12.9,63.2,1010.6,33.7,4.5,200.8,17.3,7.0
13.082,80.275,2022-12-19,25.8,31.9,21.8,21.8,79.2,0.0,0,0.0,18.4,8.5,27.6,1009.9,41.0,5.0,164.2,14.1,7.0
13.082,80.275,2022-12-20,26.1,35.1,23.7,22.3,80.1,0.0,0,0.0,24.0,9.9,30.4,1009.8,33.1,4.6,193.4,16.7,8.0
13.082,80.275,2022-12-21,25.8,33.5,23.5,22.6,82.9,0.0,0,0.0,22.1,9.4,19.1,1009.8,31.3,4.0,177.5,15.3,7.0
13.082,80.275,2022-12-22,26.0,32.7,23.3,22.1,79.6,0.0,0,0.0,24.0,11.1,25.8,1009.6,37.1,4.2,151.1,13.1,7.0
13.082,80.275,2022-12-23,26.2,32.8,23.4,22.3,79.7,0.0,0,0.0,24.0,11.7,10.4,1009.3,35.7,3.7,188.2,16.2,7.0
13.082,80.275,2022-12-24,26.7,35.1,23.9,23.1,80.9,14.678,100,8.33,25.7,14.3,13.9,1009.9,50.9,8.4,131.2,11.2,5.0
13.082,80.275,2022-12-25,26.4,34.6,24.6,24.8,90.9,31.16,100,16.67,27.7,12.6,72.1,1010.3,52.2,3.6,141.9,12.2,5.0
13.082,80.275,2022-12-26,27.6,37.4,25.1,24.8,85.0,0.0,0,0.0,22.3,10.5,86.4,1012.7,48.4,5.1,159.2,13.7,6.0
13.082,80.275,2022-12-27,27.6,37.4,24.7,24.3,82.6,0.0,0,0.0,20.4,8.1,91.0,1014.1,33.2,6.0,178.9,15.5,6.0
13.082,80.275,2022-12-28,27.7,37.4,24.4,23.7,79.9,0.0,0,0.0,14.6,5.2,103.4,1014.8,28.4,5.7,201.1,17.5,7.0
13.082,80.275,2022-12-29,27.6,38.9,23.8,23.9,81.1,0.0,0,0.0,14.8,5.7,124.8,1015.8,24.2,5.6,206.3,17.9,8.0
13.082,80.275,2022-12-30,27.6,39.1,24.0,23.7,80.2,0.0,0,0.0,14.8,5.7,102.6,1016.8,23.9,5.4,200.7,17.1,8.0
13.082,80.275,2022-12-31,26.6,34.2,23.7,22.4,79.0,0.0,0,0.0,14.8,4.7,146.4,1015.8,25.0,5.1,211.4,18.4,8.0
13.082,80.275,2023-01-01,26.3,35.1,23.0,22.3,79.5,0.0,0,0.0,18.4,5.9,80.1,1015.2,35.6,4.8,217.0,18.7,8.0
13.082,80.275,2023-01-02,26.6,34.6,23.2,22.1,77.1,0.0,0,0.0,16.6,6.6,90.2,1015.1,47.6,5.3,198.1,17.1,7.0
13.082,80.275,2023-01-03,27.0,35.1,23.4,22.5,77.1,0.0,0,0.0,19.7,9.4,59.4,1002.0,49.8,5.0,173.4,15.0,7.0
13.082,80.275,2023-01-04,27.0,34.1,24.0,22.2,75.7,0.0,0,0.0,19.5,11.2,63.9,1014.0,53.1,4.6,178.7,15.3,7.0
13.082,80.275,2023-01-05,27.7,34.6,24.9,21.8,70.8,0.0,0,0.0,25.9,17.1,67.1,1013.1,50.3,5.3,218.2,18.9,8.0
13.082,80.275,2023-01-06,27.6,35.1,25.0,22.6,74.3,0.0,0,0.0,30.6,17.1,57.7,1015.4,64.7,4.8,186.3,16.0,7.0
13.082,80.275,2023-01-07,27.1,34.1,25.0,22.6,77.0,0.577,100,8.33,28.1,15.2,48.8,1014.8,63.5,4.2,199.2,17.2,7.0
13.082,80.275,2023-01-08,25.8,32.7,22.5,21.6,78.3,0.0,0,0.0,27.0,14.0,70.5,1014.9,61.1,3.5,168.5,14.6,6.0
13.082,80.275,2023-01-09,25.0,31.3,20.5,18.9,70.6,0.0,0,0.0,24.5,11.6,72.9,1015.3,43.8,5.1,231.4,19.9,8.0
13.082,80.275,2023-01-10,25.6,31.9,21.9,19.8,71.3,0.0,0,0.0,26.9,12.9,62.0,1014.9,47.3,5.1,185.2,16.0,7.0
13.082,80.275,2023-01-11,25.2,32.6,20.9,20.0,73.9,0.0,0,0.0,19.5,9.5,41.9,1013.2,40.4,4.8,224.0,19.4,8.0
13.082,80.275,2023-01-12,25.5,31.9,21.4,20.0,72.4,0.0,0,0.0,17.1,7.5,29.8,1012.2,31.9,5.3,241.6,20.8,8.0
13.082,80.275,2023-01-13,25.2,31.9,21.3,19.6,72.6,0.0,0,0.0,13.4,6.2,31.1,1012.5,36.0,5.1,225.0,19.3,8.0
13.082,80.275,2023-01-14,24.8,31.9,21.2,19.5,73.5,0.0,0,0.0,17.0,7.3,54.4,1012.4,35.3,4.9,237.6,20.4,9.0
13.082,80.275,2023-01-15,24.6,30.8,20.6,19.4,73.6,0.0,0,0.0,14.8,6.6,95.3,1011.9,36.0,5.4,219.5,18.8,8.0
13.082,80.275,2023-01-16,24.8,30.8,20.6,19.4,72.9,0.0,0,0.0,20.8,8.0,84.8,1012.5,32.6,5.9,240.5,20.9,9.0
13.082,80.275,2023-01-17,25.2,31.9,21.0,19.3,71.4,0.0,0,0.0,18.4,7.8,111.3,1011.1,42.1,5.5,201.8,17.5,8.0
13.082,80.275,2023-01-18,25.4,32.6,21.6,19.5,71.1,0.0,0,0.0,17.2,8.1,99.4,1014.6,48.0,5.2,200.8,17.3,7.0
13.082,80.275,2023-01-19,26.0,31.9,22.2,19.3,67.5,0.0,0,0.0,18.4,9.0,87.9,1014.6,49.2,5.4,227.0,19.8,8.0
13.082,80.275,2023-01-20,26.0,32.6,23.0,21.5,76.8,0.149,100,4.17,15.8,7.6,65.9,1013.7,58.4,4.1,153.1,13.3,6.0
13.082,80.275,2023-01-21,27.0,33.7,23.0,21.5,73.4,0.0,0,0.0,23.2,12.0,64.0,996.1,53.6,4.4,227.9,19.8,8.0
13.082,80.275,2023-01-22,26.6,32.6,22.9,20.8,71.0,0.0,0,0.0,22.3,13.0,66.1,1012.3,53.4,4.7,214.2,18.5,7.0
13.082,80.275,2023-01-23,26.8,32.7,24.6,22.1,75.9,0.026,100,4.17,25.8,17.1,56.2,1011.2,75.2,4.8,125.8,10.9,5.0
13.082,80.275,2023-01-24,26.5,32.7,23.3,21.1,72.9,0.0,0,0.0,23.4,14.4,72.7,1011.8,47.1,5.4,225.2,19.5,8.0
13.082,80.275,2023-01-25,25.9,31.9,21.8,20.3,72.5,0.0,0,0.0,25.8,13.1,65.6,1011.6,39.7,4.8,218.7,19.0,8.0
13.082,80.275,2023-01-26,25.9,34.1,21.8,21.4,77.0,0.0,0,0.0,20.9,11.7,58.9,1011.6,50.2,3.8,200.3,17.5,8.0
13.082,80.275,2023-01-27,26.1,33.7,22.1,20.2,71.1,0.0,0,0.0,20.7,12.8,51.6,1011.4,38.6,5.3,226.8,19.6,8.0
13.082,80.275,2023-01-28,26.0,33.3,22.0,21.0,74.8,0.0,0,0.0,24.5,13.6,45.5,1006.4,32.8,4.4,219.9,19.1,8.0
13.082,80.275,2023-01-29,26.9,34.6,23.6,22.4,76.9,0.0,0,0.0,26.9,14.6,51.7,998.5,57.8,4.5,197.6,17.0,7.0
13.082,80.275,2023-01-30,27.5,37.4,25.0,23.5,79.1,3.512,100,4.17,24.5,15.4,56.7,1011.0,65.5,4.6,177.8,15.2,7.0
13.082,80.275,2023-01-31,27.8,35.5,25.9,23.4,77.2,0.0,0,0.0,22.3,13.7,37.2,1010.6,78.2,4.4,158.2,13.6,7.0
13.082,80.275,2023-02-01,27.4,34.1,25.0,23.2,78.7,0.1,100,4.17,21.9,14.1,22.6,1010.0,88.0,4.7,121.4,10.3,5.0
13.082,80.275,2023-02-02,27.5,32.7,26.0,22.5,74.7,0.595,100,4.17,27.0,16.2,38.1,1010.6,88.3,4.4,146.6,12.7,5.0
13.082,80.275,2023-02-03,28.2,35.5,26.0,22.9,73.4,0.0,0,0.0,27.7,18.5,43.4,1011.3,59.9,5.0,198.6,17.0,8.0
13.082,80.275,2023-02-04,27.7,34.6,24.9,22.3,73.4,0.0,0,0.0,23.3,14.6,42.8,1010.6,47.2,6.4,241.5,20.7,9.0
13.082,80.275,2023-02-05,26.6,32.6,22.5,21.5,74.5,0.0,0,0.0,22.1,12.4,56.5,1010.3,35.8,5.1,254.2,22.0,9.0
13.082,80.275,2023-02-06,26.5,34.1,22.5,21.8,76.7,0.0,0,0.0,19.5,10.9,72.0,1010.5,36.2,5.6,249.3,21.5,9.0
13.082,80.275,2023-02-07,26.5,37.9,22.5,22.4,79.6,0.0,0,0.0,20.7,10.2,86.3,1010.5,35.7,4.7,249.8,21.7,9.0
13.082,80.275,2023-02-08,26.2,33.3,22.0,21.7,77.3,0.0,0,0.0,18.2,7.7,78.7,1010.7,27.7,5.3,249.4,21.6,9.0
13.082,80.275,2023-02-09,26.4,34.6,22.4,21.4,75.2,0.0,0,0.0,14.8,9.0,73.4,1011.1,36.7,5.3,237.6,20.5,9.0
13.082,80.275,2023-02-10,27.0,35.1,22.0,20.3,69.3,0.0,0,0.0,20.8,11.0,73.1,1012.0,22.8,5.1,257.0,22.1,9.0
13.082,80.275,2023-02-11,25.8,33.3,22.0,20.6,74.5,0.0,0,0.0,17.2,10.4,39.6,1012.1,39.3,4.5,234.6,20.3,9.0
13.082,80.275,2023-02-12,26.1,34.2,21.9,20.0,71.9,0.0,0,0.0,16.0,8.2,14.4,1012.4,31.1,4.5,263.9,22.8,9.0
13.082,80.275,2023-02-13,26.1,33.5,20.7,19.5,69.6,0.0,0,0.0,15.9,9.8,32.8,1012.4,25.3,4.9,265.7,22.9,9.0
13.082,80.275,2023-02-14,25.9,34.6,21.5,20.9,74.9,0.0,0,0.0,19.5,11.4,70.9,1012.0,32.7,4.7,260.0,22.3,9.0
13.082,80.275,2023-02-15,26.6,35.8,21.8,21.2,74.0,0.0,0,0.0,25.6,13.0,104.5,1010.7,23.8,4.9,262.4,22.7,9.0
13.082,80.275,2023-02-16,26.1,33.7,22.0,21.0,74.6,0.0,0,0.0,20.8,10.4,80.9,1011.2,30.4,4.6,261.8,22.7,9.0
13.082,80.275,2023-02-17,26.2,33.7,22.0,20.3,71.4,0.0,0,0.0,22.4,11.2,61.2,1011.6,28.5,5.0,256.5,22.1,9.0
13.082,80.275,2023-02-18,26.4,35.5,21.9,21.6,75.4,0.0,0,0.0,14.9,10.5,78.7,1012.1,35.5,5.1,237.6,20.4,8.0
13.082,80.275,2023-02-19,27.2,35.1,23.4,22.2,75.5,0.0,0,0.0,19.5,9.2,90.8,1012.3,34.8,5.5,252.4,21.8,9.0
13.082,80.275,2023-02-20,27.2,34.1,22.2,20.1,68.0,0.0,0,0.0,17.2,9.0,89.8,1012.3,23.6,6.0,272.0,23.4,10.0
13.082,80.275,2023-02-21,27.2,34.6,22.0,20.3,68.6,0.0,0,0.0,19.5,8.8,70.5,1012.4,26.2,5.8,279.7,24.2,10.0
13.082,80.275,2023-02-22,27.2,33.0,22.8,19.6,66.5,0.0,0,0.0,14.7,7.8,87.8,1011.9,24.3,5.2,274.5,23.6,10.0
13.082,80.275,2023-02-23,26.8,35.8,22.0,21.3,72.9,0.0,0,0.0,18.5,9.6,86.0,1012.0,22.8,5.4,282.7,24.5,10.0
13.082,80.275,2023-02-24,27.4,35.8,23.0,21.2,70.2,0.0,0,0.0,21.2,12.2,87.0,1012.4,31.5,5.7,262.1,22.7,10.0
13.082,80.275,2023-02-25,26.5,34.2,21.4,20.2,70.1,0.0,0,0.0,17.1,8.0,39.7,1013.8,18.8,5.9,287.3,24.8,10.0
13.082,80.275,2023-02-26,26.4,33.0,21.9,20.7,72.8,0.0,0,0.0,17.1,7.7,46.4,1014.9,21.2,5.5,277.1,23.9,10.0
13.082,80.275,2023-02-27,27.3,34.2,22.3,20.4,69.2,0.0,0,0.0,16.0,8.1,71.6,1015.0,17.7,5.3,288.3,24.9,10.0
13.082,80.275,2023-02-28,28.0,37.9,23.2,23.0,75.3,0.0,0,0.0,20.8,10.9,55.9,1014.7,39.5,5.3,268.9,23.4,9.0
13.082,80.275,2023-03-01,28.4,35.8,25.0,22.7,72.2,0.0,0,0.0,29.4,14.3,63.9,1014.4,45.1,5.5,274.6,23.6,9.0
13.082,80.275,2023-03-02,27.8,33.0,22.7,19.1,63.0,0.0,0,0.0,28.2,15.5,64.5,1015.1,25.2,5.6,292.6,25.2,10.0
13.082,80.275,2023-03-03,27.3,34.9,23.0,20.5,68.1,0.0,0,0.0,36.0,17.4,50.4,1015.3,27.0,5.1,289.5,25.0,10.0
13.082,80.275,2023-03-04,27.6,35.5,22.9,21.0,69.2,0.0,0,0.0,23.2,12.7,72.8,1015.2,23.0,5.5,280.8,24.2,10.0
13.082,80.275,2023-03-05,28.0,36.5,23.8,21.9,71.8,0.0,0,0.0,17.2,12.2,47.8,1014.8,31.0,5.6,283.2,24.3,10.0
13.082,80.275,2023-03-06,27.5,34.9,23.3,21.6,72.0,0.0,0,0.0,19.5,11.8,62.7,1013.7,30.2,5.7,281.1,24.4,10.0
13.082,80.275,2023-03-07,27.3,35.8,23.0,21.6,72.0,0.0,0,0.0,17.1,10.3,64.5,1013.6,32.5,5.5,261.8,22.7,9.0
13.082,80.275,2023-03-08,28.5,34.0,24.3,21.0,66.0,0.0,0,0.0,17.0,9.9,82.9,1013.6,35.1,6.0,278.7,24.3,9.0
13.082,80.275,2023-03-09,28.0,35.5,24.1,22.5,73.0,0.0,0,0.0,20.8,10.7,57.9,1012.9,45.0,5.6,271.5,23.5,9.0
13.082,80.275,2023-03-10,28.0,35.5,24.4,22.3,72.5,0.0,0,0.0,17.0,9.0,65.2,1012.4,46.9,5.3,253.3,21.9,9.0
13.082,80.275,2023-03-11,28.1,36.8,23.8,22.3,72.0,0.0,0,0.0,23.2,9.9,65.4,1012.4,35.0,5.4,265.1,23.0,9.0
13.082,80.275,2023-03-12,28.5,37.0,24.0,22.7,72.5,0.0,0,0.0,19.5,9.8,64.4,1011.0,27.0,5.6,274.8,23.7,9.0
13.082,80.275,2023-03-13,28.8,36.2,24.5,22.4,70.5,0.0,0,0.0,19.5,9.1,65.3,1011.0,23.6,5.4,279.7,24.1,10.0
13.082,80.275,2023-03-14,28.1,37.9,24.4,23.4,76.7,0.0,0,0.0,15.8,7.6,80.0,1009.4,30.9,5.0,279.8,24.1,10.0
13.082,80.275,2023-03-15,28.9,39.3,24.9,24.0,75.7,0.0,0,0.0,15.8,8.3,152.3,1008.9,30.0,4.8,259.4,22.5,9.0
13.082,80.275,2023-03-16,29.4,39.3,29.6,24.3,74.6,0.0,0,0.0,18.4,10.2,148.8,1009.8,44.8,6.6,238.0,20.5,9.0
13.082,80.275,2023-03-17,28.0,40.6,24.0,25.1,84.5,29.242,100,12.5,24.6,9.9,102.1,1010.3,65.4,4.6,212.2,18.3,7.0
13.082,80.275,2023-03-18,27.9,39.1,25.0,24.9,83.8,7.676,100,12.5,17.0,9.0,147.7,1009.0,65.9,4.9,212.4,18.5,8.0
13.082,80.275,2023-03-19,28.3,39.2,24.5,24.4,80.2,7.092,100,8.33,15.8,6.7,155.7,1008.1,74.6,5.3,221.4,19.1,8.0
13.082,80.275,2023-03-20,27.8,39.9,24.1,24.4,81.9,24.443,100,16.67,20.8,9.1,162.1,1007.6,70.3,5.2,209.3,18.1,7.0
13.082,80.275,2023-03-21,29.5,42.3,30.1,25.6,79.8,0.0,0,0.0,18.4,10.3,172.1,1007.3,53.8,5.6,250.7,21.7,8.0
13.082,80.275,2023-03-22,30.0,43.8,30.6,26.0,79.8,0.0,0,0.0,22.0,9.0,173.2,1007.8,50.4,5.9,267.0,23.0,9.0
13.082,80.275,2023-03-23,29.2,44.1,30.1,26.0,83.5,1.173,100,4.17,22.1,13.8,180.5,1008.2,62.5,5.6,232.5,20.0,9.0
13.082,80.275,2023-03-24,29.4,43.8,26.0,25.6,80.5,0.0,0,0.0,20.8,13.7,180.9,1008.4,45.7,5.9,261.2,22.4,9.0
13.082,80.275,2023-03-25,29.9,43.8,32.2,26.2,80.7,0.0,0,0.0,19.6,12.6,176.9,1009.6,46.1,6.2,231.0,20.0,8.0
13.082,80.275,2023-03-26,30.0,42.1,30.2,25.7,78.5,0.0,0,0.0,20.8,11.3,133.2,1009.0,49.0,6.1,231.5,20.0,8.0
13.082,80.275,2023-03-27,30.2,45.3,32.9,25.8,77.9,0.0,0,0.0,20.8,12.2,97.6,1008.3,38.6,6.1,266.1,23.1,9.0
13.082,80.275,2023-03-28,30.2,45.3,32.4,26.1,79.1,0.0,0,0.0,17.0,11.7,202.8,1008.8,48.7,6.4,248.6,21.4,9.0
13.082,80.275,2023-03-29,29.8,42.1,30.6,25.0,76.4,0.0,0,0.0,20.8,11.0,190.1,1009.8,32.0,6.4,274.8,23.7,9.0
13.082,80.275,2023-03-30,29.5,40.6,26.0,24.7,75.7,0.0,0,0.0,20.8,12.2,215.6,1009.1,33.6,6.5,272.8,23.7,10.0
13.082,80.275,2023-03-31,29.6,42.1,25.8,24.9,76.5,0.0,0,0.0,28.2,15.7,211.7,1008.1,27.9,6.2,292.6,25.2,10.0
13.082,80.275,2023-04-01,30.3,45.3,30.5,25.6,76.6,0.0,0,0.0,24.4,14.1,167.1,1008.4,39.8,6.5,235.7,20.4,9.0
13.082,80.275,2023-04-02,30.7,45.3,33.6,25.9,76.1,0.0,0,0.0,24.4,13.1,157.3,1008.0,53.6,5.9,240.7,20.9,9.0
13.082,80.275,2023-04-03,30.9,45.3,35.2,25.7,74.4,0.0,0,0.0,26.9,16.8,159.1,1008.3,48.3,6.3,258.0,22.2,9.0
13.082,80.275,2023-04-04,30.9,42.1,33.2,25.1,72.3,0.0,0,0.0,25.7,16.4,169.1,1009.3,55.5,6.3,246.8,21.4,9.0
13.082,80.275,2023-04-05,30.7,43.5,32.5,25.8,76.2,0.0,0,0.0,24.5,13.4,163.5,1009.0,34.8,6.8,284.7,24.5,9.0
13.082,80.275,2023-04-06,30.6,44.9,31.8,25.6,75.9,0.0,0,0.0,25.8,15.7,163.5,1009.4,39.7,6.6,276.3,24.1,10.0
13.082,80.275,2023-04-07,30.2,42.1,30.7,25.1,74.9,0.0,0,0.0,22.1,11.9,130.2,1011.0,41.3,6.4,282.0,24.3,10.0
13.082,80.275,2023-04-08,29.7,40.6,26.2,24.4,73.8,0.0,0,0.0,19.5,11.1,121.8,1012.3,40.0,6.2,288.4,24.8,10.0
13.082,80.275,2023-04-09,30.0,39.3,29.4,24.3,72.2,0.0,0,0.0,18.2,10.7,105.5,1012.6,48.8,6.2,267.3,23.1,9.0
13.082,80.275,2023-04-10,29.9,40.6,26.2,24.7,74.8,0.0,0,0.0,22.0,13.0,101.4,1011.1,40.5,6.4,282.9,24.5,9.0
13.082,80.275,2023-04-11,30.1,40.6,25.5,24.0,72.1,0.0,0,0.0,21.6,11.9,114.2,1010.6,30.6,10.0,295.1,25.6,10.0
13.082,80.275,2023-04-12,30.4,43.4,25.4,24.0,70.3,0.0,0,0.0,14.6,7.9,143.3,1010.3,24.8,6.3,301.1,26.0,10.0
13.082,80.275,2023-04-13,30.5,44.7,25.8,24.2,70.3,0.0,0,0.0,14.5,7.0,167.7,1009.8,25.8,9.8,300.3,26.1,10.0
13.082,80.275,2023-04-14,31.2,43.5,25.8,23.8,67.7,0.0,0,0.0,25.2,11.1,200.6,1009.4,27.8,7.5,300.7,26.1,10.0
13.082,80.275,2023-04-15,31.2,44.7,26.0,23.9,67.9,0.0,0,0.0,17.1,9.7,174.8,989.7,28.5,5.7,292.1,25.3,10.0
13.082,80.275,2023-04-16,31.2,42.5,30.6,24.3,68.7,0.0,0,0.0,18.2,11.6,220.3,1007.7,26.5,6.1,306.6,26.6,10.0
13.082,80.275,2023-04-17,31.3,41.4,30.1,23.9,67.8,0.0,0,0.0,17.1,10.4,235.9,1008.1,23.8,6.8,307.7,26.6,10.0
13.082,80.275,2023-04-18,30.5,46.7,26.0,25.7,76.3,0.0,0,0.0,15.9,8.4,144.1,1009.0,24.8,5.6,294.2,25.3,10.0
13.082,80.275,2023-04-19,31.3,47.6,30.6,25.5,73.2,0.0,0,0.0,17.0,9.7,198.2,1007.1,19.6,5.8,293.0,25.3,10.0
13.082,80.275,2023-04-20,32.2,48.1,33.5,25.9,71.2,0.0,0,0.0,28.8,15.9,211.5,1005.2,24.1,6.3,295.3,25.6,10.0
13.082,80.275,2023-04-21,32.4,49.0,34.8,26.8,73.4,0.0,0,0.0,22.0,16.1,203.7,1005.0,33.5,5.8,289.9,25.2,10.0
13.082,80.275,2023-04-22,31.4,48.7,35.6,27.2,79.0,1.256,100,4.17,19.6,11.9,208.8,1005.5,55.7,5.4,263.7,22.7,9.0
13.082,80.275,2023-04-23,31.8,48.7,36.5,26.9,76.4,0.026,100,4.17,19.5,12.7,191.5,1005.8,59.5,5.3,263.5,22.7,9.0
13.082,80.275,2023-04-24,31.0,46.7,32.2,26.4,77.2,0.0,0,0.0,22.0,13.0,157.6,1005.2,61.2,5.6,229.9,19.9,8.0
13.082,80.275,2023-04-25,31.2,47.3,32.7,26.9,78.1,0.512,100,4.17,18.4,12.1,137.6,1008.3,53.8,5.8,265.0,22.9,9.0
13.082,80.275,2023-04-26,30.9,43.5,32.1,26.0,75.8,0.1,100,4.17,18.4,10.3,85.8,1008.1,46.3,6.7,243.3,21.1,8.0
13.082,80.275,2023-04-27,31.3,43.8,32.1,26.0,74.4,0.0,0,0.0,14.5,8.0,142.3,1008.2,49.6,5.5,269.4,23.3,9.0
13.082,80.275,2023-04-28,31.6,46.7,35.5,26.6,75.6,0.0,0,0.0,20.8,9.8,149.6,1008.5,41.7,5.7,254.2,22.1,9.0
13.082,80.275,2023-04-29,31.2,45.3,35.5,26.4,76.4,0.0,0,0.0,22.3,8.8,152.7,1008.2,43.5,6.0,241.0,20.7,8.0
13.082,80.275,2023-04-30,31.2,44.9,33.1,25.8,74.1,0.0,0,0.0,20.8,10.9,181.9,1006.6,47.2,5.9,227.5,19.6,8.0
13.082,80.275,2023-05-01,29.6,42.1,26.2,25.8,80.3,7.84,100,8.33,19.6,9.6,153.3,1006.6,76.7,5.4,193.9,16.6,6.0
13.082,80.275,2023-05-02,28.4,40.6,24.9,25.3,83.6,28.821,100,12.5,21.6,9.4,166.0,1007.9,84.6,5.5,83.7,7.4,3.0
13.082,80.275,2023-05-03,28.9,40.6,26.5,25.9,83.8,8.135,100,8.33,17.2,7.2,146.5,1008.0,66.8,5.4,173.0,14.8,7.0
13.082,80.275,2023-05-04,30.2,43.5,26.4,25.3,75.8,0.0,0,0.0,18.4,7.8,134.8,1007.2,60.7,6.1,200.7,17.3,8.0
13.082,80.275,2023-05-05,30.1,43.5,30.3,25.6,77.1,0.6,100,4.17,17.0,8.7,205.3,1006.3,67.5,7.0,169.6,14.5,7.0
13.082,80.275,2023-05-06,29.6,43.8,26.4,25.3,78.5,3.3,100,12.5,15.8,7.2,206.1,1005.7,82.6,7.9,161.8,14.2,7.0
13.082,80.275,2023-05-07,30.1,46.7,30.3,25.7,77.5,0.0,0,0.0,18.5,9.6,242.6,1005.6,86.3,6.3,174.8,15.0,7.0
13.082,80.275,2023-05-08,30.2,47.3,26.0,25.6,76.9,0.0,0,0.0,18.3,8.9,114.5,1005.0,48.0,6.0,273.5,23.7,9.0
13.082,80.275,2023-05-09,31.4,46.7,31.9,26.3,75.2,0.0,0,0.0,13.5,9.7,177.1,1005.4,38.3,5.5,294.4,25.5,10.0
13.082,80.275,2023-05-10,31.8,48.1,36.0,26.3,73.7,0.0,0,0.0,19.6,10.8,178.4,1004.6,54.0,5.8,271.8,23.5,9.0
13.082,80.275,2023-05-11,31.1,47.3,33.5,26.6,78.1,0.0,0,0.0,31.8,18.3,223.2,1005.5,75.2,4.6,202.0,17.4,8.0
13.082,80.275,2023-05-12,32.4,47.9,36.7,26.8,73.8,0.0,0,0.0,32.7,19.7,237.3,1006.1,86.5,4.6,239.1,20.6,9.0
13.082,80.275,2023-05-13,33.4,50.8,38.2,26.4,67.9,0.0,0,0.0,30.6,20.7,242.7,1006.0,82.3,5.2,246.0,21.2,9.0
13.082,80.275,2023-05-14,34.6,50.3,35.3,25.2,60.0,0.0,0,0.0,26.9,16.8,262.8,1004.9,73.0,5.6,291.4,25.2,9.0
13.082,80.275,2023-05-15,33.8,50.3,38.3,27.0,69.2,0.0,0,0.0,19.7,14.8,249.0,1005.8,56.9,5.6,291.7,25.0,10.0
13.082,80.275,2023-05-16,34.2,51.3,38.8,26.4,66.2,0.0,0,0.0,20.8,12.6,272.5,1007.0,40.2,5.6,301.4,26.1,10.0
13.082,80.275,2023-05-17,33.1,56.5,40.6,27.9,75.1,0.0,0,0.0,22.0,14.0,235.6,1008.2,34.4,5.5,294.2,25.5,10.0
13.082,80.275,2023-05-18,32.3,52.9,36.7,27.6,77.1,0.0,0,0.0,19.6,13.5,229.7,1009.5,38.8,5.6,298.9,25.9,10.0
13.082,80.275,2023-05-19,32.6,53.9,35.7,27.1,73.7,0.0,0,0.0,23.3,16.0,227.8,1008.2,26.5,6.0,300.1,25.9,10.0
13.082,80.275,2023-05-20,32.5,52.2,36.1,27.5,76.1,0.0,0,0.0,24.4,13.8,231.3,1007.5,26.6,6.0,301.1,25.9,10.0
13.082,80.275,2023-05-21,32.1,48.7,32.7,26.9,75.3,0.0,0,0.0,19.6,12.2,241.5,1008.6,53.7,5.6,290.8,25.3,9.0
13.082,80.275,2023-05-22,31.7,51.0,36.8,27.4,78.9,0.0,0,0.0,15.9,11.6,207.7,1009.4,46.4,5.5,274.7,23.8,8.0
13.082,80.275,2023-05-23,32.2,49.5,35.7,26.2,72.0,0.0,0,0.0,22.3,12.1,221.3,1009.4,28.7,6.4,292.2,25.3,9.0
13.082,80.275,2023-05-24,33.1,50.2,34.5,26.1,68.0,0.0,0,0.0,18.3,12.4,212.0,1008.7,29.8,6.3,290.9,25.1,9.0
13.082,80.275,2023-05-25,33.2,51.5,35.6,25.8,66.8,0.0,0,0.0,18.4,10.3,243.3,1008.7,41.9,5.8,283.2,24.5,9.0
13.082,80.275,2023-05-26,32.8,45.8,34.9,25.2,66.0,0.0,0,0.0,22.3,12.7,265.8,1009.1,45.1,6.2,262.7,22.6,9.0
13.082,80.275,2023-05-27,33.5,50.2,33.3,25.2,63.2,0.0,0,0.0,23.2,15.0,257.1,1007.1,37.1,6.6,273.7,23.7,9.0
13.082,80.275,2023-05-28,33.1,50.2,36.7,26.7,70.8,0.0,0,0.0,20.8,11.5,232.6,1005.9,46.7,6.0,283.0,24.5,9.0
13.082,80.275,2023-05-29,32.8,53.9,38.9,27.2,73.6,0.0,0,0.0,20.7,10.9,187.5,1006.5,41.8,5.9,297.2,25.7,10.0
13.082,80.275,2023-05-30,31.5,47.7,32.2,26.2,74.6,0.0,0,0.0,25.8,14.9,220.6,1007.7,40.6,5.8,283.8,24.5,9.0
13.082,80.275,2023-05-31,31.9,47.6,31.4,25.5,70.8,0.0,0,0.0,19.5,12.6,215.7,1007.3,27.4,6.0,290.0,25.1,9.0
13.082,80.275,2023-06-01,33.4,50.8,37.4,26.4,68.2,0.0,0,0.0,22.0,15.5,228.2,993.3,32.3,5.6,286.7,24.8,9.0
13.082,80.275,2023-06-02,33.9,50.3,34.4,24.7,59.8,0.1,100,4.17,31.8,16.7,245.5,1005.1,34.3,6.4,281.1,24.1,9.0
13.082,80.275,2023-06-03,34.2,51.3,35.3,25.7,63.1,0.0,0,0.0,27.0,18.4,222.4,1004.5,35.8,5.6,275.4,23.7,9.0
13.082,80.275,2023-06-04,34.4,46.1,40.6,25.5,62.4,0.0,0,0.0,25.9,15.9,246.4,1004.7,24.9,6.1,282.3,24.1,9.0
13.082,80.275,2023-06-05,32.6,50.0,33.4,25.2,66.4,0.512,100,4.17,20.8,12.7,231.8,1004.3,50.8,5.1,270.1,23.2,9.0
13.082,80.275,2023-06-06,32.5,50.3,31.9,25.1,67.2,8.696,100,8.33,25.9,16.4,246.4,1003.6,43.1,5.3,271.8,23.6,9.0
13.082,80.275,2023-06-07,32.4,48.1,34.6,26.0,70.5,0.0,0,0.0,22.3,12.1,219.8,1004.0,52.9,5.3,224.0,19.1,9.0
13.082,80.275,2023-06-08,33.6,48.7,35.2,25.3,63.1,0.0,0,0.0,22.3,14.3,229.5,1003.8,44.2,6.1,242.5,21.0,9.0
13.082,80.275,2023-06-09,33.7,50.0,35.2,24.5,60.3,0.0,0,0.0,24.4,14.4,254.8,1002.7,51.0,6.4,266.5,23.0,9.0
13.082,80.275,2023-06-10,32.6,50.0,32.7,24.9,65.9,3.584,100,4.17,23.3,14.6,250.0,995.8,57.0,5.4,280.8,24.1,9.0
13.082,80.275,2023-06-11,32.4,47.3,32.2,24.4,64.5,5.259,100,4.17,27.7,18.0,246.3,1002.5,59.8,5.8,270.1,23.4,9.0
13.082,80.275,2023-06-12,33.1,49.0,34.7,25.8,68.2,3.0,100,4.17,28.2,17.9,238.8,1001.8,37.3,6.3,283.5,24.6,9.0
13.082,80.275,2023-06-13,33.2,50.3,33.6,25.1,63.8,0.0,0,0.0,24.4,15.9,254.8,1002.4,48.1,5.8,286.0,24.7,9.0
13.082,80.275,2023-06-14,33.5,49.5,32.7,24.9,62.6,0.1,100,4.17,27.0,17.2,258.2,1004.2,41.4,5.8,283.6,24.4,9.0
13.082,80.275,2023-06-15,34.2,48.7,35.5,25.0,60.0,0.0,0,0.0,23.3,15.8,232.2,1004.5,30.8,6.1,281.0,24.2,9.0
13.082,80.275,2023-06-16,34.7,50.0,38.8,25.4,61.0,0.0,0,0.0,25.9,12.2,250.5,1003.6,36.2,6.4,288.0,24.8,9.0
13.082,80.275,2023-06-17,32.3,43.2,35.8,25.3,67.7,2.0,100,4.17,22.3,13.8,234.6,1004.4,73.7,5.5,173.2,15.0,8.0
13.082,80.275,2023-06-18,29.1,40.4,26.5,26.1,84.2,12.768,100,8.33,19.6,13.0,245.1,1004.2,90.0,3.9,149.4,12.9,7.0
13.082,80.275,2023-06-19,25.9,31.2,24.9,24.6,92.4,133.544,100,29.17,25.9,15.5,242.1,1004.2,98.8,3.3,183.4,15.9,6.0
13.082,80.275,2023-06-20,28.8,40.6,25.0,25.3,81.8,38.552,100,8.33,24.4,13.1,247.0,1003.3,91.6,5.1,199.1,17.2,8.0
13.082,80.275,2023-06-21,28.9,42.3,26.0,25.9,84.4,3.876,100,12.5,15.8,8.9,235.7,1004.5,90.8,5.4,152.3,13.3,6.0
13.082,80.275,2023-06-22,30.2,44.6,31.5,26.1,79.6,27.528,100,4.17,18.3,7.9,246.4,1004.6,74.8,5.3,159.3,13.6,7.0
13.082,80.275,2023-06-23,30.7,45.3,33.7,26.4,78.6,0.0,0,0.0,18.4,9.7,229.7,1004.8,65.1,5.6,226.5,19.6,7.0
13.082,80.275,2023-06-24,30.9,44.9,30.2,25.7,75.2,7.64,100,8.33,24.1,9.0,256.6,1004.7,68.9,5.5,186.0,16.2,7.0
13.082,80.275,2023-06-25,31.3,45.3,34.2,25.9,73.5,0.0,0,0.0,31.8,10.9,228.8,1005.0,68.2,6.0,196.7,17.1,7.0
13.082,80.275,2023-06-26,31.5,44.9,33.9,25.6,72.0,0.0,0,0.0,20.7,11.4,246.4,1005.6,65.4,6.0,211.8,18.3,7.0
13.082,80.275,2023-06-27,31.5,43.3,34.3,25.3,70.8,0.0,0,0.0,22.3,11.1,242.3,1006.0,55.6,5.8,230.6,20.0,8.0
13.082,80.275,2023-06-28,31.7,44.7,32.5,24.8,68.0,0.051,100,4.17,22.3,12.9,244.7,1007.0,51.8,6.7,264.6,22.9,9.0
13.082,80.275,2023-06-29,31.8,46.0,26.0,25.3,70.1,0.0,0,0.0,20.8,10.1,258.5,1007.4,55.0,6.0,251.9,21.8,9.0
13.082,80.275,2023-06-30,31.3,46.7,29.6,24.6,68.5,1.256,100,8.33,27.7,13.5,265.9,1007.1,62.0,6.4,263.8,22.8,9.0
13.082,80.275,2023-07-01,32.0,44.9,34.2,25.4,69.3,0.0,0,0.0,22.3,11.6,250.7,1006.7,68.6,5.6,235.4,20.4,8.0
13.082,80.275,2023-07-02,29.8,40.6,33.8,25.6,78.1,0.351,100,4.17,19.7,10.8,238.1,1007.4,78.9,4.8,114.9,9.7,5.0
13.082,80.275,2023-07-03,29.3,40.6,26.4,25.6,80.9,2.551,100,8.33,18.2,10.3,254.7,1006.6,90.0,5.1,103.4,9.0,3.0
13.082,80.275,2023-07-04,30.3,42.1,30.6,25.1,74.5,0.0,0,0.0,24.5,13.1,259.0,1005.0,83.8,6.0,131.9,11.2,6.0
13.082,80.275,2023-07-05,31.2,40.6,31.2,23.8,65.8,0.0,0,0.0,25.9,14.7,261.2,1004.1,83.1,5.5,100.3,8.5,5.0
13.082,80.275,2023-07-06,31.3,42.0,31.9,23.6,64.0,0.0,0,0.0,26.9,12.9,259.6,1006.2,75.4,6.3,187.3,16.1,8.0
13.082,80.275,2023-07-07,31.9,43.3,32.7,24.0,63.6,0.0,0,0.0,20.9,12.9,250.3,1008.4,64.7,6.5,203.0,17.4,8.0
13.082,80.275,2023-07-08,31.7,43.3,33.0,24.6,66.8,0.0,0,0.0,17.1,9.7,270.9,1008.9,66.5,6.0,204.7,17.7,8.0
13.082,80.275,2023-07-09,30.9,46.3,26.3,24.7,71.1,17.84,100,8.33,17.1,10.7,261.0,1008.0,72.8,5.2,254.9,22.1,9.0
13.082,80.275,2023-07-10,29.1,43.5,26.5,25.3,81.0,5.259,100,8.33,18.4,9.3,266.7,1007.9,83.2,4.9,138.8,11.8,7.0
13.082,80.275,2023-07-11,29.6,42.3,26.0,25.4,78.8,0.128,100,4.17,18.4,10.7,264.4,1007.0,85.8,5.1,124.2,10.7,6.0
13.082,80.275,2023-07-12,29.9,42.3,29.1,25.0,75.7,0.0,0,0.0,22.3,12.5,244.1,1006.3,86.1,5.6,177.6,15.4,6.0
13.082,80.275,2023-07-13,29.1,45.3,24.7,25.1,80.6,26.488,100,12.5,20.9,12.6,238.5,1007.2,75.1,5.1,226.5,19.5,9.0
13.082,80.275,2023-07-14,30.5,43.5,30.6,25.7,76.4,5.208,100,4.17,20.8,12.4,236.2,1008.0,65.6,6.0,236.8,20.5,9.0
13.082,80.275,2023-07-15,32.0,46.3,34.5,25.8,70.6,0.0,0,0.0,22.0,11.7,257.6,1008.2,42.9,7.4,245.5,21.2,8.0
13.082,80.275,2023-07-16,31.0,42.1,34.3,25.5,72.5,0.0,0,0.0,20.8,12.9,252.9,1004.9,80.3,5.5,200.7,17.3,7.0
13.082,80.275,2023-07-17,31.9,44.7,33.2,25.4,69.4,0.0,0,0.0,68.9,16.9,256.7,1006.7,66.8,5.6,259.5,22.6,9.0
13.082,80.275,2023-07-18,32.4,43.5,33.8,24.2,63.0,0.0,0,0.0,27.7,14.4,255.6,1005.8,65.1,5.9,185.1,16.1,7.0
13.082,80.275,2023-07-19,31.5,41.9,32.0,23.3,62.1,0.174,100,4.17,24.5,16.5,266.0,1004.7,67.0,6.1,222.7,19.4,7.0
13.082,80.275,2023-07-20,32.0,43.3,31.3,23.3,61.0,0.0,0,0.0,20.5,13.1,263.8,1004.1,78.2,5.8,244.6,21.3,8.0
13.082,80.275,2023-07-21,32.8,43.7,32.9,23.0,56.6,0.0,0,0.0,23.1,14.2,276.1,1005.4,82.9,5.7,173.8,15.0,6.0
13.082,80.275,2023-07-22,31.0,42.0,26.0,23.4,65.0,4.488,100,8.33,20.7,13.8,279.4,1007.7,89.9,5.7,121.8,10.4,6.0
13.082,80.275,2023-07-23,28.5,39.1,26.7,25.3,83.0,4.715,100,12.5,19.6,9.7,250.0,994.5,90.8,4.9,128.7,11.0,7.0
13.082,80.275,2023-07-24,28.2,37.4,25.3,24.7,81.9,8.071,100,8.33,22.3,12.6,248.1,1006.0,91.0,4.8,86.8,7.5,3.0
13.082,80.275,2023-07-25,26.9,35.6,25.5,24.9,88.9,16.619,100,16.67,16.6,9.9,257.1,1006.3,92.0,4.8,54.2,4.6,2.0
13.082,80.275,2023-07-26,28.2,39.1,25.5,24.6,81.4,0.223,100,4.17,18.4,11.5,246.5,1006.7,90.9,5.3,57.3,5.0,2.0
13.082,80.275,2023-07-27,30.9,41.9,30.0,23.6,66.0,0.074,100,4.17,22.1,14.2,259.2,1008.0,66.3,5.6,234.0,20.1,7.0
13.082,80.275,2023-07-28,32.0,44.7,31.0,24.2,64.2,0.0,0,0.0,23.3,14.9,274.2,1008.1,46.4,6.2,256.7,22.3,9.0
13.082,80.275,2023-07-29,32.4,43.2,31.9,23.5,60.1,0.0,0,0.0,22.3,16.0,270.8,1006.1,67.8,5.9,251.2,21.9,9.0
13.082,80.275,2023-07-30,32.1,44.5,32.0,23.9,62.6,0.0,0,0.0,27.7,17.2,275.3,1002.7,56.2,6.6,196.8,16.9,6.0
13.082,80.275,2023-07-31,31.4,46.0,32.7,25.0,69.9,2.102,100,8.33,22.3,12.0,253.1,1005.1,73.8,5.8,219.8,19.0,8.0
13.082,80.275,2023-08-01,32.2,43.3,33.2,24.2,64.0,0.0,0,0.0,22.3,12.3,262.7,1005.7,55.0,5.8,221.2,19.3,8.0
13.082,80.275,2023-08-02,32.8,43.2,32.0,22.2,54.2,0.0,0,0.0,25.9,15.6,262.4,1006.4,63.4,6.3,252.3,21.9,9.0
13.082,80.275,2023-08-03,32.5,44.5,32.0,23.5,59.6,2.0,100,4.17,22.3,12.7,264.8,1006.8,46.8,6.4,265.6,22.9,9.0
13.082,80.275,2023-08-04,31.6,44.5,33.5,25.1,70.2,0.6,100,4.17,19.5,12.0,231.1,1008.4,58.7,6.2,247.5,21.4,9.0
13.082,80.275,2023-08-05,31.7,45.8,33.6,24.7,67.9,0.0,0,0.0,19.5,11.7,231.7,1009.6,58.6,6.0,238.2,20.4,8.0
13.082,80.275,2023-08-06,32.3,45.8,34.5,25.5,68.9,0.0,0,0.0,16.0,10.6,206.6,1008.5,48.1,6.0,263.6,22.7,9.0
13.082,80.275,2023-08-07,31.7,43.5,33.8,25.2,69.3,0.0,0,0.0,22.3,10.9,196.3,1007.4,49.5,5.8,251.1,21.5,9.0
13.082,80.275,2023-08-08,31.4,44.7,34.5,25.8,72.8,0.0,0,0.0,14.8,9.7,184.7,1007.7,57.4,5.5,234.5,20.3,9.0
13.082,80.275,2023-08-09,31.1,44.6,31.8,25.4,72.5,0.0,0,0.0,17.1,10.2,187.1,1009.3,52.0,5.7,247.7,21.5,8.0
13.082,80.275,2023-08-10,28.8,46.7,25.3,24.7,79.3,19.632,100,8.33,23.2,10.9,235.6,1009.6,69.9,5.1,243.1,20.9,9.0
13.082,80.275,2023-08-11,29.4,42.1,25.8,25.0,77.9,0.0,0,0.0,13.3,8.9,203.4,1009.2,65.1,5.7,234.2,20.1,8.0
13.082,80.275,2023-08-12,29.1,46.3,26.7,25.4,81.3,0.735,100,8.33,18.4,8.0,236.3,1008.0,83.6,5.4,257.1,22.2,9.0
13.082,80.275,2023-08-13,30.0,46.3,26.6,25.7,78.5,0.844,100,8.33,14.8,8.5,245.2,1007.3,53.3,5.3,241.4,20.6,8.0
13.082,80.275,2023-08-14,27.5,45.3,23.0,25.0,86.8,99.324,100,20.83,20.7,9.7,205.0,1008.9,84.8,4.3,250.4,21.6,9.0
13.082,80.275,2023-08-15,29.8,48.1,26.0,26.4,82.7,3.72,100,4.17,14.5,7.5,197.8,1008.8,60.8,5.5,235.7,20.5,9.0
13.082,80.275,2023-08-16,30.4,46.7,25.4,25.6,76.3,53.825,100,8.33,16.0,8.6,202.5,1008.8,60.2,5.2,249.1,21.6,9.0
13.082,80.275,2023-08-17,29.9,44.9,25.3,25.4,78.5,40.232,100,8.33,24.1,10.2,258.2,1007.6,71.8,4.6,254.3,21.9,9.0
13.082,80.275,2023-08-18,30.2,44.7,26.0,25.1,75.6,20.088,100,4.17,22.3,11.9,221.9,1005.8,74.0,5.4,197.8,17.1,7.0
13.082,80.275,2023-08-19,30.7,44.9,26.1,24.9,72.2,3.797,100,4.17,22.3,12.9,244.0,1005.5,60.7,5.8,231.5,20.0,8.0
13.082,80.275,2023-08-20,30.7,43.3,26.7,25.2,73.5,3.72,100,4.17,17.0,10.7,224.8,1006.7,59.1,6.3,246.9,21.2,9.0
13.082,80.275,2023-08-21,31.0,46.7,33.7,26.1,75.9,0.0,0,0.0,17.0,10.6,197.9,1006.5,36.8,6.2,241.0,21.0,8.0
13.082,80.275,2023-08-22,30.1,45.8,31.0,26.7,82.4,3.33,100,8.33,15.9,11.1,202.6,1007.1,52.7,5.2,244.2,21.1,9.0
13.082,80.275,2023-08-23,29.6,45.3,25.0,26.0,81.8,54.608,100,8.33,24.1,13.1,222.8,1007.1,60.7,4.9,256.9,22.3,9.0
13.082,80.275,2023-08-24,28.8,45.3,24.0,25.9,84.9,85.528,100,12.5,72.9,13.9,201.3,1004.7,66.8,5.1,254.4,22.0,9.0
13.082,80.275,2023-08-25,30.7,46.7,31.7,26.1,77.4,0.0,0,0.0,18.4,10.9,204.1,1005.9,40.1,6.0,249.7,21.5,9.0
13.082,80.275,2023-08-26,30.7,47.3,32.7,26.4,78.6,0.0,0,0.0,19.5,12.6,218.6,1007.7,51.9,5.9,229.3,19.8,9.0
13.082,80.275,2023-08-27,29.3,43.8,24.8,25.9,82.6,16.648,100,4.17,17.1,10.9,247.6,1008.5,84.3,4.9,159.8,13.8,6.0
13.082,80.275,2023-08-28,30.8,46.3,30.1,26.0,76.5,0.0,0,0.0,24.4,14.5,238.8,1007.2,59.0,6.0,207.2,17.7,9.0
13.082,80.275,2023-08-29,29.6,46.7,24.0,25.8,80.8,46.344,100,4.17,18.2,9.8,293.2,1007.1,72.1,5.7,172.6,14.9,6.0
13.082,80.275,2023-08-30,30.4,46.7,29.4,25.0,73.7,0.0,0,0.0,23.2,11.1,271.2,1007.5,39.8,5.9,272.4,23.5,9.0
13.082,80.275,2023-08-31,30.0,48.7,26.0,24.8,74.3,0.149,100,4.17,20.8,13.1,245.6,1008.4,54.3,5.8,264.2,22.7,9.0
13.082,80.275,2023-09-01,30.4,43.8,30.3,25.4,75.6,0.0,0,0.0,20.9,14.7,215.7,1008.3,34.0,6.6,268.9,23.2,9.0
13.082,80.275,2023-09-02,30.4,48.1,26.0,26.0,78.3,4.947,100,4.17,22.1,14.2,220.8,1007.2,65.0,5.4,270.0,23.1,9.0
13.082,80.275,2023-09-03,29.0,43.5,25.0,24.9,79.9,10.744,100,8.33,22.3,14.5,248.7,992.8,70.9,4.8,241.2,20.7,8.0
13.082,80.275,2023-09-04,28.4,39.1,26.0,25.0,82.3,0.0,0,0.0,18.4,12.0,250.0,1004.0,90.0,5.4,133.3,11.5,5.0
13.082,80.275,2023-09-05,28.5,36.2,30.1,23.9,76.0,0.623,100,8.33,20.7,12.7,263.4,1004.2,90.2,4.7,147.6,12.6,7.0
13.082,80.275,2023-09-06,30.0,43.5,29.9,25.0,74.9,1.0,100,4.17,17.1,10.6,230.7,1004.7,81.0,5.6,165.8,14.3,7.0
13.082,80.275,2023-09-07,29.7,43.5,24.8,24.9,76.1,52.652,100,12.5,22.3,11.2,238.5,1005.8,70.7,5.6,238.5,20.7,9.0
13.082,80.275,2023-09-08,29.9,44.9,25.0,25.6,78.9,19.344,100,4.17,18.4,9.0,220.1,1007.3,53.7,5.9,190.6,16.4,9.0
13.082,80.275,2023-09-09,30.6,44.9,31.7,25.3,74.3,0.8,100,4.17,18.4,11.2,214.8,1006.2,48.6,6.1,264.4,23.0,9.0
13.082,80.275,2023-09-10,30.2,43.5,32.0,25.3,75.5,0.0,0,0.0,19.5,10.8,239.0,1005.7,71.7,6.1,192.2,16.5,8.0
13.082,80.275,2023-09-11,30.8,43.5,33.4,25.2,72.9,0.0,0,0.0,17.1,9.8,241.9,1005.8,77.7,6.1,174.2,14.9,6.0
13.082,80.275,2023-09-12,30.8,43.3,32.5,24.7,71.1,0.0,0,0.0,21.9,11.8,257.8,1006.2,66.9,6.3,237.0,20.7,9.0
13.082,80.275,2023-09-13,29.9,43.3,26.0,24.6,74.9,6.256,100,8.33,19.4,11.3,241.5,1006.3,61.6,6.4,244.5,21.2,8.0
13.082,80.275,2023-09-14,29.8,44.9,26.5,25.0,76.8,8.232,100,12.5,18.4,10.7,242.6,1006.5,76.4,5.2,255.1,21.9,9.0
13.082,80.275,2023-09-15,30.5,44.9,30.1,25.3,75.2,1.121,100,12.5,22.3,11.1,228.1,999.8,56.3,5.7,254.2,22.0,9.0
13.082,80.275,2023-09-16,29.4,44.9,25.0,25.3,79.5,29.512,100,8.33,19.6,10.0,211.5,1007.8,77.2,5.4,191.3,16.4,8.0
13.082,80.275,2023-09-17,28.2,45.8,25.0,25.2,84.5,29.04,100,8.33,17.1,11.3,240.3,1007.1,71.9,5.6,222.5,19.3,9.0
13.082,80.275,2023-09-18,29.1,44.9,26.0,25.3,80.9,11.44,100,12.5,20.7,14.2,241.4,1006.6,70.6,5.5,251.3,21.6,9.0
13.082,80.275,2023-09-19,29.9,43.3,25.4,25.3,77.3,7.44,100,4.17,22.1,15.2,246.2,1008.2,53.3,5.8,223.8,19.4,8.0
13.082,80.275,2023-09-20,31.0,46.3,32.1,25.7,74.5,0.051,100,4.17,19.5,11.9,251.0,1008.8,56.5,6.0,234.4,20.1,8.0
13.082,80.275,2023-09-21,29.4,43.8,25.6,25.6,80.8,9.045,100,8.33,17.0,10.6,237.1,1009.5,67.7,5.5,243.7,21.2,8.0
13.082,80.275,2023-09-22,30.5,47.3,33.1,26.5,79.9,0.0,0,0.0,18.4,11.3,219.5,1009.3,41.9,6.1,252.8,21.8,9.0
13.082,80.275,2023-09-23,29.7,47.3,25.0,26.0,81.2,3.479,100,8.33,27.7,10.7,232.2,1009.4,54.8,5.7,252.3,22.0,8.0
13.082,80.275,2023-09-24,29.5,48.1,25.0,25.4,79.8,18.232,100,12.5,20.8,11.8,247.5,1008.6,54.9,6.0,256.8,22.1,9.0
13.082,80.275,2023-09-25,29.2,48.7,24.0,25.3,80.4,6.512,100,4.17,21.9,12.7,248.5,1007.9,52.9,5.4,238.7,20.4,9.0
13.082,80.275,2023-09-26,29.3,45.3,26.0,25.3,80.1,1.995,100,12.5,22.3,13.8,240.4,1007.9,69.1,5.3,245.0,21.1,9.0
13.082,80.275,2023-09-27,29.3,46.7,25.8,25.5,81.1,29.808,100,12.5,17.2,9.3,240.4,1007.1,68.4,5.4,239.9,20.6,9.0
13.082,80.275,2023-09-28,29.8,43.5,25.7,25.3,77.4,0.9,100,8.33,24.1,15.3,237.9,1000.9,54.5,5.4,234.0,20.3,9.0
13.082,80.275,2023-09-29,29.0,44.9,25.0,25.0,80.4,34.192,100,8.33,19.6,13.4,229.6,1008.1,65.2,5.6,230.1,19.7,9.0
13.082,80.275,2023-09-30,30.0,43.5,26.2,25.8,79.6,0.0,0,0.0,18.4,10.7,210.4,1008.5,59.1,5.8,187.3,16.2,8.0
13.082,80.275,2023-10-01,30.4,43.5,30.6,25.5,75.8,0.223,100,4.17,24.1,13.7,228.9,1007.5,48.7,6.0,235.9,20.3,9.0
13.082,80.275,2023-10-02,30.7,43.5,30.8,25.5,74.7,0.0,0,0.0,24.5,15.5,221.8,1008.4,36.4,5.9,255.9,22.0,9.0
13.082,80.275,2023-10-03,30.9,46.7,31.2,25.7,75.2,3.074,100,8.33,18.4,13.1,227.0,1008.5,51.1,5.5,238.9,20.5,9.0
13.082,80.275,2023-10-04,30.8,48.1,32.1,26.3,77.7,0.0,0,0.0,17.1,12.1,213.2,1009.0,51.8,5.5,250.2,21.5,9.0
13.082,80.275,2023-10-05,30.2,48.1,26.0,26.0,79.4,23.624,100,8.33,15.9,10.3,240.4,1008.7,69.5,4.9,254.8,22.1,9.0
13.082,80.275,2023-10-06,29.2,45.3,30.2,25.9,82.9,9.357,100,12.5,18.3,7.3,233.7,1008.7,66.9,4.9,231.5,19.8,8.0
13.082,80.275,2023-10-07,30.1,48.7,32.2,26.6,82.2,0.051,100,4.17,13.3,8.3,190.9,1008.7,54.6,4.9,245.8,21.1,9.0
13.082,80.275,2023-10-08,30.0,45.8,32.1,26.7,83.0,0.0,0,0.0,14.5,8.4,148.8,1010.3,36.3,5.6,247.4,21.2,9.0
13.082,80.275,2023-10-09,30.2,45.8,33.4,26.5,81.3,0.0,0,0.0,18.4,10.3,164.7,1011.6,56.5,5.5,249.1,21.4,9.0
13.082,80.275,2023-10-10,30.3,47.3,33.6,26.6,81.0,0.154,100,4.17,13.0,7.3,159.5,1011.7,63.7,5.2,254.4,22.0,9.0
13.082,80.275,2023-10-11,29.6,45.3,30.1,26.3,82.8,0.077,100,4.17,15.9,6.9,211.9,1010.3,50.7,4.8,237.7,20.5,8.0
13.082,80.275,2023-10-12,29.4,40.8,30.2,25.7,81.2,0.0,0,0.0,13.4,6.7,44.1,1012.6,48.4,5.2,262.3,22.6,9.0
13.082,80.275,2023-10-13,28.9,40.6,26.0,25.2,81.0,0.0,0,0.0,18.4,8.0,46.1,1012.7,54.8,4.2,222.2,19.1,8.0
13.082,80.275,2023-10-14,28.1,40.6,26.0,25.5,86.0,1.354,100,12.5,9.9,6.3,20.8,1012.9,75.0,4.2,180.8,15.5,6.0
13.082,80.275,2023-10-15,28.2,42.6,25.2,25.4,85.0,8.488,100,4.17,12.2,7.4,4.1,1011.6,71.8,4.2,192.2,16.6,7.0
13.082,80.275,2023-10-16,28.9,42.3,26.0,26.0,84.6,0.898,100,12.5,18.4,8.2,38.8,1011.2,70.0,4.4,196.1,16.9,6.0
13.082,80.275,2023-10-17,28.8,40.6,26.0,24.9,80.3,0.0,0,0.0,17.1,7.1,110.1,999.1,45.4,4.7,247.5,21.3,8.0
13.082,80.275,2023-10-18,29.1,38.1,25.9,24.0,75.1,0.0,0,0.0,14.5,6.2,26.4,1012.8,37.1,4.6,258.1,22.4,9.0
13.082,80.275,2023-10-19,29.0,40.6,26.0,24.7,78.4,0.0,0,0.0,13.4,6.4,25.8,1012.6,44.4,4.0,245.3,21.0,8.0
13.082,80.275,2023-10-20,29.1,42.1,25.3,24.3,76.3,0.0,0,0.0,14.5,5.4,73.3,1012.5,42.1,4.1,244.4,21.0,8.0
13.082,80.275,2023-10-21,27.9,39.1,23.9,25.0,84.8,21.443,100,12.5,13.3,5.3,46.3,1012.8,73.8,3.7,187.9,16.1,8.0
13.082,80.275,2023-10-22,29.2,40.6,26.3,25.0,78.9,6.696,100,4.17,13.4,7.3,35.5,1012.9,57.2,4.6,245.2,21.1,9.0
13.082,80.275,2023-10-23,29.0,37.7,25.6,22.8,71.6,0.0,0,0.0,14.6,7.1,26.1,1012.3,38.9,4.9,258.9,22.3,9.0
13.082,80.275,2023-10-24,28.8,38.1,24.1,23.0,72.5,0.0,0,0.0,17.0,9.3,6.2,1012.3,31.6,4.8,254.0,21.9,8.0
13.082,80.275,2023-10-25,29.0,39.3,25.0,24.1,76.2,0.0,0,0.0,13.4,7.1,39.2,1013.1,38.6,4.1,235.0,20.2,8.0
13.082,80.275,2023-10-26,28.8,37.9,25.3,24.3,77.3,0.0,0,0.0,17.1,9.3,51.1,1013.3,34.2,4.1,327.9,28.2,9.0
13.082,80.275,2023-10-27,28.3,37.7,26.5,25.1,83.0,0.298,100,4.17,18.4,7.9,40.6,1012.0,50.9,4.6,189.5,16.4,6.0
13.082,80.275,2023-10-28,29.0,40.6,26.3,25.3,81.0,0.3,100,4.17,13.3,7.0,88.0,1011.9,50.8,5.1,215.2,18.6,7.0
13.082,80.275,2023-10-29,29.0,40.6,26.5,24.9,79.0,3.0,100,4.17,13.4,7.4,63.8,1011.9,56.9,4.8,194.3,16.8,7.0
13.082,80.275,2023-10-30,26.8,35.8,25.0,24.8,88.9,18.583,100,12.5,17.1,5.5,281.8,1012.1,89.2,3.3,165.4,14.3,6.0
13.082,80.275,2023-10-31,27.3,37.3,25.7,25.0,87.3,3.181,100,4.17,16.6,6.6,20.5,1012.5,85.8,3.2,203.0,17.4,8.0
13.082,80.275,2023-11-01,27.7,40.6,26.0,25.0,85.7,0.479,100,4.17,20.7,7.7,20.9,1012.5,66.9,3.8,169.9,14.7,7.0
13.082,80.275,2023-11-02,28.0,38.8,25.8,25.5,86.4,12.704,100,8.33,12.2,6.7,36.9,1011.6,69.3,4.4,134.5,11.5,5.0
13.082,80.275,2023-11-03,26.9,38.8,25.0,25.3,91.0,56.256,100,25.0,12.2,5.4,97.5,1010.3,79.9,3.7,120.3,10.5,5.0
13.082,80.275,2023-11-04,27.0,38.6,25.4,25.1,89.5,34.679,100,16.67,18.4,7.7,97.4,1010.5,84.6,4.4,128.6,11.0,6.0
13.082,80.275,2023-11-05,27.9,39.1,25.5,25.5,86.8,0.0,0,0.0,12.2,6.6,90.1,1011.8,68.6,4.6,129.0,11.2,6.0
13.082,80.275,2023-11-06,28.2,40.6,25.7,25.5,85.4,2.232,100,4.17,14.8,6.6,51.3,1013.2,60.3,4.9,151.3,13.2,7.0
13.082,80.275,2023-11-07,27.8,39.1,25.8,25.4,87.3,2.729,100,12.5,14.5,8.3,32.0,1012.8,79.9,4.7,159.3,13.8,7.0
13.082,80.275,2023-11-08,28.0,38.9,25.6,25.4,85.6,8.994,100,8.33,12.2,7.4,21.0,1012.3,72.2,3.8,121.5,10.4,5.0
13.082,80.275,2023-11-09,27.1,37.7,25.2,25.2,89.3,16.947,100,20.83,17.2,6.9,2.8,1012.9,83.1,3.3,146.1,12.6,6.0
13.082,80.275,2023-11-10,27.8,40.6,25.0,25.1,85.5,0.0,0,0.0,15.9,6.8,41.1,1014.0,68.7,3.3,203.0,17.5,8.0
13.082,80.275,2023-11-11,27.7,36.5,24.8,23.4,78.2,0.0,0,0.0,20.8,10.2,46.6,1014.0,51.5,3.8,215.5,18.6,8.0
13.082,80.275,2023-11-12,28.0,37.4,24.7,23.7,78.4,0.0,0,0.0,18.4,8.2,55.2,1013.9,49.8,3.1,227.4,19.8,8.0
13.082,80.275,2023-11-13,27.8,37.9,24.8,24.2,81.4,9.777,100,8.33,18.3,9.5,31.2,1013.1,61.4,2.8,177.8,15.3,7.0
13.082,80.275,2023-11-14,24.9,26.0,24.0,23.9,94.2,102.856,100,29.17,13.3,7.1,13.4,1012.8,91.3,2.5,33.1,2.8,1.0
13.082,80.275,2023-11-15,25.1,26.0,24.0,23.9,93.5,28.88,100,20.83,11.0,7.6,2.5,1012.2,87.3,3.0,43.2,3.8,2.0
13.082,80.275,2023-11-16,27.2,37.4,24.4,24.4,85.2,0.0,0,0.0,13.4,7.1,34.1,1012.4,71.5,3.2,151.0,13.0,6.0
13.082,80.275,2023-11-17,28.1,39.1,25.1,25.1,83.9,0.0,0,0.0,19.5,8.2,49.6,1012.8,56.3,4.4,187.9,16.0,7.0
13.082,80.275,2023-11-18,28.1,39.1,25.6,25.0,83.8,0.149,100,4.17,15.8,9.6,11.0,1012.4,57.3,5.2,180.9,15.7,6.0
13.082,80.275,2023-11-19,27.6,36.5,24.6,23.8,80.6,3.0,100,4.17,18.4,9.4,7.4,1012.5,49.6,5.3,196.8,17.0,8.0
13.082,80.275,2023-11-20,26.4,34.5,25.7,24.3,88.8,7.976,100,12.5,14.8,7.2,351.7,1011.9,86.0,3.7,39.9,3.3,2.0
13.082,80.275,2023-11-21,25.9,30.6,25.1,24.6,92.6,66.896,100,25.0,12.3,6.8,58.2,1011.3,91.4,3.1,106.7,9.2,5.0
13.082,80.275,2023-11-22,26.2,33.6,25.0,24.7,92.0,44.76,100,20.83,9.9,5.2,86.0,1011.6,85.9,3.3,106.4,9.3,4.0
13.082,80.275,2023-11-23,26.5,37.4,24.0,24.7,90.0,23.832,100,12.5,12.2,5.5,32.2,1011.2,82.2,4.2,155.7,13.4,6.0
13.082,80.275,2023-11-24,27.9,40.6,25.4,25.4,86.4,4.515,100,8.33,14.5,6.7,67.8,1011.6,76.3,5.1,160.7,14.0,6.0
13.082,80.275,2023-11-25,27.1,40.6,25.0,24.9,88.2,37.684,100,12.5,14.5,7.5,28.0,1013.0,84.6,3.3,159.0,13.7,6.0
13.082,80.275,2023-11-26,27.1,37.4,24.0,24.6,86.7,11.792,100,8.33,20.8,9.5,45.3,1013.8,86.0,3.7,172.5,14.9,7.0
13.082,80.275,2023-11-27,27.1,38.1,24.0,24.8,87.8,18.711,100,16.67,18.3,7.6,60.7,1012.3,86.8,4.1,181.9,15.6,7.0
13.082,80.275,2023-11-28,27.5,38.8,25.0,25.0,86.1,10.788,100,4.17,17.2,8.7,45.9,1011.5,85.8,4.3,144.1,12.5,6.0
13.082,80.275,2023-11-29,25.7,33.6,24.0,24.2,92.0,106.16,100,25.0,12.2,5.6,15.7,1012.1,88.4,3.1,120.4,10.4,4.0
13.082,80.275,2023-11-30,25.3,33.6,23.7,23.9,92.2,59.648,100,16.67,15.9,6.5,43.6,1012.8,90.2,3.9,69.0,6.1,3.0
13.082,80.275,2023-12-01,26.8,36.8,24.5,24.7,88.6,7.952,100,8.33,18.4,9.0,17.0,1011.3,87.0,3.4,69.8,5.9,3.0
13.082,80.275,2023-12-02,26.5,35.6,24.0,24.6,89.6,34.536,100,20.83,19.6,10.3,23.9,1009.4,89.6,3.2,105.4,9.0,4.0
13.082,80.275,2023-12-03,25.2,31.6,24.0,24.3,94.4,107.28,100,33.33,17.1,12.2,357.4,1007.1,95.2,2.5,47.8,4.2,3.0
13.082,80.275,2023-12-04,24.1,25.0,23.4,23.0,93.5,430.217,100,33.33,46.4,30.2,294.2,1000.4,100.0,1.8,17.2,1.6,1.0
13.082,80.275,2023-12-05,27.4,37.7,24.0,24.5,84.5,10.696,100,8.33,18.4,9.8,227.7,1005.7,88.8,4.3,128.2,10.9,5.0
13.082,80.275,2023-12-06,28.7,44.2,26.0,26.4,87.2,0.0,0,0.0,13.0,7.8,163.5,1008.5,82.9,4.3,186.7,16.2,6.0
13.082,80.275,2023-12-07,27.7,40.6,26.0,25.6,88.9,0.256,100,4.17,16.6,5.3,77.6,1010.4,67.0,4.0,178.0,15.2,6.0
13.082,80.275,2023-12-08,27.2,35.8,25.7,24.9,87.6,3.72,100,8.33,14.8,6.7,31.4,1011.3,81.1,3.8,171.4,14.7,6.0
13.082,80.275,2023-12-09,27.3,37.4,24.9,24.6,85.5,0.0,0,0.0,16.6,7.4,34.7,1012.2,67.8,3.2,174.1,14.9,6.0
13.082,80.275,2023-12-10,27.2,35.6,25.7,24.2,83.7,0.0,0,0.0,18.4,8.0,41.5,1011.6,68.3,3.8,202.9,17.4,7.0
13.082,80.275,2023-12-11,26.7,34.5,24.1,23.5,82.5,0.149,100,4.17,14.8,6.9,50.8,1012.1,58.7,4.0,150.2,12.9,5.0
13.082,80.275,2023-12-12,26.1,34.5,23.2,22.5,81.2,0.0,0,0.0,18.4,6.6,67.1,1011.6,49.4,4.3,170.6,14.9,6.0
13.082,80.275,2023-12-13,26.0,32.7,23.0,22.1,79.7,0.0,0,0.0,24.1,9.3,55.9,1012.3,52.9,4.3,161.4,13.9,6.0
13.082,80.275,2023-12-14,26.4,32.7,23.9,21.8,76.2,0.0,0,0.0,22.3,9.9,44.5,1013.3,61.8,4.1,163.3,14.2,7.0
13.082,80.275,2023-12-15,25.6,30.1,25.0,23.4,87.5,9.256,100,12.5,11.2,6.5,24.9,1013.5,85.2,3.0,57.4,4.9,2.0
13.082,80.275,2023-12-16,26.8,34.5,24.8,24.2,86.0,2.976,100,4.17,22.3,10.1,53.7,1012.7,82.4,4.0,141.5,12.2,5.0
13.082,80.275,2023-12-17,27.4,35.1,26.0,23.5,79.7,0.0,0,0.0,27.7,14.1,64.8,1012.5,76.8,4.7,155.1,13.4,6.0
13.082,80.275,2023-12-18,27.0,32.7,25.0,22.3,75.7,0.0,0,0.0,25.9,14.9,61.6,1013.6,65.1,5.0,163.1,14.2,6.0
13.082,80.275,2023-12-19,26.9,32.0,24.8,21.7,73.5,0.0,0,0.0,20.5,12.2,43.4,1014.1,52.7,4.6,211.1,18.2,8.0
13.082,80.275,2023-12-20,26.7,32.7,25.0,22.4,77.7,0.0,0,0.0,18.4,10.4,37.4,1013.8,65.4,3.9,198.3,17.0,7.0
13.082,80.275,2023-12-21,26.4,32.7,24.2,22.5,79.7,0.0,0,0.0,20.5,8.9,36.6,1013.7,73.5,3.5,209.8,18.1,7.0
13.082,80.275,2023-12-22,25.2,32.7,22.3,20.9,77.9,0.0,0,0.0,16.6,7.8,37.2,1014.0,51.8,3.7,199.0,17.3,7.0
13.082,80.275,2023-12-23,25.0,31.4,21.0,20.1,75.2,0.0,0,0.0,14.8,6.7,38.6,1014.8,51.0,4.2,186.8,16.1,7.0
13.082,80.275,2023-12-24,25.8,31.3,23.7,22.2,80.5,0.0,0,0.0,22.3,10.6,23.2,1015.7,68.2,3.8,150.6,13.0,6.0
13.082,80.275,2023-12-25,26.5,34.5,25.0,23.5,83.9,0.4,100,4.17,22.0,12.6,37.6,1015.0,80.7,4.8,146.3,12.7,6.0
13.082,80.275,2023-12-26,26.1,33.6,23.0,22.3,80.1,0.0,0,0.0,22.3,10.8,29.9,1015.1,55.8,6.9,189.5,16.4,7.0
13.082,80.275,2023-12-27,26.4,34.1,23.0,22.2,78.6,0.0,0,0.0,20.5,10.6,26.8,1015.6,51.6,5.0,206.0,17.8,8.0
13.082,80.275,2023-12-28,26.8,35.1,24.8,23.0,79.8,0.0,0,0.0,18.4,11.3,35.9,1014.4,63.3,4.8,166.9,14.4,7.0
13.082,80.275,2023-12-29,26.6,33.6,24.4,23.0,80.7,0.0,0,0.0,18.4,10.3,37.5,1014.5,64.8,4.9,170.6,14.9,6.0
13.082,80.275,2023-12-30,26.5,34.1,23.5,21.9,76.3,0.0,0,0.0,16.6,9.0,45.0,1014.3,51.6,4.9,214.5,18.6,7.0
13.082,80.275,2023-12-31,25.7,32.0,22.0,21.2,76.9,0.0,0,0.0,18.4,7.2,51.0,1013.7,51.2,4.3,200.1,17.3,7.0
